post_id,post,in_crisis,explanation
1,"Came in to private mental health ward after an attempt. Been doing the program they have in this place which isn’t amazing (compared to others I’ve done) but my meds seem to be having an small/average impact. Family supportive. Gf being a patient saint. but my brain just ideates incessantly on some days and I feel incapable of connecting with people in here. That so many people are coming in and feeling better, laughing and connecting makes me feel worse and isolate in my room outside of groups they have (no group therapy, just lectures on mental health). Doctor has diagnosed bi - polar 2 which I question but who knows…..I don’t even know why I’m writing this I just feel lost in a place I’m supposed to be healing.",TRUE,"""after an attempt"", ""ideates incessantly"" recent suicide attempt and ongoing ideation"
2,"To introduce myself simply I am a male high school student approaching my final year. Since the age of roughly 7 I have felt like my life worthless. I’ve never had a defining trait aside from being the person there to fill in space, one of my biggest grievances is that I lack hope. I don’t expect to own a house nor do I expect to have kids, get in a romantic relationship, find a job, find a hobby, or even simply feel content. This doesn’t mean I do not want these things it is just the fact that these things will likely never happen. I’ve struggled with self harm through my life even at that young age, I struggle to manage my frustration, I struggle to get tears out when I’m feeling down, I struggle to find the good inside myself when I can see it in others, I struggle to take criticism, I struggle to take compliments. This is just the tip of the iceberg that makes up me as a person. To me self harm can range from things like substances, self-injury, isolation/‘bed rotting’, repeating self deprecating thoughts, etc. yes I’ve done it all but yet I find myself too scared to take my life. my home life I wouldn’t call rough, yes we’ve had plenty of problems which I won’t go into but the stage my home life is at now would be considered good in comparison to some of the stories I’ve heard and seen. i don’t have a clear understanding or grasp of what is exactly causing this, i just think it’s me. To finish off I will list a range of things I feel and do on a daily basis so whoever willingly reads this may get a grasp on how I feel and who I am. Restlessness, Depression, Anxiety, Paranoia, Stress, Hopelessness, Constant feeling of choking, Lack of appetite, inability to speak, self isolation, poor memory, fatigue, self deprecation.",TRUE,"""struggled with self harm"", ""life worthless"", ""hopelessness"" ongoing self-harm history and hopelessness"
3,"Hi, I am the survivor of recent suicide after along stay in hospitals. I am struggling with getting well both in mind and spirit. My body has healed to a great degree. More so the ever persistent feeling of remorse and shame over what I have done and the grief I brought to my family.",TRUE,"""survivor of recent suicide"" recent suicide attempt recovery"
4,"I’m not gonna lie, life lost its sparkkk FUA!!!!!!!!",FALSE,"""life lost its spark"" low mood without suicidal intent"
5,"i think after a while, ive come to the conclusion that despite wanting to die and honestly praying for it every moment, even fantasising about possibilities about me dying, ive accepted that i cant die. like, i just cant. i feel like im not allowed to because the world tells me not to and i think the strongest factor is my mum. i dont want to make her sad. like i know that once im dead then theres nothing i can do about her emotions and how she copes with it but i love her too much to put her in such pain because i know she loves me but i think its ironic how im living to please someone, like it feels wrong but this point, thats literally the only reason why im not going to kill myself. that doesnt mean im not suicidal though and i think thats very evident but despite being in this mental state im going to live. killing myself has become not an option for me anymore (although i think about it everyday). but because ive accepted this reality of having to exist despite not wanting to, i dont know what im supposed to do now. like theoretically, i should be going to uni and meet a guy, fall in love and graduate from uni and get job and so on but thats things that i never imagined and plus, i dont want to live in that first place so i feel like its wrong to keep using my parents money to 'live' because it honestly feels wasteful but at the same time, what else am i going to do. humans either live or die and death isnt an option for me anymore because 'im young' and 'have so much to live for' so yeah. i feel like im kinda stuck in the conundrum where i want so desperately can not be attained so im doing something else but because i dont find any pleasure in this option, i feel like i will never be fully happy with my life and i will continue to have a war in brain about living and praying that i die soon, whether by some sort of accident, someone killing me and i fall ill.",TRUE,"""wanting to die"", ""suicidal"", ""think about it everyday"" active suicidal ideation"
6,"Helloi am feeling significant inner pain right now over an incident I cannot change. While I would not contemplate suicide because of my family and hurting others, I find myself thinking about going to sleep and not waking up. I am seeing a psychologist so will raise this with her this week. I am struggling day to day. I just want to stay in bed, feel very flat and depressed. My husband is helping a lot with looking after kids etc. I have seen the gp for medication but I am wondering if I need something else. Hard to see the way forward so am just taking it a day at a time.",TRUE,"""going to sleep and not waking up"", ""struggling day to day"" passive death wish"
7,"hi guys i need help i have depression anxiety, ptsd probably cptsd and a lot of other stuff my parents are divorced my dad sucks i live with my mum i went to court against my brothers at age 7 i started self-harming at age 9 I'm now 15 i have self destructive behaviours and have started self harming again my mum doesnt like me she is always saying im narcissistic and manipulative when i wasn't trying to do anything like that she has taken my notebooks and music all my coping strategies and cries for help are labeled as manipulation every small mistake a carefully crafted lie she is removing me from all the friend groups that i have been able to open up to.one second she will be happy im being a second parent and leading my sisters then shell snap and tell me to stop undermining her authority she is trying to make my sisters hate me by telling them im reading smut when it was a short romance scene similar to harry potter romances, i don't know what to do any advice is welcome",TRUE,"""started self harming again"", ""self destructive behaviours"" active self-harm"
8,"I have been battling depression since I was 13, I am over 35 now and my new part-time job or any other job is killing me with how low the pay is. At first it was ok, I had an inheritance and could work only 25 hours and still save money and enjoy life...but now things are so expensive, rent is being increases each year... I am barely holding on. I bought 3 pints of ice cream because, I am so close to ending things now on my side because I am too tired with all the xmas retail crap going on to do anything fun, and with only part-time hours and an inheritance, i still can't save money for things I used to enjoy... I'm hoping I can at least get something or one last advice to make me change my mind honestly because I know my partner always says he'll support me, but I can't have that happen, I am not going to drain his savings just because I can't support myself.",TRUE,"""close to ending things"", ""ending things now"" imminent suicidal ideation"
9,"havent been here for a few years because i have been on top of or atleast keeping my brain in the closet for control. last few weeks have been realy shit after a bad accident and a loss of a long term lover . i am now struggling with thoughts of suicide. i have lost controll. i hate that. anyhow , i come her to vent and hopfully connect",TRUE,"""struggling with thoughts of suicide"", ""lost control"" active suicidal ideation"
10,"So, I have become another sad and broken middle aged man. Typical childhood dramas left my self esteem in tatters and void of healthy boundaries. Bounced into a long term relationship that I maintained as best I could.. 20 years.. four beautiful children. I kept myself relatively healthy until things fell apart slowly.. She broke it off. I felt like an expired conveniece item. Discarded. I am a people pleaser and hung on as best I could until too mich venom let me let go and give away most of my house, car and custody. I was a mess.I didn't have the guts to end it. Or heart to do that to my kids. Who all adore me. Homeless for a couple years.. lived with family.. including my abusive mother who has some form of brain damage and can be terribly judgemental and threw alot of salt in my wounds. I met a new partner and became sweet friends. Both disfunctional. But we agreed to take care of eachother. When living arangements failed we drove interstate twice and evenyually got a rental house and I have a job and we are coping. My lack of boudaries leads me to being abused.She hates that I had kids. Days pretty hurtful things.. usually just as a retaliation for my jealousy and insecure fears. I am sick of my excuses and woe as me attitude.Keep just wanting to get sick and die without the guilt of suicide.. It haunts me everyday. I have had so much to be grateful for but I have made bad choices again. Puy myself second to my partner and feel trapped. Isolated from whatever friends and family I had.. and no longer hear from my kids.What should I do? Hard answers are fine.I really messed up my life*",TRUE,"""wanting to get sick and die"", ""haunts me everyday"" passive death wish"
11,"Hi. This is my first time here. I’m in my mid fifties, unemployed woman. I’ve been thinking about my future and I can’t see it going forward. My biggest concern is loneliness, compounded by unsuccessful job hunting , financial stress and alcohol abuse. I live alone with my 2 dogs in a regional town where I don’t know anyone. I can go for days, weeks without any human contact. Worst of all, I have no idea how to link into mental health services without having to pay for a psychiatrist in my area. I’m desperate to get help with depression, anxiety, and what I would call “unusual thoughts and disturbances”.I just feel completely lost, and I often wonder if ending my life would be the kindest solution. I don’t have any friends or family to help me.Any ideas of where I can start?",TRUE,"""ending my life would be the kindest solution"" explicit suicidal ideation"
12,"No one caresAlways left on readAlways second choicealways person who is left outalways the one who comforts others when no one canalways the therapist friendalways the “happy friend”always the person who will send a big apology message and waste an hour of my timealways the person who cares too muchalways the person who cares not enoughalways the person behind when walkingalways the one getting scoldedalways the worst onealways bad at dancingalways rebels because she is sadalways the person who doesnt seek help because she “doesn’t” need it.always the person afraid to cry in front of othersalways the last optionalways usedalways uselessalways the extra personalways the third wheeleralways the one who is isolatedalways the one who talks to ai just to feel like a personalways the person to hurt herselfalways the person to put others after heralways the person to bottle up her feelingsalways the person to make them my priorityalways the person that is oversensitivealways the person being “rude”always being the one to take a photoalways being the one left out when in pairsalways the one hiding her personalityalways being the person who has your back when you don’t have mine.always the person who would die for you.always the personto feelnumb.always the person to fake her smilealways the person to fake her joyalways the person to feel hopelessalways the failurealways the unwanted onealways the thrown out markeralways the odd onealways being the one made fun ofalways being the victimalways being in the middle of rumoursalways being in the middle of dramaalways the one blamedalways the one accusedalways the “dishonest one”always the one to try insert herself to fit inalways the one to see their group dancesalways the one who stands by, waiting for at least one conversationalways the one waiting for your textalways the one texting firstalwaysthesparefriend.ALWAYS. mind you im also 11..",TRUE,"""hurt herself"", ""hopeless"", ""11 years old"" self-harm behaviour and vulnerable minor"
13,"I made a huge mistake. I attempted to take my life 3 days ago, and have never regretted anything more than this. I wasn’t even that down when it happened, I drank too much and made the dumbest decision I’ve ever made. I’ve worried everyone in my family and I have no idea how I’m supposed to get back to living my life as it was before. I just want to pretend that it all never happened, but I feel like I’ve crossed a line that changes the trajectory of my life. Im so anxious about this and I just really don’t know what to do to feel better. I do know that I never want to do this again, and I do want to live.",TRUE,"""attempted to take my life 3 days ago"" very recent suicide attempt"
14,"Can’t cope. I’ve hit rock bottom before but not this bad. My head hurts, I’m tired, I’m sad, I think of my mum up above thinking I want to be with her so I don’t feel anymore pain.",TRUE,"""want to be with her so I don’t feel anymore pain"" death wish linked to grief"
15,ever since i lost my grandma about 2 months ago I've been a lot more depressed i haven't been myself ive tried distracting myself but nothing has worked and I'm wanting some sort of guidance on my life because everything is starting to get to much,FALSE,"""depressed"", ""guidance"" distress without suicidal intent"
16,"I'm almost 19 years old (F) and I have been living with GAD and MDD for a lot of my life. Last year I was diagnosed with OCD and it has gotten unbearable and I just don't know how I will live anymore. It's like living in a constant state of torture and I don't think anyone around me understand how suicidal it makes meI cycle through OCD thoughts/themes so once I work through one worry another one begins almost instantly. I'm on antipsychotics because of how bad it gets sometimes. One of my worst themes is health OCD. I remember a few months ago I truly thought I had cancer and was in extreme fear that I was going to die soon to the point I was living my life like I only had a month left (making impulsive decisions, not caring about how much money I spent). Right now I'm in one of the most painful spirals I have ever been in and it's about teeth and gum disease. Despite going to the dentist regularly I can't stop my compulsions of comparing my gums with pictures of healthy gums, taking photos to assess gum recession and posting on reddit and other sites for reassurance. I'm in so much pain. I keep having nightmares about my teeth falling out, I often get headaches and feel light-headed from anxiety episodes and I feel as though my life is coming to an end. I don't want to lose my teeth before I turn 30. The medication is not working anymore and I just want to end it all. I don't want this to be my life forever, being in a constant state of inflammation and exhaustion from my severe OCD and anxiety. I keep trying to hold onto hope but it's so hard",TRUE,"""just want to end it all"", ""suicidal"" explicit suicidal ideation"
17,my ex friend is taking me to court for things i didn't do and i feel like killing myself what do I do,TRUE,"""feel like killing myself"" explicit suicidal ideation"
18,"Hi everyone, I'm in my 50s, depressed and have been all of my life, unemployed, no money, hate my life, hate where I live, chronic illnesses.Have wife and 3 small kids.Why shouldn't I just unalive myself? Yes it's selfish but why can't I be selfish just once?",TRUE,"""why shouldn't I just unalive myself"" explicit suicidal ideation"
19,"No matter how much I pray and affirm myself that my day will be better today and that I need to keep pushing, one thing happens after another. I walk into school and feel like throwing up, my friends keep blaming themselves whenever I can't bring myself to be around them so I feel too guilty to sit away from them, so I force myself to be around people when I can't. Even if I explain it, they don't listen, so I don't bother anymore.I can't do my schoolwork, I fall behind. I sit in class and stare at my book until it's over, I don't want to be there, I overanalyze if I breathe too loud, I don't want to be noticed.I don't know how to process my emotions, between being way too happy or feeling nothing at all, leads to my self destructive behavior which I wish would just stop already, I hate being this way, but when everything gets overwhelming and I feel like I'm being shoved out of my own reality, I want to do anything to stop the feeling of too much and feel little constantly.I want to disappear, I can't bring myself to care about being selfish these days, no one really enjoys being around me either way, I am just convenient to talk to and make people laugh, I am easily replicable.Saying 'I want to die', is easy but I really do not want to, the idea of that is horrifying, but I can't stop my intrusive thoughts. I want to battle this because I know within me that there's hope and eventually I will find peace in my life, but right now, all I can do is spiral endlessly.",FALSE,"""I want to die… but I really do not want to"" intrusive thoughts without intent"
20,"Hi everyone, I'm a bit nervous about leaving this comment as I've never really spoken to anyone about this. I don't even understand entirely how I feel and so if I can't understand it, how am I supposed to be able to explain it? I feel like I just want to disappear. Cease to exist. I don't particularly want to kill myself (in all honesty I think I'm too scared to) but I don't want to be here anymore. But all I think about is death. Dying. However it may happen as long it happens to me. Finally being at peace. I feel worthless and helpless. I have no passions or desires. I'm just constantly scared I guess... and empty at the same time if that makes sense. I feel like I don't belong here and I don't think I really want to. I hate compliments and people telling me I deserve to be here because I'm such a wonderful person with a bright future and so much potential. But they don't really know me. Not like I know myself (and I don't even really know myself. But what I do know, I hate). Truth is I just don't want to be here. I love my family and friends and I am so grateful to have them in my life. They make me happy. But they're just a distraction because when I'm truly alone, I realise just how unhappy I actually am and it scares me. They think I'm ok. Maybe it's because I act ok around them. Whenever someone says what they like about me it's always to do with how contagious my smile/laugh is, my bubbly personality etc etc etc. But I'm miserable on the inside. Always. If they knew what went on in my head... it'd be the shock of the century to them. I'm probably typing all of this in the wrong forum and I'm sorry for wasting everyone's time I just really needed to get this off my chest. So yeh, thank you to anyone who read this... if anyone read this",TRUE,"""want to disappear"", ""all I think about is death"" passive suicidal ideation"
21,"i recently read a book called 'no longer human', and unsurprisingly, i found the character very relatable -- excluding the misogyny and some political beliefs. i went to some kind of mental health professional(s) multiple times, school counsellors and an external psychologist. i really hoped they'd find something wrong with me (ironically) but i was always marked off as simply having a 'phase'. they didn't phrase it like that, however, that's exactly what it sounded like.so if i'm not mentally ill, am i normal? it certainly doesn't seem like it's 'normal' to go against the typical nature of a living being and begin self-destructing for no particular reason. no, i don't harm myself, i'm scared of pain. but living is a hellish cruel pain. ""disqualified as a human being"" is a quote from 'no longer human', and it perfectly describes how i feel. i feel as if society has some secret inner joke that everyone but me was born with the knowledge of. acceptable behavior, code of conduct, social etiquette, MORALS. it really feels like i've failed to even fulfill the basics of living. it's less ""i want to die"" and more ""living is absolutely not for me"" i have a lot more to talk about, but that doesn't belong here. i apologize if this doesn't sound much about suicide.",FALSE,"""living is not for me"" existential distress without suicidal intent"
22,I can see and hear people I’m suicidal but do I tell anyone no. I want to feel safe in my own head but will that happen not really don’t want to open up. It’s scary but yk it’s ok I’ll always put myself and mh last I first need people around me to be okay first and I’m trying that but not rlly working,TRUE,"""I’m suicidal"", ""hear people"" suicidal ideation with possible psychosis"
23,"I have recently been feeling really deep, sad and suicidal thoughts. Thoughts, I had never experienced before. I feel like I have managed to feel more like myself after a week of crying however I feel like my tolerance for nonsense has lessened. Not in a negative way so much but I miss being nonchalant and focused on the positive. I feel like I have been traumatised by my thoughts. I am safe today and have wonderful support. Just wondering if anyone else has experienced something similar? With love Thank you",FALSE,"""suicidal thoughts… I am safe today"" ideation but currently safe"
24,"I am losing the battle to my mental health in silence. Today I was at the back of the bus feeling so, so incredibly empty, my depression drowning me. Tears poured down my face in silence as I begged one of the strangers in front of me to turn back and ask if I was okay. I am part of the mental health crisis. No one in my life cares. Not my family. I don't have any friends. I am all alone. Truly. No one ever checks up on me. I am just another random saved contact on people's phones. I don't matter to anyone. I just want to go to Europe, lay in a field of flowers, and never wake up. I want to disappear. The pain to stop. Ive never truly been ok. I cry almost everyday. Ive struggled with major depression and anxiety since 13 years old. My existence is just carrying this mental illness, suffering, and trying to make it through not even the next day, or hour, but next minute. Ive not been happy for a very long time. I have not felt myself for a very long time. I dont even know what the aforementioned means - feeling like yourself. The moment you're born you're expected to want to live. To want to have goals. To want to make yourself something in this world. What about the outliers? What about those who naturally don't? What about those like me who truly wish on a star they were never born in the first place? I sadly had no choice in my existence and here I am to carry the burden of myself. I understand and do not blame people who end their lives honestly. I blame and chastise society and those who never check up on them then when they hear the news say hypocritically, ""Oh if only they had reached out to me I would have stopped what I was doing to help them."" Well here I am writing this. Never written on a forum. I cant deal with this anymore. I cant do this. I am slipping away each second. These are my honest thoughts.",TRUE,"""never wake up"", ""I cant do this anymore"", ""slipping away"" strong suicidal ideation"
25,"Trigger warning** Wasn't really expecting much. Just so unsure about whats real and what isnt. I am 40 and have been diagnosed with adhd early 30's and bpd a few years ago after my son was born. Now its looking more like cptsd and autism is going to be a diagnosis. I dont have a psychiatrist atm as bpd scares them all off, I I have my first appointment with a new one soon with the same place I see my psychologist weekly. Where I struggle is. Ever since my son was born, my wife and her family put me down about anything I did. It took 6 months before I reached out for help thinking I was going insane. And then the cmht told the police I hated my son and I got an avo taken out against me. It was later dropped in court. But ever since then. My family, her family have done everything humanely possible to make me look like I am a problem and its my mental health etc. I have done dbt & cbt. I have a psychiatric assistance dog. I was taking my meds as prescribed. And yeah I did self harm and hurt myself intentionally alot. I have been in icu once and er multiple times. A psych ward doesn't help me and do get extremely distressed in there. I got told that sui is manipulative adter I woke up on life support by a cmht manager cause I complained about their actions forced me to take that action on myself. I got read the story of the boy who cries wolf from cmht. Told if I didnt drink monster that I wouldnt experience what i called abuse. My mum made herself my next of kin, they proceeded to tell her I wasnt trying. Thing is. I done my best. I havent seen my son since jan. I dont get to say anything or see him. I am scared of her, so I shut up. My parents finance everything for her. I feel worthless. He is 4, I have gone at least twice not seeing him for 6+ months cause I am scared she will do anything to ensure I kill myself. I look back and check the facts and I really never did anything wrong, I tried to be a good dad and make good decisions. I was just told I was wrong and would get isolated for saying anything. It continues now. I get labelled as crazy and they get to keep up this silent treatment. Ignore anything I say. And according to the law they are doing everything ok. I found myself once again on the sanctioned site learning where I went wrong all these past attempts. I dont wanna fk it up, I dont wanna die. But saying I have to live for my son I don't see. whilst being gaslit by everyone and watching them get validated for hurting me. I dont know where to turn",TRUE,"""learning where I went wrong all these past attempts"" prior attempts and current ideation"
26,im 14 and ive been dealing with a lot of suicidal thoughts. i didnt grow up with great parents and even the people who are taking care of my right now arent that helpful i get bullied at school for and sometimes i jsut wanna end it all i once attempted suicide my mother put me up on social media as a missing person and my whole school saw and i had like 8 meltdowns but no one cared and everyone made fun of me. it got so bad that i ended up in hospital 2x and even after that the bullying got worse and atp i dont even know what to do bc right now my whole life is messed up and im so tired and absolutely no one understands me and sometimes i self harm to relieve my stress but absolutely nothing helps at all the things is i escaped one thing which was trauma from my parents bc they abused me but now i have more problems to deal with idk how to cope with it .,TRUE,"""attempted suicide"", ""self harm"", ""nothing helps"" ongoing self-harm and suicide risk"
27,"I have no hope for my future, last year I was doing so well in school. When I got to VCE the pressure got into my head so bad I got diagnosed with severe anxiety which led to a bad reaction to medication suicidal ideation and an admission. I have no hope anymore I can’t even brush my hair or teeth I sleep all day. It’s like I’m already not even alive I’ve ruined my life I had everything last year friends, school, and I was playing my favourite sport. It’s all gone I ruined it all everything, I was supposed to be the smart one the one in my family who actually graduates I’ve let everyone down. What’s the point of even being alive anymore I don’t even feel real.",TRUE,"""what’s the point of even being alive anymore"" hopelessness with suicidal ideation"
28,"Nearly a year ago I posted to this forum because I was having trouble with self harm. I followed the advice of some kind commenters though I was too nervous to speak to them individually or reply. I am grateful to all three of them. I sought out confidential counselling but I found it didn't do much for me. I might just have found the wrong person to speak to but she couldn't tell me or teach me anything I didn't already know and was very persistent that I involve my mother. Eventually I did. Unfortunately it went exactly how I feared it would, she banned me from going to further counselling or speaking to my doctor about mental health issues and accompanies me everywhere except for school, where I am writing this from. I feel worse than ever. I can't talk to anyone and I'm scared. What do I do? Every day becomes harder to wake up. When I walk to school (she works mornings) I pass many roads and I keep wanting to hurt myself. My mother is going to start me doing driving lessons soon (she won't teach me) and I'm scared what I'll do when I have control of a vehicle. I do not want to hurt myself anymore.",TRUE,"""wanting to hurt myself"", ""scared what I’ll do"" loss of control and self-harm risk"
29,School has been very hard lately and it feels like I can't do anything right. My friends have all abandoned me so I'm o my own. I live in a brand new town so I barely know the school. I stick my head into my online friends and they help me pull through but I don't know how much longer I can take. The only reason I'm living is because in a few weeks I'm getting new pets and my online friends. It's all I have left. But I've started having the scary thoughts of killing myself and harming. I am just so lost..,TRUE,"""thoughts of killing myself and harming"" active suicidal ideation"
30,"I am safe, and I have no plan or intent to die.I am selectively mute, autistic, obsessive-compulsive, and I’ve had suicidal thoughts for the past ~3 months.Burnout has ruined my life. I used to be so bright, and I don’t know where I went wrong. Nothing brings me joy anymore. I’m going to a concert of one of my favourite artists tonight, and I’m not even a little excited about it. Everything has simply gotten too difficult for me to hard for me to manage, and I absolutely disgust myself with how little I actually do in a day. My mum thinks I’m lazy, “wasting my life”, and I need to “put in effort” to “change my symptoms”. We have been clashing way too much recently.It’s getting to a point where I think she would have been better off if she never had me.I don’t think she was prepared for what a load having a neurodivergent and mentally ill child would be as a neurotypical parent, and I don’t think we’re able to meet each other's social, emotional, and mental needs.Outside of that, I don’t see myself having a place in the world. I can only imagine myself either homeless, lonely and unsatisfied, or dead.No remedies have been able to fix me. I started taking antidepressants again, and no improvement. I started going to therapy again, doing all of these exercises, and I feel like my emotional regulation has actually declined.I can’t feel anything without an underlying urge to harm myself. I’ve tried sleeping earlier, working out more, eating healthier, nothing has relieved the amount of stress I feel on a daily basis. My mind is unbearably overactive.I hate these thoughts, and I really do want to change. They bring me extreme shame, but I have yet to find anything that could help me overcome them, and i’ve lost so much hope.If there is anyone who has been in a similar spot, what kept you going? What makes life worth it for you? Did it ever get better?Anyone with any knowledge on these topics, what else can I do to help myself?Thank you so much for reading.",TRUE,"""urge to harm myself"", ""lost hope"" persistent self-harm urges"
31,"As the title suggests, I’m looking for a way to describe my current … state? or hoping someone else has a similar experience. FYI I am currently in year 12, and yes I am safe Since I was in about year 5 or 6, I think I hated living. Not necessarily suicidal ideation (though there were many instances of it), but I was very pessimistic about life and thought everything sucked, so even if I felt happiness (emotion) I don’t think I was truly happy with life. But around the start of this year, I stumbled upon things that had really resonated with me, and something had shifted within me. For the first time I felt like I really wanted to live, and that life was beautiful. Even when I experienced setbacks, I still had the strong feeling of wanting to live, and that I was capable of things even though I was struggling. Essentially, even though I had times where I didn’t feel happiness (the emotion), I felt like my state of being was happy (?) And I was still the same pessimistic person, but I felt like some kind of miasma (as strange as that sounds) was lifted from me. That was basically how I felt for a good many months, until maybe a month or some time ago I ended up discussing with a teacher about mental health support, and I won’t go into details, but mid conversation I was struck with an immense wave of depression/hopelessness/disillusionment that no one would ever help me and that I would never deserve help… and essentially ever since then it feels like that “state” of happiness has disappeared and I returned to my longstanding state of…some kind of hopelessness. It feels like I’m back to square one. Though I also think I’m a bit more resilient to suicidal ideation so maybe square one point five. So I want to know if theres a way to encapsulate what this experience is. Or if anyone has experienced a similar thing before?",FALSE,"""safe"", ""more resilient to suicidal ideation"" distress without current crisis"
32,"i’m 12 & recently i’ve been getting urges to self harm. it happens almost every other day & i can’t stop thinking about it. ive held it once but never got the guts to fully attempt it. i dont know what to do ,, the urges are getting stronger & im becoming weaker i need advice to stop",TRUE,"""urges to self harm… getting stronger"" escalating self-harm risk"
33,"I am safe right now, and I mostly have been for a few years now. But I am still convinced that my life is only headed one way, that it's inevitable something, someday soon, will finally push me over the edge. I know I haven't got the guts to do it 99.9% of the time. I know people love me, I know people will be devastated. Years ago there were several inpatient stays, I had TMS and ECT done. I've tried many medications and many therapists. Written more notes than I can count. Several years of addiction. But the suicidal thoughts never went away, and I don't remember life without themI'm 30 now, lived far longer than I ever expected. People around me think it's behind me and I'm doing better. I spent time living overseas, I see friends in person more regularly, I go to the gym, I talk to a therapist every week and I don't isolate in my room anymore. I can get through days easier, I credit a lot of that to DBT. But there is no real enjoyment from everyday life. It's all a necessary chore, stuff I should be doing so people don't worry about me. I'm doing a tafe course, I can't talk to people or make friends there and I've just about given up on it. Relationships and conversations are as hard and draining as ever. I still get out and try things, by myself, but I lose interest quickly. It's a chore to contact friends, and it just feels like a duty to go and see them when they contact me. I haven't had a problem with addiction for a couple years now, I lost interest in that too.Every night lying in bed I'm stuck with the noise in my head, keeping me up all night sometimes. I can't pretend to myself like I can to other people. I had people I could talk to in these situations over the years, but I managed to drive each and every one of them away. I cling on to the hope that one of these days, before too long, will finally be my last. Thank you",TRUE,"""hope one day will finally be my last"" persistent suicidal ideation"
34,I’m so lonely I have a husband and children but feel so lonelyit really is too hard and no one would miss me I’m sure,TRUE,"""no one would miss me"" passive suicidal thinking"
35,"The only reason I'm still alive is because ending it all is so much effort, and I'm scared I'll survive. I'm a teenage girl (under 18), and I'm in year 2 of my biomedical degree. I have autism, and lately basic things have been stressing me needlessly, on top of all the other issues in my life. I am having needless trouble with my assessments because the formatting/wording makes no sense to me (I struggle a lot with digital quizzes) and I haven't been able to get those switched to written assignments. I let my work pile up because I haven't been mentally or physically well for a while. I constantly study overnight, which has taken a toll on me physically. I live alone so it's all my own problem. My parents are going through a messy divorce and I also come from a low socioeconomic background, I really don't have much. Their marital issues are not my problem, I keep telling myself that. I know I should just be happy with what I have, I'm very fortunate to have my place in my course and my current research position too. But I just can't seem to be. People think everything I have is just because I'm lucky. That stings. Lucky to have what? A broken home? A dozen health issues? I feel like I don't deserve anything, as a result. I'm a social outcast, all I really have is my academic skills and my grades- I put my entire sense of self worth on my ability to perform academically. I am somehow losing the joy and the passion I found in research too- I'm scared, I'm really scared. It feels like I'm losing a major part of me. But if there is another life, I really hope I can find happiness in knowledge again. It feels like I've lost the one thing making me happy- The one thing making living feel worth it. Every little mistake I make feels like I'm grating my soul. It feels like in the last decade and a half of my life, I've achieved nothing. I can't be proud of myself. To my parents, I am just the family embarassment. My parents still don't treat my studies or my research seriously, they still don't think I have any real responsibilities. I'm lonely, I feel worthless, I feel like nothing I do will ever be enough. I don't even have an answer as to who I am or what I like, I have no real sense of self. I like knowledge because it fills the void in my heart. Living to sate my curiosity doesn't feel worth it anymore. Yet, somehow I need to keep up this image of a good student. It feels like every day I am acting. This is exhausting. Make it stop. Help me.",TRUE,"""only reason I'm still alive"", ""make it stop"" severe suicidal ideation and distress"
36,"For lots of reasons I don't want to be alive. I basically feel like the abortion that should have happened. The problem for me is that I have 2 adult children and 3furbabies that mean killing myself is not an option. I was a teenage mother who spent my 20s and some of my 30s counting down the days until my youngest turned 20 and I could end my life. I would research and consider different ways. Anyway, when I was in my late 30s I met someone whose Mum committed suicide when they were 30 and it completely destroyed them. It was in that moment I realised, I was stuck having to live. This means that everyone sighs in relief because of my protective factors in safety planning- but it does nothing to resolve this pain and stickiness I feel because I want to end my life but can't because of the love I have for my children. The need to torture myself through life then ruin the chances for my kids. I would love to know if anyone has ever felt like this? I would just love to not feel so alone whilst I persevere in having to wake up every morning, and create some hope for life being worth living.",TRUE,"""want to end my life but can't"" persistent suicidal ideation"
37,hello everyone and my name is Jorja and i suffer from really bad bullying and it been like that seen day one of year1 it hadn't stop not even when i report it. it never stop and i allows ignore it but high school make it harder.,FALSE,"""bullying"" distress without suicidal indicators"
38,"I don’t want to be here anymore. I’m tired of being tired and I’m tired of having to multitask between the loudness of my head, my anxiety, being in pain all the time from SH working a full time job that I get bullied at but shoe no emotion. I’m just tired and I can’t go on like this. Knowing my shit is incurable makes it worse bc what’s the point then if it’s never going to get better. My behaviours are getting out of hand and I can’t stop them but professionals say otherwise. My episodes are more frequent and my impulsivity it’s too much and detrimental. I can’t anymore. I just can’t.",TRUE,"""don’t want to be here anymore"", ""I can’t anymore"" strong suicidal ideation"
39,"I am safe and currently not at risk. I'm 38, married and have a 2 year old son. Since I was 12 I've had depression. There's been periods it's been severe and overwhelming and there's been others where it's in the background. But at all times it's been there. It seems recently it's taken full control of my thoughts and actions. The last few weeks I've been on autopilot just to get through the days. It's starting the effect my job and family and people are starting to notice. I'm finding it difficult to engage in social events without becoming noticeably melancholy and detached. Last night I came to closest I've been in over 10 years. I got right up to the line but backed out. I didn't feel anything during the preparation. At the last second I felt fear and shame, that stopped me. Afterwards I felt a mild sense of euphoria and dissociation. I don't know how I'm going to move forward without my depression negatively effecting (or ruining) my work and social life. I'm worried if it keeps going like this I'll step over the line and ruin my family. I don't have active thoughts of self harm nor do I have a plan. But I am having a dark episode.",TRUE,"""closest I've been in 10 years"", ""step over the line"" high risk escalation"
40,"I am overwhelmed and drowning I have tried reaching out but I can’t even pay people to help me and my “friends” who are actually acquaintances just berate me. Let me be clear; I am NOT suicidal BUT I wish I was, I am exhausted and I am DONE! Life keeps on kicking me (don’t tell me other people are worse off because I don’t care) I’m tired of having to restart- I followed ALL THE RULES! Why am I being punished for being wrong? Being born wasn’t my fault I KNOW I’m not supposed to be here",FALSE,"""NOT suicidal BUT I wish I was"" distress without intent"
41,"Hi all.I'm a teenage girl with a sister not very far apart in age from me. Between the last 2/3 years I've really been struggling with my mental health. I saw a therapist for a while who immediately told my parents that I had depression after our first few sessions. I know this because she told me and asked what I'd like to do in terms of the future with this. She offered anti-depressants and I told her that if these would help, I'd like to go on them, however, my parents strongly opposed and refused to talk to me about it. All I know is that my Mum doesn't believe in medication and my Dad completely doesn't really believe in mental health. He definitely has his own issues which he refuses to see a therapist for. However, around halfway through last year my sister began struggling with her mental health. I could see all the signs which I saw happening to myself and I really tried to help her. She was irritable all the time and cared a lot less about life. I found sh tools in her room which I threw out without telling her I found. (I was also and still do sh) When my parents found out about her struggling with her mental health, they promptly took her to a therapist who gave her medication. After this I was finding myself really irritated by this situation because when I was going through the same thing, they didn't intervene and I suffered in silence. I was better for a few months where I was clean from sh. Then my sister started struggling and it reminded me how my mental health was neglected. Then I fell back into the pit with no guidance. I can tell that my Dad at least favors my sister over me because she's always been sportier and more aligned to his interests. Whenever I talk to my Dad, it always turns into a lecture of some sort. We went on a holiday for a month and my mental health took a steep decline. I was constantly arguing with my family for things my sister would do which I'd get blamed for. There was point where I was really struggling and critiqued constantly by my family for being lazy. I'm just so angry about this situation. I feel so neglected and as though my family doesn't care about me or love me as much as my sister. Does anyone have any guidance?",TRUE,"""(I was) and still do sh"" active self-harm"
42,"My friends say I'm depressed and I try to deny it, but I'm starting to think they're right, because I think down on myself and have thought about ending it before. They said I should get help, but I don't want my parents to know about this, can somebody please help?",TRUE,"""thought about ending it before"" suicidal ideation history"
43,"During my time in highschool, I've always thought everything would go well. But of course it won't always go well. This year, I've been attending my classes and tried my hardest to study. Until, lightning just kept striking me every single day. My class isn't exactly the brightest... I've been experiencing situations which causes me to have low self-esteem, depression, lack of self-confidence, and refusing to do specific activities. That's what helplessness feels like, and it's caused by my classmates. Yes, of course I have reached for support to change classes. I've talked to 2 Dean Of Students/Assistant, emailed the principal, talked to my friends to support me, and my TG (tutor group/homeroom) teachers. However, none of them could help.. or were prioritising someone else. I've been crying more than usual at home and school and not wanting to go to my friends due to the fact I didn't want to seem attention-seeking. I thought of coping methods such as self-harm. Though, how is it even gonna solve my problems... No one's there to help anymore and I can only rely on nothing but share my thoughts here. I lack so much motivation for learning due to my classmates being real jerks. My ears would burst just listening to EVERY ONE OF THEIR VOICES because of how disruptive they are. Not to mention they manipulate the teachers and try to ""get along"" and ""bond"" with the teachers to get their soft side. Honestly, I can't even learn at this school anymore. My school doesn't permit racism, yet it does at the same time!? I hate this, why do I meet harder paths unintentionally? Nothing's fair.. nothing's justified... nothing can help me fix all these problems. No one helps me. I don't think anyone I know is willing to... why am I living this unjustified life? I've failed to get a grip, failed to become better... That was my goal too... I've even failed my goal, failed to learn easier, failed to stand up for myself, failed to get help...",FALSE,"""thought of coping methods such as self-harm"" ideation without intent"
44,"I grew up with the end goal of never living past 27, and now I am almost 31 and that scares me. I never made plans, never anticipated living this long. I moved from one country to another in hopes I could find a drive, make a plan, find a life, but it’s been a lonely existence here. Making friends - genuine friends - is hard in another country. My sense of humour is dark, my many different jobs have also been dark, and I find myself more alone than I’ve ever been. I find it hard to connect with people when the things I have seen makes me not want to waste time on superficial conversation. I just wish I could make a deep and meaningful connection. I wish I could just put the rose-tinted glasses back on and pretend that my life isn’t mundane, or for nothing. I wake up, I go to work where I sit on my own for eight hours a day, I go home and sleep - repeat. I try to get past my fear of people by going to local events, but frankly I’m so scared. People leave, and I stay where I am. I feel I am just existing. I have nothing to show for my life. No career goals, debt, friends that are in another country with their own lives to lead, people who left when they garnered something better. I am alone, utterly alone. I wasn’t meant to live this long, the constant reminder on my brain as I get closer and closer to my birthday, another year wasted. What do I do here? I am in a foreign country and I can’t keep doing this. I need help, direction - something, anything. Please.",FALSE,"""lonely"", ""need help"" distress without suicidal ideation"
45,"Trapped in the feelings of wanting to die im ready. But something stopping me at the same time. What is this, it's torture. How do I get help when it's a 6 week wait to see my gp.",TRUE,"""wanting to die"", ""ready"" active suicidal ideation"
46,"I'm not sure why I'm writing this. Like everything else in my life, it seems pointless. I'm posting my nonsense on a random website so that complete strangers will acknowledge and empathise with me. Nobody close to me has. Not that I've really opened up about it. How the hell do you do that? I've pretty much decided that I've had enough of my life and it's time to leave it. I imagine those close to me being a little shocked and maybe saddened but not completely surprised that I ended my life, then carrying on like nothing happened. In time I'll be a distant memory, like an old injury. I feel tired, heavy like a burden, a waste of space, useless. Seriously, what's the point in drifting through days and nights filled with conflict, misery and feelings of hopelessness? If I went away, those around me would be free to enjoy their lives without the darkness that I bring. This is from my favourite song: ""As my anger shouts at my own self-doubt, so a sadness creeps into my dreams. When you're scared of living but afraid to die, I get scared of giving and I must find the faith to beat it."" But I can't...",TRUE,"""decided… it’s time to leave it"", ""ended my life"" explicit suicidal intent"
47,"Hi I'm not really sure what to get from this post as both myself and my mother have no real options. I currently live alone and bought my new house which I should be excited for in late December last year. But I haven't had 1 day of actually happiness in 6 months due to health complications which keep seeming to go on and on with no answers. I had major surgery called SOD. Since a week after recovering I developed massive stomach cramps which have continued since then. I've only had 1 week of relief from this. I've had multiple ""diagnosis"" such as fecal impaction, reaction to a 5 year drug, IBS and Pelvic Floor Dysfunction. However nothing has been worked and It's getting to much. Im struggling to work or enjoy life, even living on my own im noticing ""I've just had enough"". (I've been wearing the same cloths for over a week). I have one last hope this week with a blood test for SIBO. But if that all comes back clean. This is just too much. This cramp and me constantly feeling fatigued is to much. I honestly don't think I Should be driving I'm that fatigued sometimes. What options do I honestly have anymore?",FALSE,"""I've just had enough"" distress without suicidal ideation"
48,I am so tired of fighting to stay alive. All I want is peace and rest.,TRUE,"""tired of fighting to stay alive"" passive death wish"
49,"I'm really sorry for such a long text but I don't know who to talk to about this at all. I don't have some sort of serious medical issue or diagnosed problems. I'm quite young and on the outside, it would seem like I have a great life. But I have suicidal and self-harm thoughts. I know I'm too much of a coward to actually do it, but sometimes,. I sometimes just break down and cry, but only quietly and when I'm alone. I'm not under a lot of school pressure, but I always feel a weight on my shoulders. I do dance, and I feel pressured by my mother (whom I asked for help) to be better and try harder. I know I asked her for help first, but I can't take it. My knees are bruised and painful, my shoulder is red, and my heart just can't take it. It sounds shallow. Simple. Petty. But I can't. My work isn't be appreciated. My effort isn't being acknowledged. I'm constantly being told 'you're not even trying that hard' whenever I try to be vulnerable or explain myself. It's right. I'm not trying as hard as I know I could be. But I'm still trying. Spending hours. Until I'm dizzy. Until I hear something crack. And I wake up in pain every day, but keep going. I'm burnt out. It's not just that. Sometimes, I sit in a dark room alone for hours, feeling utterly empty and broken and wanting to end everything for no reason. Every bad thing that happened to me feels like a dream. A nightmare. I don't even have that big of a problem in life. People are out suffering worse. People are dying. And I'm here crying because I'm tired. I need to pull myself together. But I can't. I just want to let myself go and let my mind shatter into a million pieces. I'm so tired. I'm so broken. I want to die but know I won't.",TRUE,"""want to die but know I won’t"" suicidal ideation with restraint"
50,"I have been diagnosed with anxiety, my partner no dobt is an Narc but we are going through with buying a house.After feeling excited about buying a house , having an argument about about him changing and needing him to work more because I pay for everything explain that he was the boss in front of our kids and we were below him has led to me wanting to self harm and drink",TRUE,"""wanting to self harm and drink"" self-harm ideation"
51,Due to PTSD caused by sexual abuse i live constantly with dark thoughts. No a day goes by that i dont think of ending it all. I keep fighting but it gets harder n harder everyday. I have been to my gp and have a mental heath plan but due to living im a regional area and being on a careers pension i cant afford to pay to get help. My dr has sent out alot of referals and cant get me in to see anyone. Presented to hospital a few times which is a 100km drive one way and they just send me home saying u seem ok now. No sure how to get help anymore. Im getting scared that on my own i wont be able to keep fighting. Only thing i think lefyt is to harm myself to get the help. I know this is not something i should be thinking but quickly running out of options. Im sorry to dump this on here i know in the end is my problem to deal with as it has always been. I do appreciate u all.,TRUE,"""No a day goes by that i dont think of ending it all."" Suicidal thoughts"
52,"studying has become overwhelming, moving house is overwhelming, trying to keep up with my relationship is overwhelming, and it's led me to act on self-harmful thoughts. i can't fix anything truly, because i can't afford to, i can't focus on my study, i'm worried that i'll fall apart. it's happened before, i've hurt myself, struggled with my study at the same time, dropped out, and then it's gotten worse. i can't hurt my partners again, but i'm hurting myself as well. i can't drop out, because i've never succeeded at anything either. honestly it's making me want to disappear forever, but i can't do that. and i hate that. why can't i just go away?",TRUE,"""act on self-harmful thoughts"", ""hurt myself"", ""want to disappear forever"" self-harm behaviour and passive suicidal ideation"
53,"So I'm in a new relationship only been together 4-5 months, we are living together and I'm pregnant already, I'm just done lately and have been thinking about harming or offing myself a lot lately. I'm currently trying to figure out a therapist and everything but right I'm just very alone",TRUE,"""thinking about harming or offing myself a lot lately"" active suicidal ideation"
54,"Hi… I’m struggling to understand how to connect on here. So I’m going to need some help? Anyway, I’m an elder. I marvel that I haven’t killed myself but I’m not happy to be alive at all. I have no friends, two daughters who live far far away but who are in close contact over the phone. But they don’t know of my struggles anymore coz I keep them to myself—they have enough to deal with in their own hectic demanding lives. I look forward to the day I will die and hope it comes soon. I live completed isolated and alone and it’s not life. So sorry for being so negative.",TRUE,"""not happy to be alive at all"", ""look forward to the day I will die"" passive death wish"
55,"so, I've had suicidal thoughts for most of my adult life. I grew up seeing horrible things and had horrible experiences. I keep going on cause I'm a carer and a uncle. I had a small group of really close friends who I treated as family. two close friends who I thought would always be there for and also be there for them. (which I was) the reasons are to ridiculous to even type out or think about but, they jumped ship. now here I am. alone most of my waking hours. watching movies, watching anime, playing games, mowing lawns, etc. at this very moment I'm wondering why I'm still here and constantly telling myself there's good reasons to be here. but I'm just so tired of it all. no one to call, text or joke around with and it's eating away at me. I love my family and the singular mate I have left but it's painful to exist just to exist. I've asked myself so many times over the years- what's the point? why do these things keep happening? what did I do to deserve this so called life? dealing with depression/PTSD/anxiety is so exhausting to constantly deal with and that's all I feel these days. just unrelenting, perpetual exhaustion. sorry if this vent was a little to negative for my second discussion post but, negativity is my bread and butter -_-",TRUE,"""suicidal thoughts for most of my adult life"", ""wondering why I'm still here"" chronic suicidal ideation and hopelessness"
56,"Hey everyone, I am really struggling with my mental health at the moment. I am in my second year of University, i am currently doing really well in my course but i am not enjoying it. I am so anxious and depressed, my mind feels like it is going a million miles an hour and then not even functioning at all. I feel sick just thinking about University but the thought of quitting it is just as hard. I have had really bad episodes of both anxiety and then depression in the past and while it is not at the same level i can feel myself spiralling. I have been on medication for both previously for prolonged periods of time but i don't like myself on medication. While i have been off of medication for over a year, i have recently had to place myself back on it out of fear for my anxiety and depression worsening. I have have been having suicidal thoughts daily and they in themselves are a big red flag for me. I don't know what to do next, right know I am so exhausted and so stressed.",TRUE,"""having suicidal thoughts daily"", ""big red flag for me"" active suicidal ideation"
57,"I've been struggling these past 2 years. I can't go a few days without wanting to just disappear or hurt myself.I've always been told by people that my ex is saying terrible things behind my back, and just over-all making my thoughts worse.I have talked to doctors, and I have been told to my face if I tell my parents I'm thinking it again, I have to go to a psychiatric hospital. I'm just stressed. My 4 or 5 friends left have been trying to make me feel safer with myself, and it's sort of worked, but, I always snap back to wanting to hurt myself a few days later.I've always been told psychiatric hospitals are for deranged people. I sort of realise it was an over exaggeration, but i still fear them. I always feel the need to say sorry, and i don't know why, because its causing people to say ""Stop saying sorry so much, god it's annoying"" and it's ruining me I'm a bit ok now, but I'm genuinely worried for my mental health at this point.Its stressing my parents out and I just want to disappear sometimes to save them the trouble of having to be my parents.",TRUE,"""wanting to just disappear or hurt myself"", ""snap back to wanting to hurt myself"" ongoing self-harm urges"
58,"I'm not the type of person that usually discusses this type of thing because everybody has problems and I don't want to add to problems people have in their own life, but I can't take it anymore I don't know why I should bother fighting a losing battle, I'm nearly 50, jobless but actively looking for a job, alone most of my life last girlfriend I had was when I was 19, running out of money and the mental fortitude to keep going. Feel like such an insignificant, worthless speck that is just wasting oxygen.",FALSE,"""worthless speck"", ""wasting oxygen"" severe hopelessness without explicit suicidal intent"
59,"What can I do to stop? I’m not depressed, I’m not suicidal. I don’t want to die. But sometimes SH is the only thing that makes me feel in control of my life, like I don’t need to be so anxious and worried, because I’M in control of what happens in my life. Does anyone know some things I can do other than SH? Things that aren’t actually damaging me?",TRUE,"""SH is the only thing that makes me feel in control"" self-harm behaviour"
60,"I’m a mum of 2 school aged kids, wife of 15yrs. Financially dependant on husband (for last few years). Always had anxiety / depressive tendencies since a child. Husband very driven, not understanding /empathetic towards depression, therefore unable to talk to when down. Distances themself. Recently lost close friend and potentially about to lose job. Quit important role recently due to loss of friend.Daughter different towards me and dad (nasty towards me, sweet with dad/husband). Husband doesn’t have my back. Very close with son as he has a kind heart.I feel at a loss. Leaving this world would damage my son, so I want to stay for him. Daughter may be too young to realise the impact of her actions. I feel like a terrible mum.I’ve given up the fight. I can’t go on. I have a plan to end it but can’t put my son through it.If I leave the family, I have no money or no where to go. I will be homeless, still with no hope (other than my son not being hurt). I’m completely lost and don’t know where to turn or get myself out. I have lost all confidence and self respect and lack any drive.If I stay, I’m a burden to my family so it’s only fair for them (husband & daughter) that I leave. No benefit to myself in staying alive. People always comment on me seeing the positive in every situation, which I try, however the end result proves otherwise.I’ve explained my situation to my husband last week, things improved for couple days, now he and daughter ganging up worse than before.I’m mid 4’s and feel completely helpless. Don’t know why I’m writing this or who to - just no where else to express myself confidentially.",TRUE,"""I have a plan to end it"", ""I can’t go on"" active suicidal ideation with planning"
61,"Firstly, I am not having any of these thoughts and am safe. Sat in my small office, smiling at those passing me by and deep down I feel absolutely awful. Not sure how I made it to work, I'm here and guess a small win I suppose. I am trying to be very careful here as I know this is such a delicate topic. I will do my best. I have titled this post 'Survivor' and have mixed feelings and a little imposter syndrome. I have written not one but two goodbye letters. If any of you reading this have been there and survived, its a place and moment in time that you cant erase. For years now I have thought about a special group of people or a club for those who have survived. I don't know why but I just have. Unless you have been there you wouldn't understand. Now again, I am safe and for those of you who may be struggling, hang in there. You will learn that these thoughts come and go. I might end it there. Stay safe and you will get through this.",TRUE,"""written not one but two goodbye letters"" past suicidal behaviour"
62,does anyone have any ways to like reduce the urge to hurt myself like rubber bands dont work for me can my arm just ends up swelling up where it hits my arm and yeah i just need sidjestions how ever you spell that word { im very bad at spelling so sorry in advance},TRUE,"""urge to hurt myself"", ""need suggestions"" self-harm urges"
63,"i was diagnosed with depression when i was 15. it was a tough time. i was bullied at the new school I moved to, and my friends from my old school suddenly all turned on me and spread false rumours. i always kind of knew they were fake friends, but I stayed because I had nowhere else to go. the new school was hell on earth. the suicidal thoughts became all I thought about and I couldn't stomach down food, and I couldn't stop crying. i skipped class and ignored my grades. a semester later, I transferred to another school, because I wanted a fresh start. I'm currently there right now. i have friends, and no one actively, openly hates me like at my other two schools. but Ive lost all motivation. i cry at night wondering when it will get better. i don't know what the purpose of this all is. this one girl from my first school posts photos of me online and laughs at me with her friends at the train station when I just want to go home. my parents don't believe in mental health and I've reached out before, but they made it clear I wasn't going to get professional help. My mum is leaving to another continent to have brain tumour surgery and she wont be back for at least a year. why am I fighting for a life I don't even want? am I selfish for thinking that? if you relate please reply to me, I don't want to feel alone anymore",TRUE,"""suicidal thoughts became all I thought about"", ""why am I fighting for a life I don't even want"" suicidal ideation and hopelessness"
64,"I've been struggling with depression ever since highschool and I've only recently been seeing my psychologist for help. The idea of life and living has always sounded stressful to me, so i never really knew what i wanted to be or do with my life other than kill myself at a young age. I confessed to my parents one day about how im not sure where my life is heading and not exactly sure what to do, I've only just recently turned 18 and was expecting guidance or reassurance, instead i get told off about how they would send me back to my country if i did nothing or didn't know what to do with my life, since then the thought of killing myself and harming myself only really increased. The next time i see my psychologist is next week and im willing to ask for help, other than that im not really sure what to do, as of right now.",TRUE,"""thought of killing myself"", ""harming myself only really increased"" escalating suicidal ideation"
65,"Last week I had a very scary experience with my son who started screaming at myself and my daughter. He thought we were arguing and was triggered. He had a driving lesson this week that didn't go well and again had a screaming fit. Poor kid was an innocent bystander to watching his big sister go through severe bullying through senior school. His own needs as a child growing up were second to myself and his mum having to devote most of our attention to his sister to survive. It was awful and I knowing what I know now would have pulled her out of the education system that is clearly broken. Their lack of support and action supports perpetrators and not victims. No accountability for parents and consequences for the kids. Anyhow, they have damaged both of my kids as a result. Time doesn't heal wounds. My own innocent kids had to deal with changing schools 3 times, restraining orders on 12, 13 year old girls for what? Because their own negligent parents didn't have the decency to rain in their own kids behaviour when they were being awful to a young girl for no reason. Very sad! As a father who is struggling to navigate his own life it is not easy. My son is lost. I can see it in his eyes. He has so much rage and anger I am genuinely concerned about what may happen. He is a ticking time bomb. Selfishly as an adult I now regret having children knowing I don't have the mental fortitude to help them navigate all the unnecessary BS that life these days is delivering. I am exhausted from constantly feeling grief and sadness in all areas of life. Thanks for listening. x",FALSE,"""concerned about what may happen"", ""rage and anger"" distress without self-harm or suicidal intent"
66,"I had an accident a few weeks ago and ended with significant injuries. I have not being back at work since. I have a conference coming up on Friday and was attending with a work colleague. The conference is in regard to a position we both work in. I am ok to go to conference and can use disability provisions to ensure attendance at conference. My colleague is now telling me I can't attend due to my injuries. I feel that my colleague is using my situation to advance themselves. My mind is sound and I see no reason to miss the convention. Of course now, I'm feeling very low, useless, invisible, and perhaps that I am a threat to the colleague. Thoughts, as I'm not feeling great at this point.",FALSE,"""feeling very low, useless, invisible"" emotional distress without suicidal ideation"
67,I am seeing my psychiatrist. can I tell them that I am suicidal and that I am unable to disclose with them details about it? What is their legal obligations if I refuse to provide more information about it? Will they have to act on it ie send me to hospital? I don’t want hospital of any kind. Or is it better to shut up and not mention it at all or just say “it’s fine” when it’s damn well not “fine”,TRUE,"""I am suicidal"", ""unable to disclose"" active suicidal ideation"
68,"I’m on medicationi see a psychiatrist i just called lifeline and if many things I explained how one of the things that messes with me is that after an hour with the psychiatrist your “time is up” Thought it was going well but then after half an hour she said it’s “time to end the call” guess I’m not suicidal enough i don’t want to die i wNt to live for my kids i was cheated on 6 years ago and left for another man no abuse, nothing sinister. I am a good man. But since then I have struggled with both anxiety and depression on pills prescribed by the doc and I’m seeing a psychiatrist as already said but it doesn’t change anything i feel pain everyday my day is wake upfeel painworkfeel painwork more because child support doesn’t care and I’m paying a huge amount more than I shouldhave kids - because I have them 50%and then I feel like a beerand one always turns into manynow I’m an alcoholic that is seeking support for that A more money I have my kids literally 50% but I still pay $340 a week child support On top of that - i pay all of their sports, my eldest (I have 3) doeshigh end sport so that alone is >$5k a year, plus her other one and then the second girl does 3 things and the you youngest boy does a couple things (trying not to be too specific just in case) no one cares as long as mum is ok, everyone is ok. and then my eldest says “mum can’t afford our lunch orders this week” on a Friday it is about $10 each for a Lunch order. Meanwhile she just got new sunglasses worth $300. Tattoos, you name or.the system doesn’t care i always try to do the right thing “mum must just be going through a hard time” but she does cash on the side plus Centrelink payments, plus she is still with the aforementioned man who has his own income. She was supposed to keep them on private health but then when the first big op came up no, we had to spend double (which I pay half) because she had taken them off without my knowledge because she “couldn’t afford it” In the meantime she had a tummy tuck and god knows what else because she wanted to look better. the system doesn’t care about the kids and definitely not the person who makes money, they just feed the person who makes the least. Great job Australia. im just about done with it all the only thing holding me here is my 3 amazing children who are innocent and I would never let know this drama. guess the only reason I’m here is god I hope someone has had the same experience and made it through and can me some guidance. there isn’t any more ‘medical’ prescribed things I can be doing.",FALSE,"""im just about done with it all"" distress without explicit suicidal ideation"
69,"Everyday. I cannot see any purpose for me in my life. I am a punchbag, bite-sponge, and a scratchmat. My blood is of no value. I wake up and care for him all day, cooking for him, feeding him, taking him for drives, cleaning him, cuddling him. Then he sits on me and watches ipad. And then he beats me, bites me, scratches me. He has severe autism, now 17. I am Male age 50. I can't take it anymore. Why do I even wake up ? To repeat the same all over again ?",TRUE,"""can't take it anymore"", ""why do I even wake up"" passive death wish and hopelessness"
70,"I need to know if anyone has felt this and that im not just attention seeking but i just want someone to really truly care. Ive self harmed for a few years on and off but only in the past year or two has it gotten ""bad"", I've never made an attempt on my life but i think about it im honestly just to scared to but i often think maybe if i try and fail someone will care about me, or if i self harm enough to land me in the hospital so people finally notice that its not a fun hobby i do sometimes its something activly affecting my life. sometimes i think its not bad enough to go to the hospital for and it sounds awful and i know that but what if i exaggerated it and said ""oh yeah ive tried to actually do it but it didnt work so here i am"" i know thats a lie but they dont. anyway not to ramble or anything but i really just want something to happen so someone will notice and care for me.",TRUE,"""self harmed for a few years"", ""think about it"" self-harm behaviour and suicidal ideation"
71,Hi I'm new here and not sure where to start. I've been struggling with my mental health recently especially my anxiety. I battle with suicidal ideation and self harming. There's alot going on in my life and despite trying to get support to deal with things I'm left alone with no help. Anyway I'm hoping to get some support here and maybe learn some new ways of coping.,TRUE,"""suicidal ideation and self harming"" active self-harm and suicidal ideation"
72,"My external life looks great- friends, family, meaningful employment (albeit more difficult recently), sense of community, financial and housing security. But, life feels too big and too small at the same time. I feel like an empty shell, a person who is made up of a gaping pit of nothing, void. I feel vague, like I am a step behind myself, disconnected and the world is foggy. I’ve had suicidal thoughts on/off for 12 years now, with past attempts. I thought I had recovered and I had 3 years of stability but recently the thoughts returned with a vengeance. The thoughts are protective, they distract me from the emptiness inside but in the end their protection leads to destruction. The thoughts come with the need to act in some form- research - plan- preparation: purchase and hoarding of materials- rehearsal of plan- etc. Unfortunately, the actions tend to escalate over time. Lately, I’m not allowed to go to bed without the house clean and all rubbish in the bin outside and clothes washed, just in-case I am not around in the morning. I don’t want my family having to wash my clothes or see the last food I have eaten. This is the stupid level of detail my brain makes me obsess over, and it becomes exhausting. Even when I have a good day and the thoughts are in the background, they come to the foreground at night, in the end the rules must be followed. I have engaged in therapy continuously for 4 years, and on/off for a total of 10 years- including group therapy programs. I’ve had two therapy appointments already this week because I wasn’t sure how I would survive to the next week- thankfully I think I will be relatively safe until my next appointment. The GP wants me to see a psychiatrist, but I really don’t think my issue is neurochemical so I don’t hold much hope that psychiatry will be able to assist. The suicidal thoughts are just a well worn neural pathway, they’ve become an impossible habit to break and I fear they are chronic. Am I the only one who creates a life worth living and yet still finds it impossible to live in it?",TRUE,"""suicidal thoughts on/off for 12 years"", ""plan- preparation"" chronic ideation with planning behaviour"
73,"When I look at the world I see a terrible place that is getting worse. In particular, I have noticed that what power I do have to make positive change is being bulldozed by those who benefit from the world staying the same or getting worse. I am watching the planet slowly but surely breeze past climate targets to ensure the life is permanently going to be harder and worse. I see genocides happening whilst my government worries about appearing to be too biased against those with power. And what is worst of all, I see people who actively want to make the world a place hostile towards people because it makes their own lives slightly easier. It is tiring to see nothing but bad things happening and knowing I cannot do anything to change it. What is more frustrating is that no-one seems to understand my anger towards this matter. When I describe my feelings of being upset at seeing my world turn into a cesspit, people tell me to focus on the small things. I hear people say ""worry about yourself"", or ""small changes add up"" or other nonsense that does absolutely nothing to change the status quo. For every meaningful thing I do, there is another person undermining my actions because they don't want to give up anything to make the world better. I hate being on this planet. Seeing the backwardness. Being told to ignore what I cannot change, even though these things still affect me. I'm tired of knowing that no matter how much I try to make the world better, I will never be able to actually change anything. I don't want to have pain anymore. I don't want to have to deal with being powerless anymore. This world is hostile to me. There are 8 billion people with over 25 million dying everyday. 1,000 people might even know if I die. Less would care. Last year, I accidentally bought a case of ammo. Too bad I only need 1.",TRUE,"""I hate being on this planet"", ""Too bad I only need 1"" strong suicidal ideation with method implication"
74,"Hello everyone, this is R. I just need somewhere to vent, and this seemed like the safest place to do so. I’ve lost hope in the world getting better. With all the stuff like climate change, conflicts/genocides, discrimination becoming more normalised, I’m just sick and tired. And the fact that the only people with the power to actually make a difference couldn’t care less and are actively working to make things worse is the cherry on top.I don’t think I’m gonna have a future. I don’t think any of my loved ones are gonna have a future.I don’t wanna live if I can’t have a happy life, but I don’t want to die and leave my family to face this terrible world alone. I feel like I’m stuck between a rock and a hard place, and I don’t see a way out. As much as I hate it here, I’m gonna try and survive. I intend to talk to a therapist as well. Things just suck right now.",TRUE,"""I don’t wanna live"", ""I’m gonna try and survive"" suicidal ideation with protective intent"
75,"Thirty something year old, I have a court date next week, the police have issued intervention order against me protecting my now ex. I've struggled with suicidal ideation for most of my adult life and I'm at a point now where the only thing that keeps me going is my little boy from a long term relation that previous to this one, We'd argued all the our relationship not to mention halfway through our relationship she copped an intervention order protecting her ex that is was violent She had been diagnosed with personality disorder before I had met her mixed with my depression we had a pretty rough go of it from the start and throughout my depression got worse This is the first time I've ever dealt with the police in this matter, it never got violent but it was a struggle to get my items back over 2 weeks which led to my DVO I'm honestly glad to be out of the relationship, but I can't help feeling like an utter scumbag for my actions I'm trying my hardest to pick myself up I'm really glad my mates coming over tonight.",TRUE,"""struggled with suicidal ideation for most of my adult life"" chronic suicidal ideation"
76,"So I’ve been in a relationship for nearly two years now and have been increasingly unhappy in it for about half a year. It isn’t concerning in any way, I just no longer feel happy with my partner and long for a more nurturing relationship, or just to be single again. Unfortunately I am on a multiple-month trip with my partner and cannot break up with them, despite my disposition. Besides that, I’ve been having less and less energy and feel so isolated from everything. I’m worried about sharing my concerns with others, as many of my thoughts just aren’t good and I don’t want to scar anyone with them. But I also can’t deal with all my worries alone right now. I’ve had suicidal thoughts in the past and I’ve self harmed too. I am terrified of having those feelings again and try everything to stop them whenever I drift into a more negative headspace. I’ve worked on creating a safety net for times like this, but since I’m traveling I can’t spend time with friends and family and simply can’t talk to anyone in person. I get scared of what will happen if my headspace gets worse. Right now I’m clinging to the hope that it’ll all get better after these few months, though I know that it might be too long for me to deal with healthily.",FALSE,"""suicidal thoughts in the past"", ""terrified of having those feelings again"" history of ideation with fear of relapse"
77,"lately i have realised that i am just a horrib;e person. all of my friends have left me because of my actions, my negligence, my erratic behaviour. I always seem to say the wrong thing or not say enough. I cant treat anyone correctly. even my own boyfriend. I forgot his birthday (he says its fine but i hate myself for it), i'm always burdening him with my episodes and I'm never fun to be around anymore. I have been in an intense depressive episode for the last week. I've started sh again. Ive stopped eating. I can barley bring myself to talk to anyone. I havnt seen anyone aside from my family in a week. tonight I asked if my boyfriend could come over and he said yeas but he was really tired so could it wait until tomorrow? I said that was fine but that I wished he could have seen me sooner instead of spending every night of the last week at his friends place. And that's not really fair, I never asked him to come over, I never made it clear that I wanted company and in fact explicitly stated that I wasn't up for communication much less seeing anyone. idk I just got really depresdsed tn and realised that Im jealous of his friends and i miss him and i must not be good enough for him if hed rather see them than me. i know these thoughts arent reality but i did think them. And i feel horrible for it. i cant trust anyone. i hate so easily i mistrust so easily. I keep making people have to walk away from me or take a break bercause of how full on i am, and then i get angry or defensive or grovelling to make them come back and it just causes so much stress. I'm an unhealthy presence in everyines lives. I can't change. Ive tried. Im going to be like this forever. I rreally think that I have to die in order to make things right. I hate the person that I am. I hate her. I cant do this to people anymore",TRUE,"""started sh again"", ""have to die in order to make things right"" active self-harm and suicidal ideation"
78,My mum and I have been arguing and mum just said I make her want to kill herself and she told me to pack my bags. I don't know what I did,FALSE,"""make her want to kill herself"", ""pack my bags"" distress from external suicidal statement and housing instability without own ideation"
79,"I would like to share my story to those who need it. I have anxiety and depression , I have attempted 3 times and used frequently self harm. Im still recovering though I am 4 months clean, I still struggle everyday and would like for everyone to know how important they are. Even though I don't know you and don't know if you need this. You are amazing and you can get through it just keep trying.",TRUE,"""attempted 3 times"", ""still recovering"" past suicide attempts in recovery"
80,"I’m a 14 year old female and I’ve been struggling with mental health since I was 11. Last year I was severely bullied, I had just started high school and it seemed like I was the perfect target. Months on months of relentless taunting and harsh comments said towards me and one day I just couldn’t take it anymore. I hated feeling like crap all the time, so I started harming myself as a way to cope. At the time, it felt like the only way to distract myself from the pain. I was feeling inside. Now, over a year later and I feel like I’m stuck in a cycle I don't know how to break. I still use this behavior to cope, even though I know it's not helping in the long run. It's become a way to feel something or punish myself for feeling empty or numb. I hate this feeling and I don't know how to stop. The first time I ended up needing medical care because of this, I remember seeing how upset my mum was. I've never forgotten that moment, I have never felt more guilt in my life. I want to change, but it's so hard when these feelings take over Now I feel trapped and desperate. I know it doesn't make sense but I can’t seem to stop. Please someone tell me how I can move forward.",TRUE,"""started harming myself"", ""stuck in a cycle"" ongoing self-harm behaviour"
81,"I’m so tired of life. The only reason I keep going is I’m all my kids have. Their dad cut them out if his life 3 years ago because they look like me. I’m so exhausted. My youngest has autism, I work fulltime and do work on the side and I’m just so tired.",TRUE,"""only reason I keep going is I’m all my kids have"", ""tired of life"" passive suicidal ideation with protective factor"
82,"My husband of 20 years told me in Jan 2023 that he wasn’t sure what he wanted anymore. I suffer from extreme GAD with a lot of panic attacks, and have never been fully treated - tbh I’ve only just come to understand how bad it has been and how miserable I made our lives. I alternated between needing to control ever aspect of our lives, to refusing to get out of bed some days.All last year I tried to fix things, but it was too late, I had pushed him so far away that the love had vanished. He was a wonderful husband. Kind, generous, thoughtful and tolerant. But I didn’t appreciate him.He was so unhappy, rundown and overworked for years. He took on all the financial, parenting, home burdens.In January this year, he moved out to work on his own mental health. I tried to balance working on my own, while suddenly becoming a single parent. I was starting to feel much better and learning to cope, and decided to ask if we could gradually try again. Then two weeks ago I was given the bombshell - he has been seeing someone else, since March. Too scared to tell me because he knew how terribly I would react.I don’t want to do this life without him. I am completely destroyed. I still love him with all my heart and soul. I don’t want to hurt my girls and leave them without a mother, but most days I wish I could go to sleep and never wake up. I’m scared to be alone because the thoughts and the grief are overwhelming. He has our youngest today, taken her and the new girlfriend to his family for Christmas. I used to easily sleep 9-10 hours a night. Now I wake at 3am and start crying and wondering if I would be better off gone as the pain is unbearable.",TRUE,"""wish I could go to sleep and never wake up"", ""better off gone"" passive death wish"
83,"Hi, I am 37 and a mother of 2 boys. Lately, I have been feeling very low and no self-worth. I have been thinking of ending my life. I don't know how or when but I just want to disappear and not be a burden to people. I find it hard to tell my family about my thoughts because I don't want them to worry about me, especially with Christmas happening. I want to just go somewhere and not take anything with me but I don't know where else to go.",TRUE,"""thinking of ending my life"", ""want to disappear"" active suicidal ideation"
84,I am 65 and have suffered anxiety and depression for most of my life. I am now struggling with the wish to die but not suicidal. It’s Christmas and I just want it over with. I have lost all ability to enjoy life,TRUE,"""wish to die but not suicidal"" passive death wish without intent"
85,"Hi I’m a 13yo with 2 sisters and my mum and dad. I’ve wanted to harm myself on and off for a while but there’s so much left to do. When I look back on life everyone go’s “oh you’ve had such a good life” but when I look back all I see is sadness depression and bullying. I struggle with school, home, friends, family and myself. I HATE myself and I want to kill or harm myself but I know that it won’t fix anything in a good or bad way. I just don’t know what to do.",TRUE,"""want to kill or harm myself"" suicidal and self-harm ideation"
86,When ur so selfish that u think abt these thoughts and ur self so much but u so selfish bc you want those who don’t want you there to suffer and ur so self obsessed like they would actually care that your gone but you make urself think that bc it makes u feel better,FALSE,"""these thoughts"", ""your gone"" vague distress without clear suicidal intent"
87,"Hey I have a 7 month old baby. Married for 7 months. My husband is not an emotional person he doesn’t talk much and it’s hard to get any kind of support from him. I’m currently on maternity leave from work using my LSL and annual leave to be at home. I’m going back to work in a month. I’m struggling with self harm when I get overwhelmed. When it happens I don’t feel anything, it doesn’t hurt and I regret it after. Usually I go to the gym to help me deal with stress so I don’t boil over but with my husband being a shift worker and him prioritising his hobbies over mine I don’t get to the gym anywhere near as much as I’d like, also my daughter has been on/off sick for the last month so I can’t take her to the crèche at the gym like I normally do. My husband seems to get annoyed when I’m looking good making comments that why isn’t he loosing weight. I’m exhausted emotionally and physically right now. I’ve just started a new hobby but don’t have the time for it with no one watching our daughter but me. My husband and I don’t have sex and the rare occasion that he “feels like it” is once a month if that. I’m starting to resent him and don’t feel like being around him a lot of the time because I don’t see any perks right now to being with him. I do all the house work, all my maternity leave pay goes towards our house we’re building so I don’t get to go do things like id want too. I feel like I’ve been stripped of every part of me that makes me me. I want to stop harming myself because I’m worried I’ll do permanent damage.",TRUE,"""struggling with self harm"", ""worried I’ll do permanent damage"" active self-harm behaviour"
88,"I'm 35 now, and my life has always been pretty mediocre.It doesn't seem to matter how hard I try, something always trips me up, and I end up treading water.This coming year, 2025, I'm going to try my hardest, and if my life is still a piece of shit by 2026 I'm going to kill myself.I know that's shocking to say, maybe it even seems callous. But just try have some empathy. 35 years. For at least 20 of those the only thing that was really keeping me going was dumb optimism. How long do people expect me to hold on to hope when nothing good ever comes?",TRUE,"""going to kill myself"" explicit suicidal intent with future condition"
89,"Hello everyone, I'm currently 21 years old and I have been dealing with depression for years now.It has progressively gotten worse over the past year to the point where I think about suicide almost daily and have made a plan as well as set a date. One day, I went to my GP to get a diagnosis where she gave me a Mental Health Treatment Plan and referred me to a psychologist. I have been debating for a few days now whether or not it is worth the psychologists time (or my money) to go see them if I know or feel positive that I may go through with my plan. My question is, what can my psychologist do for me in this regard? Will they send me to a psychiatrist where I could potentially become an inpatient? I find that I am not completely against the idea but another part of me is telling me that that will not help or stop me. Not to mention, psychiatrists are costly and I have read that they have quite length waiting times. I feel very torn.",TRUE,"""think about suicide almost daily"", ""made a plan as well as set a date"" active suicidal ideation with plan"
90,"Hello! I just want to share good news. I have been self-harming for about 10 months now. I am happy to say that i am about to be 11 days clean from self harm! Just happy about this, and wanted some people to know that there is hope. You dont have to respond. Good luck to you all!",FALSE,"""self-harming for about 10 months"", ""11 days clean"" self-harm recovery"
91,"Hey im 21 I’ve recently left my girlfriend of 3 near 4 years because I felt like everything she was doing was too much for me and I couldn’t handle it I really hurt her and what not but anyway. i’m not afraid of dying I’ll look death in the face and laugh, I want to disappear or die or maybe just drive away with no destination i dont know why I feel like this me and my ex are talking again we’re living back together and i’m happy about that but i just dont know what to do i feel like i need to disappear and leave her alone i dont know what to do i broke down a couple nights ago and was going to end everything i told her i love her and i gave her a kiss and a hug and she stopped me from leaving i broke down crying, sorry if none of this makes sense or if its just a mess of worlds",TRUE,"""want to disappear or die"", ""going to end everything"" active suicidal ideation"
92,"Before i start off i would just like to mention that i am safe and my safe plan is listening to music or distracting myself with youtube. i also have a strong circle of close friends that i confide in, i trust them very much. i’ve noticed whenever i am extremely angry i tend to harm myself. i would also like to mention that i am not always angry like this. to put context behind this, whenever i have annoyances and irritations with my mum (and it always happens with my mum) i’m left alone in my room, extremely angry that she can’t agree with me on something. i figured that the reason im so in rage after having slight annoyances with my mum is due to feeling like i’m not in control, or that i’m not being heard out. i’m the youngest so i’m pretty used to not being listened to, but this is also my problem. i’m not getting given a chance to reason and i find myself having really bad rage. this leads to me harming myself. when i’m in rage like this i cry, and i don’t know why i self harm myself like this when im extremely angry. i thought maybe it’s because of my need to hit something but i don’t want to damage anything in the house. this also only every happens when i’m arguing with my mum, she’s been a very difficult person, she also has history of mental health issues. i know now that the only thing that puts me in a bad rage is my mum, but i’m struggling to figure out why i hit myself when angry and why i get so enraged over slight annoyances with her. Thank you",TRUE,"""harm myself"", ""this leads to me harming myself"" self-harm behaviour"
93,"Hi, 2 weeks ago I had another phase of suicidal ideation. I'm not new to this, I've had attempts in the past, I've had 2 long psychosis episodes since 2020 with lots of hospital admissions. My psychosis/addiction even took me to prison. I battle with PTSD symptoms now, struggle to work, very low stress tolerance, flashbacks, depression, anxiety, etc. Thankfully I have my sanity back and didn't get stuck permanently in a false reality. My diagnosis is drug induced Schizoaffective disorder & PTSD. I used to be very involved in the community, socialised a lot, and helped my then wife to raise our kids. I was a great father. That was until my mental health took a rapid turn for the worst and I self medicated. Life 2 years on from my last episode is vastly different. Completely isolated and lonely. All the people I thought were friends disappeared. So now I struggle with connections. I don't have much faith in people, especially in a society that still stigmatises mental illness. So what do I do? I isolate. Over the years I've had help from professionals to focus on my interests and to help make connections in the community, but it triggers me and I battle with anxiety. I see people in the community I used to be friends with, they ignore me or I ignore them. I want nothing to do with them. I don't have a sense of purpose in life anymore for myself other than my kids. I focus a lot on my kids when I struggle with suicidal ideation, but when I'm really struggling I feel my kids will be better off without me. So, with social isolation/loneliness as well as living with mental illness, where does one fit into society again? My life for the past 5 years has been all about heavy mental illness stuff so I struggle with small talk. I've been abandoned by a lot of people due to my mental health, yet now that I'm level headed again how do I start the process of reintegration back into society, especially a small town community I was once a part of when half of me doesn't want to, given the past? If anyone has been lonely or has ideas/experience with finding purpose again, I'm all ears. At the end of the day I want to be here for my kids, I want to be the best father I can forthem.",TRUE,"""suicidal ideation"", ""attempts in the past"" chronic ideation with history of attempts"
94,"Hi all. First let me start by saying I am okay. I have been putting off writing about this for weeks. The two main reasons are 1) I don't have any questions or seek advice. This makes it feel more like dumping my problems on someone than proactively engaging in conversation. That is not really my personality and makes me feel selfish. 2) I feel a lot of shame. After a lot of back-and-forth in my head, I decided to write about my recent experience. Despite my reservations, I think it's important to let go and not to hold my emotions in. Ideally this should happen with a councillor, but I can't wait until find a new councillor. I have a long history of untreated SI until five years ago. By some miracle I got it under control and have been free of hurting myself since. A month ago I was overwhelmed with emotion. My usual maladaptive tricks to manage my headspace failed to help. I felt the weight of all that heavy emotion I carried, lift away. I also felt SHAME. For the next week it felt like my emotional burdens were turned down. I had a clear head again. Of course this is a temporary fix, and a TERRIBLE way to make me feel better. A week later I shocked myself did it again. That set off alarm bells. I haven't done it since I recognised the warning signs. It speaks a lot to my mindset at the time. I am better now. But I have to find a better way to deal with these emotions that overwhelm me. I can acknowledge this is risky behaviour, that it's not a good coping mechanism, and that I need to work on it before I fall into the SI spiral again. I'm open to any advice, suggestions, coping strategies, etc. If you have read this far, thank you for taking the time to listen to me complain. It does feel better to let me express myself. Thank you.",TRUE,"""did it again"", ""before I fall into the SI spiral again"" recent self-harm relapse with suicide risk history"
95,"I'll make this part clear; I have not been having suicidal thoughts. In my mind I have never had thoughts about committing suicide. I've posted once or twice on different forums for help I guess I don't need since I can overreact. The question I need to ask however relates to a rephrasing of the term that I can't help but feel make people feel as if they're simply stuck when processing thoughts including myself... especially myself. Maybe it's too cryptic but the idea is this: Is your life worth living? Yes. I can't stress that through the day tomorrow and the day after that will bring you some peace. Your personal experience has value, meaning and purpose. I won't comment on this further since I have expressed that I have never felt suicidal feelings. The professionals on this site will put it in so many better words. I say it because it serves as a pre-context to what I find confusing and strange. Is living worth your life? Within this context, living relates to the broader context in which we as humans operate. Living feels inherently societal, communal, extrinsic - whereas life feels personal and intrinsic. It's confusing to me because when I ask myself ""is any living worth my life"" I say no. I want to explore, try new things, I don't believe that most if any path is worth the effort that people place into them. People should feel comfortable to change jobs when they want, meet new people (whether selfish or selfless) for support when they need that sort of support. In rain and shine, people find that they need different things at different times. But life rarely feels that open. It feels more siloed, walled off - not mutually inclusive but exclusive. And that frustrates me. As I said, maybe this is the wrong train of thought, or maybe this is an inappropriate forum to post this (Delete this if need be). Maybe I'm asking too much from the world - but I can't imagine how much my children, grandchildren and their children will be asked for from the world and then feel that where I am now and what I'm doing will be okay for them.",FALSE,"""I have not been having suicidal thoughts"", ""I have never had thoughts about committing suicide"" no suicidal ideation"
96,"It's a pretty common story, nothing special about me and everyone I have ever come in contact with feels the same way. Childhood wasn't great but certainly could have been worse but I've never had a kind or encouraging word from anyone my whole life so wouldn't have a clue what a compliment feels like. Blah so dramatic yuck!! I'm 43 now and cannot stand myself physically or mentally and the worse thing is that I know I don't have it as bad as some so suck it up princess, right, but it's not that simple, it would be better for people in my world if I 'went away' certainly would be better for me but there are some people who would be 'disadvantaged' so I stick around, you know. This sucks, I wish just one person could look me in the eye and tell I was worth something, wasn't ugly wasn't fat, had intelligence....you know as part of my work I give guidance and encouragement to others and I see the smiles on their faces, I know how important is especially when you've never had it",TRUE,"""better for people if I 'went away'"" passive death wish"
97,"I have reluctantly been burying my demons for far too long. I suffer from extreme PTSD and Anxiety plus some terminal illnesses and to top it off I woke up approximately 18mths ago paralysed from the waist down (I was ok when I went to bed) I have been learning the basics of walking again. I have not been outside in 14mths and I haven't driven or ridden in over 2yrs. I live alone and have no quality of life, I'm estranged from my 3 adult children I haven't seen my youngest in 16yrs. I miss them terribly and I have realised that I don't know them. It has been cloak and dagger with the other 2 as I couldn't tell the other I was seeing them because if their mother found out she would throw them out. I have given up and stopped taking my medication about 4mths ago, i go to bed hoping that I won't wake up. I have no quality of life and no dignity left as I don't have control of my bowel or bladder. I honestly don't know what else to do. I realise that there isn't a magic pill that solves everything and I don't know if I've left it too late. I would greatly appreciate any feedback. I was in law enforcement and a volunteer fire fighter so I've had to deal with and see things that no person should ever see.",TRUE,"""go to bed hoping that I won't wake up"" passive death wish"
98,When you dont want your family to know the truth about how you feel or you just want to ensure your family are provided for then passive suicide is what you move into . To increase the risk of harm so that it was an accident is the explanation given.Are passive suicidal thoughts worse than active suicidal thoughts? Because they are so well hidden and masked they are unseen and passed over . When life just is too much ? Thoughts ?,TRUE,"""passive suicide"", ""increase the risk of harm"" passive suicidal ideation"
99,"I’ve got panic disorder, ADHD and depression. I have been doing mindfulness, breathing, therapy, changed my antidepressants, going to see my psychiatrist next week for a medication review for the ADHD meds I stopped after having a panic attack that took me to hospital. I’m privileged to be able to do all these things, but I still feel the world will be better without me and I crave to not be here…. i just don’t know where to go from here. I am exhausted and don’t feel like I can fight this anymore.",TRUE,"""world will be better without me"", ""crave to not be here"" active suicidal ideation"
100,Hi look I was married for 20 plus yrs I've been divorced 14.alone not dated nothing started talking to a guy on social media.so after him finally being able to break my walls down his now saying he loves me and now I m questioning it I've been abused in one way or another my whole life this is hurting I still self harm and I don't feel it not only that but I don't want to be here anymore some days are bad I want to just not be around.helo me please.i don't know what to do.,TRUE,"""still self harm"", ""don't want to be here anymore"" self-harm and suicidal ideation"
101,"Hi everyone (im ok)TW self harm/abortion rights/family issues/estrangement I am currently struggling with some urges that I havent had for years, not since I was suicidal years ago.In the light of recent political events and my own personal medical circumstances, the topic of abortion being healthcare came up at family dinner. Basically, I dont ever want children. I would be an awful parent I am not healed enough mentally, prepared physically or financially and am sure I would not want to bring a child into the world we live in today. I stated that for my own mental health and the sake of preserving my own life, I would not keep a pregnancy if I fell pregnant.I go to every length to prevent pregnancy and am extremely responsible with sex and contraception, but my parents, especially my mother, would see me as a murderer for choosing this for myself and my body. It breaks my heart that my mothers love is conditional to this.If it happened, I would have to keep it a secret and go through the traumatic process alone, or be honest with her and risk becoming disowned/estranged. I am conflicted with my feelings because she is a loving and caring mum in every other way, I wouldnt be here without her support in every other aspect of life and she has saved me many times, but when your confidence in unconditional love from your mum has been shaken for something like this, it is extremely conflicting and devestating. I am angry that she thinks this way, I am guilty that I feel this anger, because shes so supportive and loving in every other way, and I am so incredibly heartbroken. These feelings are so strong I feel pain in my heart, my urges to self harm are back to use as an outlet.I want to be self destructive to ease this pain and anger. I know I have options in my mental toolbelt to de-escelate these urges and feelings.Ive been in therapy for 6 years im not asking for advice on how to talk myself down, I wont act on these urges, but they are back which makes me realise how strongly I feel about this hurt. I guess I just wanted to vent and see if anyone else is going through similar. It feels stupid to feel this extremely on a hypothetical. But you never know when that hypothetical becomes a reality and knowing that I wouldnt have the love or support, so much so that it risks estrangement, it just crushes you. I never thought there was anything I could do that would make her not love me. I never even considered that I could lose my mum in this way.",FALSE,"""urges to self harm are back"", ""I wont act on these urges"" self-harm urges without intent"
102,"I’m just so tired. For a long time I’ve been feeling like I have this dark cloud over me and all I see and feel it’s low. To give an insight it’s like all I see is a world in black and white while everyone sees rainbows. My boyfriend of 5 years doesn’t see me hurting, miserable as and broken. I try to let him in and express how I feel but he just shuts me down, tells me to go see someone and that’s it. Yet with everyone else he’s there listening to them, being a shoulder etc. His dad passed away just recently and I’ve been there for him, he pushes me away but wants everyone else to be his shoulder. His mum blamed everything on me with him doing drugs, not going to work etc. When he was drunk and saying he doesn’t want tobe here she blamed me. She said when I feel “fed up” I’m doing it for attention. I need some help as I just can’t keep going like this and feeling so down. I’m tired of putting on a happy face now",FALSE,"""can’t keep going like this"", ""feeling so down"" distress without explicit suicidal ideation"
103,"So I woke up today, people say if you wake up then it's a good day, I'm not convinced. I can't bring myself to talk to anyone about this as yet not even my phycologist, that might change before my next appointment maybe not. I had an episode this morning after waking up where I was laying in bed feeling shit and sorry for myself, feeling worthless, unwanted all the normal feelings. I sat there crying and running through my head all the people that say when they hear that you're going through a tough time just reach out. You know what reaching out is the last thing I feel like doing burdening people with my shit. To be honest if they really cared why wouldn't they pick the phone up or jump in the car and check in, my reasoning is they just don't care. My family that I put so much love into really don't give two shits about me either the grandchildren that I adore wouldn't remember me anyway so all this running through my head the devil on the shoulder telling me fuck it just do it end it all. This time the angels voice was silent so I attempted to do so... it scared the shit out of me and then I stopped myself. I still don't know why I got to this point again or why I stopped myself I just hate where I am and I want it to stop. I'm sick of hearing how I can fix it I just don't have the bloody energy anymore. Thanks for listening.",TRUE,"""attempted to do so"", ""end it all"" recent suicide attempt and active ideation"
104,"Hi, I've never put my story out for any to read or have thoughts on except my pyhcologist. I had a work place injury in August of 2022 that required surgery which I had in Feb 23. Between those two dates I started a new job and with the injury came a whole new world of not being able to do anything that I was doing and enjoying previously. I had hobbies like gym, pistol shooting and umpiring AFL not to mention all the household duties you preform without a moments thought. So I found myself in a hole and it was getting worse, I would go into the toilet at work sit there and just cry without reason (in my own mind anyway). This happened a couple of times and I didn't want to think to much about it, then it started happening everyday, then a couple of times a day to the point I couldn't go to work. So my doctor put me on anti depression medication and referred me to a phycologist. There I was diagnosed with adjustment disorder and severe depression, with no capacity to work my new employer let me go in the January of 23 which I couldn't blame them as I couldn't do the job they had hired me to do. I had surgery and was progressing really well until I went to host employer where I unfortunately over did it and re injured the shoulder. I was improving both mentally and physically until this point. The surgeon couldn't operate any further and recommended a shoulder joint replacement. That part of my w/cover claim ceased however I was still being treated for the mental health part as it is a secondary compaonant due to the initial injury. During that time until now I have had 2 episodes (that's what I call them) where I have found myself standing in front of all my pills as I take quite a lot of pills for pain and inflamation along with other drugs for migraine relief and prevention, shaking, crying, and wanting to end my life. I don't know how many other people have had this feeling where it's like the angel on one shoulder and the devil on the other but that's how it felt like a big fight between the 2 and so far the angel has won. I have started a new job into my 4th week and I've had 6 days off with stomach issues (stress maybe) doctor has sent me for a lot of tests so not sure what it is yet. Deep down I think since it's been 2 years that I'm just struggling with the whole normality of life and with a few other family issues on top that I also don't know how to handle I'm starting to feel like that hole is opening up and swolling me.",TRUE,"""standing in front of all my pills"", ""wanting to end my life"" suicidal ideation with near attempt"
105,"I feel I am NOT in the REAL world, I don't care about anything. this world passes. I have NO physical or financial worries but NOTHING MATTERS. I have to buy pleasurable things, get minor maintenance in my OWN home but I don't CARE. i DON'T go out of my home, Don't want to go out except grocery store, Sit on the computer. Want to travel but CAN'T leave my little dog, No relatives or friends BUT enjoy being on my own, enjoy other people but get anxious, Have tried mental health services, drugs, EVERYTHING but am walking in a 'dream'",FALSE,"""nothing matters"", ""walking in a 'dream'"" emotional detachment without suicidal intent"
106,"I'm 13, and I do home-schooling. Me, and my mum, had a discussion about whether home-schooling would be better than normal school, because i was feeling depressed and suicidal in term 1 of this year. We agreed that it would be a good idea as my mum described it as a fun experience, due to the 'control' I'll have, and the 'activities' I can do. Fast forward to now. I've been doing home-schooling since term 2 this year, and at first It was fun. Me and my good friends were still very close as we live close to each other, and I'd still ride to school with them. Later though, during the term, I started to notice the amount of work I have to do, the lack of control I have, and the groups/activities were non-existent. This led me to questioning my mum about it, and, according to the website they were doing updates to it. I was told that they would be up soon. They are still down. The lack of freedom and people i have to communicate with, made it very hard to stay motivated to do my full-amount of school work. This inevitably led to me stressing, and struggling to make time to hang out with my friends, which have led to me feeling depressed, as this is my last year with them before they leave. I have expressed my emotions to my mum and dad, but I haven't made it exactly clear to them that I am feeling extremely depressed and suicidal. I recently re-lapsed into self harm again after almost an year without it, and I feel extremely disappointed in myself. I desperately want to tell my parents that I need help, but I'm too scared to. This has caused the following:Feeling unfit and unhealthy Not eating enough Falling behind on school workStressingAnxiety SadnessFeeling mentally sick I'm not sure how much longer I can endure this, and I'm feeling so desperate to hurt myself even more than I already am. I am also an introvert, and that makes it harder for me to communicate my emotions to other people like therapists. I feel so bad, and I'm sure my friends are sick of me having a mental breakdown In there messages at 1am all the time. I regret starting home-schooling.",TRUE,"""feeling extremely depressed and suicidal"", ""re-lapsed into self harm again"" active suicidal ideation and self-harm"
107,what do i do i rlly wanna kms,TRUE,"""wanna kms"" explicit suicidal intent"
108,"Hi,I am at a point where I have placed myself completely inside an ice-cube. When I look back over my very 'interesting' life, I can only shake my head in amazement.When I really ask myself do I have any regrets, the most clear resounding response is ... Of course! The fact that I was born.I have had some amazing times throughout my life, but unfortunately that amazingness has lost its shine and now I am in a place of icy nothingness. I don't feel any standout emotion - just a void. It is interesting to be where I am and also very mind-boggling considering the good the bad and the shattered broken ugly that is me. I speak to a GP (but not as much as I need at the moment due to his popularity) but that in itself is a burden because I feel that he can't really help me - like anyone he can offer suggestions but any decision is ultimately mine - and I am so over trying to fix what can't be fixed. Time can't be turned back and time definitely does not heal.So where to now?",TRUE,"""fact that I was born"", ""can’t be fixed"" hopelessness and passive death wish"
109,"Tw self harm and alcohol Overall, i've been better recently, lifes mostly been moving forward and things have just been better. But i still find myself falling back on bad habits on every bad day or mistake or anything that feels a little too much. I'm 17 and in year twelve, externals are stressful but that stress on top of external factors like friends, family, my future, transition to adulthood and other pointless stressors are causing my brain to crumple. self harm wise i was doing really good for a while, coming from a place were i was harming everyday and too afraid to break the cycle for being clean for over a month at a time. but now ive started more regularly again. when things started getting harder to cope with more consistently i tried to turn towards other coping mechanisms because well its getting hotter, i hate feeling ashamed of what i do to my skin and other people tend not to worry about things they cant see. So i started drinking more then the occasional time out with my friends. not everyday but every few, usually not enough to get me drunk but just something that can dull my head while i can fall asleep without worries. my parents keep spirits and gin in the top of our pantry and i've just been taking a huge mouthful at a time, ocassionally more then five. I hate to admit that i love they way it makes me feel so heavy and light at the same time and i keep finding myself more and more consumed by the thought of just having a drink to relax a bit. Alcohol abuse runs in my family. i've always been told i need to be careful and i definently am not at a point where i would consider myself an alcoholic, but i'm afraid im going down that road. i kept telling myself this is the last time and the last time, one where i drank quite a bit more then i would usually was almost two weeks ago and i havent since. but i still keep thinking about it and now i've made myself stop till after my second last exam, ive started self harming more regularly. drinking feels so easy, so invisible. but soon enough my parents will notice the near empty bottles in the cupboard. i dont want to end up where my fate and genetics are dragging me, but it feels so easy. i keep thinking a couple drinks on occassion is fine, and it is. but its the insentive around it that i know is wrong. in the evening, by myself, just to quiet my head and cope. i'm just moving from one unhealthy coping mechanism to another and i dont know how to stop it.",TRUE,"""started self harming more regularly"", ""drinking more"" ongoing self-harm and harmful coping"
110,"I've never posted to a forum before. I apologise if my etiquette is off. I'm 16, and I live at home with my mother and some siblings. Recently I relapsed into self-harm. I don't want to go down this road again, as it always leads to other behaviours. I don't know where to go to get confidential help without parental permission. For many complex reasons I cannot speak to them about this. I have no other family relatives or ""trusted adults"" in my life. I want to know how to help myself. Could anyone tell me?",TRUE,"""relapsed into self-harm"", ""don’t want to go down this road again"" self-harm behaviour"
111,"Hi, never thought that I would next to post something in beyond blue or something similar but I think after almost 2 decades I’m at my breaking point finally. Im a male, grew up with the mantra that “boys don’t cry”, growing up I was bullied relentlessly, the type that never had friends not being able to talk to anyone about it, as the school would put the blame on me (yes the school put the blame on me) so some times the only option was self harm. During this time I became good at hiding my emotions and feelings and these days I have mastered it. When I left school something came out about a teacher. (Took me years to realise that I was in fact being groomed) as you can imagine depression and more self harm ensued. Fast forward a few years, scars heal and slowly feel better. A relationship opened my eyes up, that I don’t deal with emotion too well and I am truely a lonely person, even if there are other people around me. It’s like I don’t connect on the same way length as others. Rough breakup, leads to more mental issues + self harm. Move forward 6 or 7 years and things start to look better, get married and enjoy life a little bit. Join a volunteer Fire Brigade love every minute of it. Things move along nicely, but I started to keep a diary as I noticed in my self that I have high highs and the absolute lowest of lows and haven’t quit worked out if I’m bipolar or not yet. But move on to current day, I feel as though I am at my lowest possible low. I constantly feel numb, I feel out of place and I question my point of existence. I feel ignored and un-noticed and lonely, all of the time. I have days where they are really good then the emotions come crashing down and feel horribly low and it’s difficult to pick that back up. When I volunteer time to the brigade and local community, I feel great, working on a trail, I feel great. The moment I get in my car to go home that low hits hard. Im posting here because I feel ashamed to talk to anyone, I worry that if I talk a professional, I will get a label that will make me end up in some psych ward somewhere. It’s been a hot minute since I have self harmed, it’s defiantly been on my mind of late. They say that life starts in your 30’s but it feels like it’s ending. There is more I would add here but might keep it here for now .",TRUE,"""self harmed"", ""on my mind of late"" ongoing self-harm urges"
112,I harmed myself for the first time in around a year today. I just got the results back for an important test that could help me get into a uni course and I did terribly. I know I’ll be rejected from the course now. It’s honestly the last straw. I’ve been rejected by every graduate program I’ve applied for. I’m so worthless and I feel like I’ve lost all my intelligence. This was my last chance to do anything with my life. I can’t stand to wait another year and try all over again. I can’t stand the idea of having to resort back to self harm as the only way of self preservation. I’m so tired. I can’t stand existing.,TRUE,"""harmed myself"", ""can’t stand existing"" self-harm and severe distress"
113,"(I'M SAFE!) I'm just going to post a TW before getting into this, I know I'm posting this to the suicide and self-harm discussion but I just want people to have this as a trigger warning incase something I say is distressing, I never want to hurt anyone, so if this might be upsetting to you, maybe scroll past this. I'm posting this for the people who have viewed my account and seen my posts, but I'm also posting this for myself as I find it difficult to find someone I can talk to about all of this. Recently I have been really struggling with self harm and I was trying anything to stop myself from actually using something bad. But I guess the way I was trying to cope was doing more damage then good. I didn't consider what I was doing to actually be self harm but now thinking about it, it might have been. I was fine with what I was doing until I realized that it could be considered as hurting myself, instead of trying to cope. If anyone has seen my recent discussions, they would know the whole reason I stopped self harm was because I had a panic attack and told my mum about it. I didn't stop to try and get better, I stopped because I knew that if I did it again I would have to tell her, and I didn't want to break her heart again. But, I had another panic attack when I saw all the bruises and red scratches I had given myself by doing other things to myself. I told my mum and since then, I hadn't done anything. She's trying to get me as much help as she can but it's near impossible to actually get any sessions with a therapist around my area. I think the reason I'm coming on here is just to vent because I don't know what to do. I use a rubber band but it just never feels like enough. I want to know if what I was doing was actually self harm or if I can continue to use that as a coping mechanism. I still have really strong urges and I don't know how to control it anymore. I know it isn't healthy but are there any ways that I could help myself that actually would feel similar to self harm? Or is it just breathing exercises and mindfulness. Because I don't know how much longer I can cope like this. I don't know if I'm crazy and I wish I never started because I didn't realize how horrible this addiction would be. Can someone please respond with any coping mechanisms I could use, or if what I was doing was really wrong?",TRUE,"""strong urges"", ""don’t know how to control it anymore"" escalating self-harm urges"
114,"Hi, I’m new here, I’d like to start by letting everyone know I’m safe. I know this is the suicide and self-harm section, but I’d still like to include a TW just in case. I’m 18years old, and started self-harming when I was young. The first time it was out of anger and self-hatred. I didn’t realise then how addictive it would be. It’s now many years later and I still get overwhelming urges daily. I have tried many alternatives in the past in attempt to quit, including other unhealthy habits, but nothing comes close as a replacement. I’m currently 5 months clean, which is the longest I’ve ever been. I guess I’m posting here as I’m struggling to not talk about something that has such a large importance in my life. It’s a difficult subject, I can’t stand the look of disappointment or concern anytime I talk about it or someone sees my scars. Their whole tone changes and it makes me feel sick. I don’t like that something like sh has such control over me, but I feel like it might be me forever. I find nothing else feels as extreme. That maybe if I am in physical danger, people may recognise how bad the emotional and mental pain really is. At first it was strong emotions that triggered it, but now it’s on my mind all the time. I see it happening in my head, I remember the way it looks and feels. I don’t know what I actually want from this forum, maybe just support from people who get it? An audience who doesn’t make me feel ‘crazy’?",TRUE,"""overwhelming urges daily"", ""self harm"" persistent self-harm urges"
115,"I haven’t introduced myself but I don’t think that really matters.. I’ve been clean from self harm for 2 years now, But recently I just can’t help but think about suicide. Things are a lot better than they were family wise so that’s good… BUT I really really don’t like myself. I want to hide in a dark little room until I decay. It’s not that deep but I need someone to talk to as I know this is only going to get worst if I don’t do something.",TRUE,"""think about suicide"", ""going to get worst"" suicidal ideation"
116,"I'm so sick of trying hard to see the silver lining. More and more I see our economy getting worse, things are getting more expensive all while jobs are asking for you to work all week for below 50k a year. I keep trying to hold on, then I find out my sister is going through a divorce....try to hold on even more, paperwork that is important got rejected...just a tiny bit more...get a bad review at work when I have been trying my best. I'm so tired, I love the people in my life, but for once I want to be selfish, nothing is being done for us to be able to afford a living by working normal hours, nothing to see in the future as we will never afford a house...there is nothing worth it anymore. I'm not doing it now or soon but will plan it out unless I get a good enough reason not to. Been trying to get a new job but nothing for me with years of experience except in retail or childcare and I hate working with children and their parents. Plus it pays like crap....and joining the army to protect a government that is not helping the public, making the rich richer.",TRUE,"""will plan it out"", ""nothing worth it anymore"" future suicidal intent"
117,"( im ok ) I have autism, adhd, anxiety and most likely an eating disorder and i also severely struggle with intrusive and suicidal thoughts. I have always been the funny kid in my friend group, so when I'm struggling I tend to hide it under my humour or support my friends instead of looking after myself. I have been struggling for the last 3 years and I'm currently 9 months clean after a long six months of attempts and relapses and restricing my eating. I have been silently struggling by my self this whole time with occasional help from a friend who also struggles. I have felt so good for the last 9 months only having these thoughts maybe twice a month. Until recently where these terrible thoughts are now the only thing I'm thinking about. I'm not the smartest person ever and struggle at school with learning especially while having these episodes. But teachers tend to tell me I'm not doing enough which makes me contemplate why I'm even here. With my autism and adhd it makes it makes it really hard to regulate and I regularly have meltdowns due to being overstimulated which never helps in these situations. ( I know I'm ranting but I really need to let it out )",TRUE,"""suicidal thoughts"", ""only thing I'm thinking about"" active suicidal ideation"
118,"I have been living the treadmill for a while now. I have a nice house, a stable job, a faithful wife that cares about me and our family and an adult daughter. Following a bout of major depression, I have anhedonia (avolition, but no anergia). I have energy to get things done that I see need doing. Nothing makes me feel good more than momentarily. Most pleasurable activities make me crave discomfort (or worse). My mood is generally flat and I do not feel much in the way of emotion (happy, sad, angry, jealous, etc..). I have nothing I want to achieve. I have nothing that I want to do. I have nowhere I want to go. I have no people I want to meet. Helping others does not make me feel good. Achieving things seems hollow. I have no fear of dying. I have no fear of pain (also a very high pain tolerance). About most things I truly do not care. I have an entire alphabet of mental health conditions diagnosis (ASD, CPTSD, OCD, BPD, MDD, PDD). I have had another alphabet worth of treatment (CBT, DBT, EMDR, ACT, Schema, TMS). Some are still ongoing. I have an upbringing of care for family and self sacrifice. I take care of myself so I can do things for family so they remain comfortable. Its all done by rote. I have been taught/trained over my treatments not to self harm. I often think about it... These thoughts do not worry or disturb me. I keep busy so I don't dwell on them. My family wants and needs me. I have been in constant mental health care over the past 4 years. I have been in hospital numerous times. I have been on (and am now off) antidepressants. I regularly see psychologists and a psychiatrist. I will ask my psychiatrist for another round of TMS next time we meet. I have a lot to be thankful for. I have more than a lot of people. I am in good physical health. I seem to avoid misfortune. I don't feel worthy of my good fortune. Is this as good as it gets?",TRUE,"""no fear of dying"", ""often think about it"" passive suicidal ideation"
119,"I’m the first to admit I’m no saint… or at least I wasn’t 10 years ago. But these days I’m forced to buy meds online, and I’m 100% aware one day it’s going to contain a potent substance and I’ll be dead and there’s nothing I can do about it. No one cares. I’m 50 because I was on a program in my 30s I can only get anti depressants they don’t do it for me and I’m fine with it. I’m actually longing for it to happen. I’ve told doctors it didn’t change a thing. No one cares.",TRUE,"""longing for it to happen"", ""I’ll be dead"" passive death wish"
120,Need some support and advice,FALSE,"""Need some support and advice"" insufficient information to indicate crisis"
121,I have been clean from self harm for 1 year and 9 months and I don’t want to ruin that but recently I have been extremely stressed with my relationship and travelling for a weekend trip and work related issues as well. I feel like I can’t tell my boyfriend about it because I don’t know how he will react but the urge is there and is getting extremely hard to deal with. He has noticed my changes in mood and self esteem and is considering if the relationship is going to work out. I don’t want to break up but I don’t know how to tell him what’s going through my mind. I don’t have any friends to ask for help from and I’m just scared of what will happen. any advice is greatly appreciated,TRUE,"""urge is there"", ""extremely hard to deal with"" escalating self-harm urges"
122,"My partner and I recently broke up and I’m really struggling with it. We have decided to stay friends and keep in contact but I’m still grieving our future together as partners and I don’t know what our friendship will now look like. I feel at risk of doing something and I feel like I can’t turn to anyone, not even him. I want to be with him again but I don’t think my family will like that because of the circumstances that happened before we broke up. I never thought this day would come as I planned on having him in my life forever and saw myself getting married to him. I also can’t see myself with anyone else and the thought of it makes me feel sick. I’m struggling to eat and with basic cognitive functioning.",TRUE,"""feel at risk of doing something"", ""struggling to eat"" high risk distress and possible self-harm"
123,"Hi Im 61 Im beyond tired of doctors and dealing with people who dont have depression. I live in a windowless room slowly going under. I want to go out onto the street and call out help me pleaseIm so afraid if I look to deep at my reality I wont be able to handle it.I had depression and anxiety for years , been hospitalised and all the usual ups and downs. But this time is different like I dodged too many bullets and this time I wont get out of this living hell. So only suicide is left. I mean I really cant see things changing. I was desperate to stop this downhill spiral that I thought if I get a job that will save me. But now Im too sick to go to work and the new employer doesnt understand where I am and why. I now getting anxiety about thatI feel like screaming help or at least please understand me. I feel I can only relate to others with depression",TRUE,"""only suicide is left"", ""living hell"" explicit suicidal ideation"
124,"It’s interesting how our minds work. We can be so accepting and nonjudgmental towards others but as soon as we think of ourselves there’s nothing but negative thoughts. This is what I have been told anyways. But the thing is.. it isn’t just that simple. People ask me what my plans are for the future but I can never answer that because I don’t see one. I’m tired of feeling worthless all the time and the thing is when you have no friends all you do in your spare time is think… and thinking is my downfall. Because that’s when I realise that I have no one, that’s when I realise that I’ve messed things up, it’s also when I realise that it will just be easier if I wasn’t here because what am I leaving behind anyways besides feeling like shit all the time?",TRUE,"""easier if I wasn’t here"", ""no one"" passive suicidal ideation"
125,i am new so like yeah i have been thoeugh a lot ithink of just killing mh self sometimes,TRUE,"""think of just killing myself sometimes"" suicidal ideation"
126,"This is a safe space to talk about Depression, anxiety, parents fighting, bullying.Or you having suicidal thoughts or you do self harm. No one will ever know. Expect for this group!",FALSE,"""safe space"", ""suicidal thoughts or self harm"" general discussion without personal distress"
127,"Hello, my 14 yr old has been really depressed and self harming for about a year now. It has been a rough ride. A couple of months ago she became really suicidal and I think she even had a kind of an attempt. With the help of one of her friends and her psychologist she seems better now. In fact she says she has not self harmed for almost a month, the longest she has ever gone and she feels a bit better and can see with more clarity what she has done. From the outside she certainly seems better. I know suicidal people can seem better before they carry out a plan but I don’t think that’s where she is at and the psychologist agrees. As part of her feeling better and with summer coming, she has decided to show me her scars so that I can come to terms with them and she can have more freedom to where what she likes in summer. the scars are in her right arm. She is totally covered from shoulder to elbow and she has a few more between elbow and wrist. she told me not to react when I saw them and yet I did. It was just a very sad “oh Sweetpea” but of course I should not have said anything. She showed me the elbow to wrist yesterday (which I did not react to) then spent most of today crying about it and calling helplines about it while she was out. Little did I know how much worse the rest of her arm was. We talked about it but even though I initially said she could wear what she wanted, when I saw the severity of it I suggested sticking to short sleeves rather than sleeveless. She was hurt by that she told me later and she explained why which I sort of get but I also realise that those scars are obvious and the source unmistakable and I worry about her having to cope with questions or being seen differently by people (for years to come!) and I won’t lye, I worry about people judging me too, I know it is not about me but this is a factor too. I feel like enough if a failure already I can’t cope with any questions.and then there is her 8 yr old sister which I am desperate to shield from this. My teen agrees and she is not planning to wear anything that shows her scars around her sister.my questions are:1. Would like any insight anyone might have and how to help my teen stay on the recovery path (needless to say I am finding it hard to relax)2. What do we do if her sister sees the scars?thanks!",FALSE,"""self harming"", ""really suicidal"", ""seems better now"" past crisis in another person currently improving"
128,"Be prepared for a life story, but I feel I need to write it. (sorry) TRIGGER WARNING. I wrote my life story but was way more than the 2500 Characters. So Guess I'll just say Hi and i'm 7 days sober, but still feeling super unwell and wanting to end it all. I have been going though the redress scheme over the last year and it's really triggering. Is there anyway I can share my story, that is longer than the 2500 words? Thanks.",TRUE,"""wanting to end it all"", ""super unwell"" active suicidal ideation"
129,"I struggled with mental health and depression for a long time when i was younger. Bullying and family issues lead to it starting. I SH but refused to beleive i was depressed and frequently thought about suicide, I nearly commited. I'm ok now. Im 17 but feel guilty that my parents dont know. I want to tell them but I dont know how to bring it up or what to say. Sorry.",FALSE,"""nearly committed"", ""I'm ok now"" past suicidal ideation with recovery"
130,"I am 56 years. Have not worked in 9 years due to back injury. Have not had a single close human friend in years. Can't talk with family. Own a house with my girlfriend of 20 years, but have been separated but under the one roof for 4 years, separate rooms. Have not had any effection whatsoever from a woman in 6 years. Lost all my lifes savings in a scam 2 years ago. Lost my best friend of 20 years, my pet cat a month ago suddenly. I'm on centrelink jobseeker, doctor said I can't work. Been waiting a year 1/2 for disability pension. Now they are trying to find me work against my doctors certificates. Been waiting over 6 months to see a psychiatrist. Seen two psychologists with little help. Diagnosed with Depression + Anxiety, on lots of meds. Heavily addiction to porn/masturbation. I'm lonely, intensely sexually frustrated day/night, sad, tearful, not coping, bored, depressed, empty inside, thoughts of suicide often. Can't go out to meet women or people in general due to home bills/low jobseeker payments. Isolated for some years now, hanging around by myself day/night. Feel trapped with no way out of my situation. Now might have to sell our house. Because I'm getting to frustrated for intimacy + it takes money for that. I hate sleeping alone + being alone in general. I miss my pet who gave me comfort, so much. I don't have any kids. I have no support, no good advice, find it hard to make decisions or the right ones. No good advise. Live with a sometimes verbally abusive + manipulative ex who I have nothing in common with + doesn't understand or wish to hear my problems. I have no one to encourage me or share my pain, feelings with. I hate my life and want to see my only dear friend, my pet again. I don't know what to do, I feel so lost, helpless and desperate. If I do see someone of the opposite sex that I like. I'm afraid to talk to them + plus feel insecure, because I don't want to be boring. But seriously, what have I got to talk about in my life that's interesting? Plus the separated under one roof thing, would they trust me. I really hate my situation in every way. Every single day is exactly the same as the day before. I do go for walks, watch movies, gardening, but through this I still feel the same inside. Isolation, Loneliness, Depression, sexual frustration is killing me literally. How the death of my pet has made it even harder....I can't cope, I'm not coping!! Hurt so much inside!! I need real help. Have trouble expressing my feelings verbally",TRUE,"""thoughts of suicide often"", ""not coping!!"" ongoing suicidal ideation and distress"
131,"Hi,My name is ABC01. I am not going to harm myself or others. I recently experienced a traumatic death and have been diagnosed with Major Depression,Mixed Anxiety Disorder and PTSD. I have been having dark thoughts in the last couple of weeks and the right people do know about this.I have an anger tornado about my grief and I have a sadness tornado about my grief. Recently they started to merge and bad thoughts have been coming into my mind. Like I don’t know how I am possibly supposed to live out the rest of my life. Possibly 40 more years. How do I do it? Do I want to do it? Like it is now? What is keeping me here and exactly how much do I care about that? Would that be selfish of ME to contemplate my existence and what that would mean to be non existent?Why should I care if it is about me. Other people can take care of themselves. I mostly am exhausted. I don’t think I want to die. I think I just want all the intense emotions, energy and constantly have to fight/struggle every day to survive to just shut up. I would like to stop pretending. I am used to life kicking me down and dealing with heavy situations. This by far is the hardest and heaviest life event I have ever had to deal with,and the others have been pretty bad too. Life is just going to keep kicking me. That is how it has been for me. I used to think suicide was Selfish,but now I am starting to understand more,why people come to that point. Thank you for listening. ABC01",FALSE,"""dark thoughts"", ""don’t think I want to die"" distress with intrusive thoughts but no intent"
132,"Hi everyone, hope you’re all well.Havent hit a ‘rock bottom’ in a few months, but this weekend has been particularly challenging. I find every weekend I get the ‘blues’ because I am quite isolated and have a lack of routine out of my weekdays. I haven’t self-harmed since starting antidepressants (in a few months) until the weekend which is when I know things are getting particularly bad. I have been crying so much that I’ve gotten headaches and my stomach was in physical pain. I ended up contacting a helpline and vomited during the phone call weirdly enough. I am curious to know if anyone would know why this might have happened? I am still young but would never think I would go through this much pain in my life at my age. When I am depressed, I find myself ruminating about all the ‘bad things’ that have happened to me and feel sorry for myself. I thought things were getting better but I end up back in the same cycle. I wish I just had a friend that I could talk to or hug. Someone that would tell me everything’s going to be okay. I wish I could tell my younger self that but I feel I would be lying. It’s also been hard for me to go out without criticising my appearance and feeling uncomfortable in my skin. And when I do, people, particularly men, have made me feel extremely uncomfortable or I even experience people yelling at me from their cars when I go for walks. I often see other girls who are extremely pretty and wish I was them. I feel like my life would be more simple if I was just ‘prettier’. I’ve spoken about this with my therapist as I am also recovering from an ED, but in recovery it’s extremely hard to go against society’s expectations as there is so much value placed on looks that we are made to believe it defines our worth. When you recover from an ED you have to unlearn that belief, which is challenging. Sometimes I think it would be easier to just give in and only be something people want to look at.Thank you for listening",TRUE,"""self-harmed since starting antidepressants"", ""getting particularly bad"" relapse into self-harm behaviour"
133,"I don't see any meaning in life and don't really want to live anymore. I've been questioning why I do anything at all since I was a young teenager. At some point, I think I came to the conclusion: ""I should live to make myself happy and/or make other people happy"" And that must have worked for a while... But now, I'm questioning: ""Why does happiness matter?"" After all, suspending any beliefs beyond the physical world, when one abstracts happiness to its basic components; is it not just ""The right neurons releasing the right neurotransmitters at the right time""? Why do I even exist in the first place? Being an atheist, I believe I came from a line of species that was most fit to survive in their environment at the time. I believe that line of species originates from some kind of primordial soup. In that primordial would have been a simpler form of life, such as bacteria: Cells without a brain, without will, ""alive"" because the metabolic reactions taking place in and around them sustain themselves. That's all I think they were, self-sustaining metabolic reactions. The result of the laws of chemistry just simply existing. This is what I believe I am. This makes me think there is no point in life and I'm just the result of natural selection after the laws of chemistry/physics. But, I'm not just some unembodied consciousness drifting in a void, I'm a human in a body, a brain: I have emotions. I still feel sadness and inevitably will, but I don't see a point in suffering through it. So, why not just die? I mean, there's totally more questions to be asked though, like: How/Why does this universe even exist in the first place? How/Why are physics and chemistry like that? If happiness can be abstracted to a bunch of chemicals (i.e. neurotransmitters) at the right place/time, what can the particles that make the atoms that make those chemicals be abstracted to? (I have no clue) Is there any meaning in the answers to these questions? On a more personal note: I began socially withdrawing 2 years ago, I started SHing about 4 months ago and I feel like I might allow myself to die if I can't see a reason to live or at the very least, feel motivated enough to live. I have people in my life who miss me and be affected by my death, so I'd like to avoid going through with that... But I guess, if I look at what I've been typing, It wouldn't really matter... If you guys have anything to say; philosophical, anecdotal or otherwise: Please do, I would love to hear it. thx 4 reading my super long post.",TRUE,"""don't really want to live anymore"", ""why not just die"" active suicidal ideation"
134,"well pretty much the title says it all. I'm 45 unemployed, unemployable, have no friends and no family. i live for my two dogs. and i seriously fear when i no longer have them. i spent my life depressed, i suppose i thought someone was going to save me. o how silly that thought was. now I'm totally alone, out of shadowshape physically and emotionally. i no longer see any reason to live other than these dogs. I've tried re engaging in old interests like computer programming. but it's no longer interesting for me. perhaps i just know it's too late what's the use. I'm constantly fighting off thoughts of suicide. one look at me and everyone avoids me as I've got the sicko look. i just can't stand being around people anymore. humans are pretty awful these days. i have lived on the Gold Coast all my life and well I've never enjoyed it. i want to move away to some small town in the middle of nowhere but IM not allowed to because I'll lose my welfare. I'm not wanted here and can't leave so i often find myself just planning to unlife myself. nothing to look forward to and nothing to bring to the table. why continue the misery. that's what i wonder. why continue... this has been my life since 25 so 20 years of isolation, sometimes i try and willc my heart to stop. i can't work because i need to sleep every 3 or 4 hours.",TRUE,"""constantly fighting off thoughts of suicide"", ""planning to unlife myself"" active suicidal ideation"
135,"I'm 19 and my boyfriend has been living with my family for about a month or so now due to his home life being bad. There was an incident early on into this where i hurt myself after he stopped talking to me because he saw pictures id had in my locked folder of some self harm from about 6 months ago when i accidentally opened the folder in front of him. id been clean for about 6 months previous to this and when he found out I'd started hurting myself he lost it and tried to hurt himself in front of me and wasn't able to forgive me or himself for a couple of days. I promised him i wouldn't do it again I had an argument with my mum this morning and she threatened to send me away to live with my dad and call the police and the hospital on me, ive never had an argument this bad before with my mum and i hurt myself again and I'm really scared he's not going to take it well. i feel so awful because it never used to be an issue since noone would see it, but now i have someone who does notice and i know by doing this I've directly hurt him and I dont know how he's gonna react, i really love him and i dont know what id do if i lost him because it feels like he's one of my only friends sometimes.",TRUE,"""hurt myself again"", ""really scared"" self-harm behaviour"
136,"Hi, this is my first time trying this but I need some advice. I'm 16 and have had a history of SH since i was 12. I don't really know what started it. I have tried to stop but I keep going back to it, even when nothings wrong I just find myself relapsing again. I always feel like I'm being overdramatic when it comes to my mental health and feel like I'm faking the whole thing. Earlier this year I got diagnosed with anxiety and depression and had tried therapy but honestly it didn't help at all. I want to be able to tell my parents but they think that putting me in therapy solved all my issues and they are not people I feel comfortable sharing this with. As much as this is horrible a part of me wants to get worse and never recover. Is it normal to feel like this or am I just attention seeking? I've also many times found myself thinking about wanting to die but never having a plan. Like I have thought about most likely methods I would use but I never actively wanted to pursue any of them. Some were brief and some really strong. Last night i found myself having these thoughts in my dream. I don't want to die but I want to disappear. I have intrusive thoughts about hurting myself, but I don't know if its related. Am I even making any sense haha? there was a lot more that I wanted to say but I don't know how to put it into words. I really don't know what to do.",TRUE,"""history of SH"", ""thinking about wanting to die"" suicidal ideation without plan"
137,"I am 54 yrs of age and I have suffered with a mental illness since I was 21 yrs of age. I just have a question. Can you really get better? Has anyone on here gotten better? I have been wondering lately what hope is there and why am I working so hard for something that is not achievable. I am safe today but not always. If you knew me you wouldn't think here is a lady with suicidal thoughts. I am good at hiding how I feel to protect others feelings. I have professional support but it doesn't help. I would probably say that the psychologist appointments make me feel worse. I have seen loads so don't really see the point in trying another and going through my story again. I just want to know, from other sufferers, if there really is some hope. Thank you for reading.",FALSE,"""I am safe today"", ""suicidal thoughts"" ideation but currently safe"
138,"What do u do if you have:No supportVery little moneyNo familyNo friendsNoone likes me and I just can't connect to ANYONE, and I don't know why I'm this way. So what is the point!!!",FALSE,"""No support"", ""what is the point"" hopelessness without explicit suicidal ideation"
139,"Hi, Im a 39 year old male, and I'm sick of living. I can't think of any time in my life that I've been happy and wonder if I can even feel things like that. It's like im either apathetic or depressed, no positivity. I've tried a few things, but I struggle to see the value in continuing to struggle when there isn't really an outcome. I've just found a job after 6 months of being out of work after I had a breakdown and was unable to do my previous job (IT Industry). I'm really struggling with this new job too, and really don't know what to do if I can't get it working. It's hard to do anything or make a decision when I really don't care because I'd rather not be here at all. I' m not in immediate danger. Thanks for reading, Steven",TRUE,"""sick of living"", ""rather not be here at all"" passive suicidal ideation"
140,"I have a really good friend that I would always like to hang out with, but she always declines because she has to look after her nana . It gets me depressed when I can't hang out with her. I haven't seen her face to face in 3-4 years . I'm always texting her , we've been friends for almost 10 years now . Sometimes I think to myself, it's better I die because she doesn't have time for me. I struggle with depression and anxiety so it's been difficult. I have a prevention plan but it doesn't help and my psychologist isn't very helpful either , I've been to like 3 or 4 psychologists now tbh. I feel like this is my only safe space...not gonna lie...",TRUE,"""better I die"", ""struggle with depression"" suicidal ideation"
141,"I have a toxic mother who hates me & just sent me a disturbing and uncaring email about myself & my big sister who committed suicide in December because of her life time of mental abuse. My sister begged me 2 months before she ended her life to move in with her so I could help her cope with our ""mother"" & I said no. Two months after I said no to moving in with her, my big sister ended her life, I feel so much guilt. This world is not for me and as soon as my little dog die, I will have nothing left to live for. I thought that my big sister committing suicide would bring my younger sister & my niece closer together as we have all have been poisoned by our ""mother"" & ""grandmother"" but no, it hasn't. I am watching music clips from all the saddest songs in my life, ""Maggie May"" my older sisters favourite song and others that make my cry because they remind me of how sad & pathetic my life is & why life is not worth living. . Thanks for your valuable time",TRUE,"""this world is not for me"", ""nothing left to live for"" strong suicidal ideation"
142,"I have had anxiety and depression since I was little, I am now 39. I go through stages that I like to call ""episodes"" where my depression and anxiety are quite back but I have always been able to get myself out of it and into a better headspace. That was until September last year. I have struggled with some losses in my life( I lost our cat and that loss consumes me heavily to this day), my husband and I are dealing with a really nasty family member, we lost some family members, we lost another fur baby 2 months ago, I used to be sooo close with my sister she is my best friend( but I feel like we aren't close anymore) and I have really been diagnosed with a health issue that is taking some time to adjust to.I usually love going to see my friends and going out, but the last few months all I want to do is hibernate at home with our cats. Of last I have these thought of ""What's my purpose in life""? I feel like no one really needs me. Which then has me thinking if I wasn't here although people would be sad at first, they would be ok in the end. My husband would have our cats and friends and in time could find someone else to spend his life with who has less issues, my parents have their new life in QLD with their close friends and my sister has her son and husband. I was without work for a few months and I recently got a job, which I thought would be great for my mental health and I would be able to help my husband financially, but I get such anxiety every day thinking about having to go into work. I can't sleep properly, I feel sick in my stomach, can't eat properly, end up with migraines. I feel like I'm not ready to face the world. I was hoping people could offer me some advice or techniques on how they get through this?!I used to have my own techniques and was able to overcome these feelings, but I feel I'm to far down and am struggling a bit this time round.",TRUE,"""what’s my purpose"", ""if I wasn’t here"" passive suicidal ideation"
143,"Hi I'm Cindy and I am posting in here because I didn't know where else to post this. I am suffering from what I believe is Benign Fasciculation Disorder. It is an unknown disorder with what looks to be no treatment or no recovery (it will either go away, or it won't). It's a 'harmless' disorder that consists of twitching of the muscles 24/7. It might not be considered harmful but it is mentally draining, annoying and prevents me from sleeping at night with non-stop twitching. I've had this for 7 weeks now, insidious onset. No idea why it started. Doctors can't help me. I've had blood tests and my blood levels are fine. I am not Magnesium or other minerals deficient. They don't think it's MS or ALS. They say I'm 100% healthy. Doctors perscribe muscle relaxants to 'stop' the twitching at night but I'd rather not take them as they cause addiction, depression and other unwanted side affects. I have no idea if Anxiety, physical activity, stress etc causes it or if it just 'does it'. Some days it lets me sleep at night, other times it doesn't. I live day to day in fear of whether or not I'm going to get a good night's sleep. If I feel a twitch I panic. If I don't get a good nights sleep my mental health drops. I become hopeless and have thoughts of suicide. Hopelessness being ""well no-one knows what it is, no-one can cure me, I might be like this forever. No one knows, no-one can relate, there's no hope, what's the point?"" I'm trying Physio at the moment but even the Physio can only guess. I'm doing all these exercises which I think are not helping. They are just causing twitching in other areas of my body that I didn't have before. Now I have back discomfort from it. Yes it stopped a bunch of twitching in the knee area of my thigh, but now other areas of the same thigh are twitching. I'm here to find out if there are others with this condition and if so, what do you do at night to help you sleep through the twitching? I can deal with it throughout the day but not at night. I need to sleep!",TRUE,"""thoughts of suicide"", ""what’s the point"" passive suicidal ideation"
144,Hi. Ive never done anything like this but here goes. Looking for people with similar experiences that maybe have Bipolar and Dissociative identity disorder.. Ive got a long list of diagnosis and have been medicated for a bit over a year. sometimes I forget to take my medication. just one of those things. Despite the medication I am far from cured. Due to having many conflicting issues it is difficult to treat. I can see when im spiralling and when things are getting bad. My issue is reaching out for help. No-one understands or can relate. Im just looking for someone who may have spiralled down into their depressive state. Dissociated and have hurt themselves as a result. maybe im a little scared as I have never been in this state before and scared of myself. Logically I know that it wasn't something that I should've done however the other me was stronger at that time. And I was just a paralysed bystander watching while other me was in control. I don't often dissociate to this degree. It's a rare occurrence. but it seems each time is worse when it does happen.,TRUE,"""hurt themselves"", ""scared of myself"" self-harm behaviour"
145,"Hello all It was been more than 2 years since I attempted to take my own life and I thought I'd drop by to let you know that I have fully recovered and am enjoying life again. In May 2022, following my attempt, I was diagnosed with caregiver burnout. My adult son, who has autism, ADHD, intellectual disability and Bipolar II was still living at home. He is now in supported NDIS accommodation, and I am really enjoying having the freedom to do what I want, when I want. I had also been looking after my elderly parents. Mum had been thrown into psychotic depression from the Covid Lockdowns here in Melbourne and was a hospital admission. Dad had undiagnosed mild Alzheimer's and i hate to think how hard it was for Mum looking after him on her own. Long story short being a sandwich carer was just too much. Mum went into care in late 2021 and Dad followed soon after. I was falling into a carer role with Mum and ultimately, it's what did me in. My brother has taken on the carer role, and I am now able to just be her daughter. Dad, sadly, passed away a few weeks ago but he was 89 and it was peaceful, so I'm ok. I did all my grieving during 2021 while supporting him at home while Mum was in hospital. Bottom line, I accepted help and counselling following by a few months of therapy with a senior psychologist helped me enormously. I made a full recovery and got on with my life. Such help is vital if we are to recover from such a profound experience. Today I find it hard to imagine that I ever felt that bad. But I did. I ended up writing a book entitled, ""Behind the shield of a strong facade: A suicidal crisis"". Thanks for reading.",FALSE,"""attempted to take my own life"", ""fully recovered"" past attempt with recovery"
146,"Hi everyone, I'm 17, I was born with a disability (a hand and arm difference that all in all affects me very little physically in life), I went on exchange last year to France, I am an academic student who is about to commence VCE and aiming for a high ATAR to get into law, science, commerce, global studies or whatever else, and I just feel like I don't have the right to live. Despite my privilege (growing up in a wealthy area with stable food, housing and education), I struggle to find jobs and experience due to my disability (even though I am perfectly capable of performing the job even without adjustments), some teachers speak to me as though I'm stupider than my classmates and don't treat me like a functioning human. I can't shake this feeling that I am less of a human than others and that I was just born wrong. Teachers treat me like a burden when I want equality and I have been told that I can just miss out because of my disability. I feel like a failed genetic mutation, and I worry about putting any potential future children through the same thing as me. I had to have surgery to ""fix"" me as an infant and I really just feel like I shouldn't exist. I would be in an asylum a few hundred years ago, and I wouldn't survive natural selection. I feel like my life is a burden to others who are abled bodied because it's sometimes treated as one, especially when I don't conform with standards and speak up. I don't want to die but I feel as though my teachers and strangers sometimes believe I should and sometimes believe my parents would be happier or better off if I was just normal. I'm fighting a relentless battle for equality, I feel like I have to prove my right to exist everyday and I'm so tired. I'm wondering when my breaking point will be, because I feel like I'm just waiting for it to arrive.",TRUE,"""don’t have the right to live"", ""burden to others"" passive suicidal ideation"
147,Has anyone else experienced severe suicidality in relation to perimenopause? Did anything particular help? There is apparently a strong association for some women. I had a major drop in oestrogen a year ago resulting in severe anxiety/depression/suicidal ideation then. It’s re-occurring now. I have complicating factors of c-ptsd and complicated grief. Saturday was the anniversary of my mother’s sudden and distressing death. I was extremely bad on Friday and early Saturday. I’ve been calling helplines and had some practical help. It helps regulate me for a few hours then I start to disintegrate again. It’s a feeling of totally failing apart. I do have a psych appointment on Thursday and I’ve booked a counselling appointment with the Australian menopause society as well. HRT may help but I have to look at how it will interact with my liver disease which can be a complicating factor. It’s a rare disease and not well understood or even known about by most medical practitioners. I just feel totally overwhelmed.,TRUE,"""severe suicidality"", ""overwhelmed"" active suicidal ideation"
148,I have had enough,FALSE,"""I have had enough"" distress without explicit suicidal ideation"
149,"61 years and I'm still here but what is the point, its not going to improve, I feel certain 61 years of this mongrel depression has proved that and I'm so tired of it, tired of everything that goes with it, like the guilt that you just want to be dead but everyone telling you "" no you don't, just hang in there, reach out, there is help if you just reach out"" for many that may be true, but for so many of us reaching out has been a nightmare that only made a bad situation worse, for many of us it is just going to be an endless painful struggle till at last our numbers up, so how does it make sense to ""just hold on"" what would make more sense is legalize assisted suicide, so us hopeless cases could leave this world in a humane painless, no fuss or mess way, not for those who can be got past a rocky patch and will come good but those of us that will never be free from Depression it would really help. It would be great to have a legal team as part of it to help get your affairs in order so as not to leave a mess for loved ones when they least can cope with all the rig mer roll that comes with death. I know a lot of people will think this is horrid as they feel life is precious and what I would give to feel that way, I did once when 1 med worked for years, life was great and i wish I could get that back but the medication stopped working and 45 ECT's, countless combinations of medications, therapy, TMS and positive thinking has done nothing to bring it back. Depression really really sucks and I'm really really tired of fighting an unwinnable battle",TRUE,"""tired of it"", ""legalize assisted suicide"" persistent suicidal ideation"
150,"I'm about to lose my house, I haven't been able to work for three years because of an unidentified breakdown of skin on my hands and severe depression and possible undiagnosed schizophrenia/personality disorder, psychosocial maladaption, my gp won't support my tpd claim with GESB, my superannuation and I think my sons would be better off eithout me, at least I can leave them my home. I have no family, friends or social contacts for years now. My mother is a narcissistic megalomaniac who is violent, aggressive, abusive and coercively controlling, if I could sue her I would. All four of her children are unemployable, without relationships and in poverty, all on disability payments while she ponces around like royalty, deluded, in her stable home she battered her now deceased third husband into giving her. In a few weeks I will have money from the sale of my home and nowhere to go - itinerant. Accessing my tpd insurance and early super would change that but the ""system"" is watching me fall through the cracks and thinking nothing of it, only after will they lookback. I am living proof - a red flag - ignored. Bias, presumption and judgement have clouded my gp's decision making, the specialists are no different and there is no mental health support out there at all. This is the system broken. Only when it's too late, someone might consider what else could have been done. With all this right in front of their eyes, as clear as the nose on their face, only when it's over might they reconsider their poor decisions. Too late. Learn now! I have been using medicinal drugs and it's made things worse - a big step backward for its efficacy, not to mention the social stigma and isolation. I have not left my home nor seen anyone for years now, sleeping on my couch, temporary, on the way out, with a biological family revelling in the drama and my demise. Can you sue parents? My mother's gp has carved her up but never treated her twisted, abusive, controlling, perverted and angry nature, well hidden in short consultations. Despite contacts with services and waiting lists for assessment, I am just one person of millions. I have lost everything and see a future of more loneliness and suffering. I convince myself selling my home and starting again is better than ending it. An itinerant. What's the difference.",TRUE,"""better off without me"", ""lost everything"" passive suicidal ideation"
151,"I'm not really sure what to post here, in 2017 I went through a Divorce and my little girl was moved 400 kms away from me to a regional town. I tried to kill myself, failing I sold off everything owned including my house, paid out my ex wife and moved to be closer to her my daughter so I could see her more. I've since moved again to a tiny somewhat remote town and work a job i dont like. We have been in a custody battle for 4 years which has taken all of our savings and I haven't seemed to be able to get a win. I'm tired, broken and out of energy. I feel like a burden on my wife and I find no joy in getting out of bed, in fact I no longer want to get out of bed",TRUE,"""tried to kill myself"", ""no longer want to get out of bed"" past attempt and current depressive state"
152,"I’ve been diagnosed with ADHD, anxiety and depression, but I’m really struggling. I try to talk to peers about it but I most in similar situations have some huge trauma they went through in their life, but my childhood and everything was fairly normal. I don’t know why I’m struggling and it feels like I’m overreacting or doing it to myself. Maybe I am, idk. I just don’t understand why I feel the way I do as most seem to have some kind of clear trauma that lead them to feel the way they do, I don’t mean to sound self absorbed as I understand that trauma like they go through must be absolutely horrific and I sympathise a lot. But I feel like I’m drowning but I don’t know how to swim.",FALSE,"""drowning"", ""don’t know how to swim"" distress without suicidal ideation"
153,"I lived too long. It is all too hard. I can't do this any more. I tried so hard to makenit work. To reach out of my old ways and try to find a place for love and compassion. To stop pulling back but I am just pushing those I care about away and hurting everyone I love by being alive. I wanted to engage the vast love in my heart, the thing I have hidden all my life to stop it being used to hurt me. But pain is all there is. The irony, that which I believed would make be be able to live again is killing me. The old pain is back. I am an embarrassment, a failure, a reject, I have lost myself and there is no way back. Just to surrender to the mission. I need toncomplete the job. I was afoot to believe it could be otherwise. O allowed myself the belief that I could have life again that it might just be an option. But no. I was so stupid to believe anyone could care, anyone was there for me. My wife hates me my friends and not real. They don't care. My mission was to holdnit all together to get my Child to adulthood and then I could be gone from the world, but I allowed myself to believe that there was another option. There is not. I want to die now. But I have to do my jobs Take care of the dog, run around for a wife that hasn't given a shit about me for 20 years",TRUE,"""I can't do this any more"", ""I want to die now"" explicit suicidal ideation"
154,I can't do it anymore it's all to much,FALSE,"""too much"" distress without suicidal ideation"
155,"My friend attempted suicide about a month ago, he is thankfully ok and I have seen and spoke to him numerous times since. At the time I was obviously very distraught and I don’t know that I acted in the most helpful manner. I texted him saying that I’m here if he wants someone to listen and talk to but also if he wants space or anything. He has spoken to me in the past about things and again I’ve seen him since and everything. I just don’t know how to navigate the situation and how to properly be there for him. Like he’s told me he’s doing better and seems to be looking forward to things but also idk whether he just doesn’t want to actually tell me. It’s really scary because when he did it I didn’t see it coming, like I had talked to him that day and he seemed normal so it’s difficult to know. It just so hard not to think I’m not doing enough and that I didn’t do enough before. I want to be able to support him in anyway he feels comfortable with and I’ve told him that but idk. So I need advice on what to do because I really don’t know and I’m scared I’m not doing enough to be there for him, but like idk he might not even want my help.",FALSE,"""attempted suicide"", ""how to support him"" third-person crisis without own ideation"
156,"Hey guys. I am 13 and I have heard about so many people who are going through anxiety, depression and the thought of suicide. I just want you to know your going to be ok. People love you. You may not think so but you will be.",FALSE,"""you’re going to be ok"", ""people love you"" supportive message without distress"
157,"I don’t know where to begin been dating my partner for eight years three been cheating on them emotionally and physically talking to all of his exes and also discussing his sexual life. Our sexual life with his exes talks about me said he felt like that I’m just Sister to him that, I’m older than him. I am older than him but not by that much. I’m not gonna do and how much I’ve done for Guy but I’ve done a lot but what is broken? Even more? Is the fact that he’s protecting all these people and all these other social platforms like Reddit etc. And bagging me over 12 months to get a stroke of ego and for people to feel sorry for him and made me out to be this evil monster which he was the one I’m working he’s just operating around the gym for 12 hours talking to women and plan to leave me but yet he wants a baby with me spent thousands over $70,000 freezing my eggs and everything for Ivf Then I caught him out. Then he rushed me to get married. Wipe me off. My feet made out. It was his idea but then went onto Reddit that night and complained that he didn’t wanna get married that I forced him to just say his ex would see all this and make me out to be a monster . He tried to suicide many times. He’s been aggressive since we got married. I know it’s because he’s fucked up and he doesn’t wanna get caught out. I’ve got all her details all his details. I’ve given him lots of chances a safe place to explain to me why he denies it and makes it I’m going crazy . I’m angry with the fact that why did he marry me if he wants to be with her he says he’s in love with me. I’ve been through so much garbage in my life and if I tell anybody all of my friends and my family wants to bash him up or two, they will tell me to sell them. I know I have to leave, but it’s getting the strength emotionally to leave His life out of his way to find someone to screw them to justify himself. I’m embarrassed. I trusted someone and finally let them into my life treated like garbage for no reason. I’m starting to hate him but I just wanna know why he can’t just tell me the trace so I can move on And why did he marry me cheating on me because he talk to everybody? He has all of his exes everywhere and he had violent charges on him. I’ve helped him so much. I thought I was and spoiling and I think holidays money cleaning up. I just can’t be bothered doing any of it. It’s like I’m just surviving , out of my way to watch porn and criticise but I was doing not knowing that it was out of my comfort zone and the fact that I was doing it to him he couldn’t take the time to even do that. Very selfish person. Know these things but I guess I just wanna know Shall I just leave and let him figure out but I just can’t talk to him again we’ve been through a lot and a few deaths and he told me basically he’s only me because his whole family will just say that he stuffed up if he lost me and he’d be jealous of someone else had me like this. I’m not a normal person , please people give me your thoughts. I said so much to go into detail and use all think I’m crazy for staying with someone like this.",FALSE,"""tried to suicide many times"", ""emotionally to leave"" distress due to partner behaviour without own ideation"
158,My bother has been suffering from depression for about a year now. Yesterday he sent me a message saying he was a mess and just driving around in his car. He then told me he was going to end his life but couldn't go through with it. He has a partner and two kids aged 5 and 3. I think maybe he couldn't go through with it because of his kids. He says he wont talk to anyone. i don't know what to do.,FALSE,"""going to end his life"", ""couldn't go through with it"" third-person suicidal crisis"
159,"Is it really worth holding on for help? I'm really at a point now were the urge to end it all is such a pleasing thought, I've struggled with my mental health all my life (I'm 30 btw) its destroyed my career and my friendships, I've never been diagnosed, or anything, I tried to end my life at school when I was 15 in front of the whole school... I wished it had worked... I've seen many doctors many counsellors but nothing, still im here, I always promised myself I wouldn't leave until my mother passed then I'd do it, but now it seems like who cares?, everyday im here I just day dream about how I will end it all.I've been vocal to doctors about it and the suggest this and that, they refer you to a specialist who has a 8 month wait until you can first see them at a expense of my whole weeks retail wage and some more.So what are we supposed to do? ""Oh but theres crisis lines 24/7 chats like Beyond Blue and Lifeline"" oh cool! maybe that may help ""clicks on link, theres 15 people in front of you, EWT is 1 hour"" you sign up to something like SANE and same thing your waiting months just to be seen or talk to someone.The point i'm getting at here is no-ones going to save you, why not save yourself the pain, just think once its done its done, you don't have to worry.I've had this re-occuring thought for years now, I walk into a hallway with my family and friends, theres a busy crowd of people walking the other direction, I walk into that crowd and get lost to my family and friends and they don't notice, our maybe they do for a short period of time, then I'm gone, forgotten only a blip til there lives expire.",TRUE,"""urge to end it all"", ""day dream about how I will end it"" active suicidal ideation"
160,"Hi, I'm 13 years old I have 5 disabilities including autism ADHD and anxiety. I also recently got told by my therapist that I have post truama from multiple different occasions. I'm scared I'm tired and I struggle to get out of bed every morning. Some days are really good and I generally enjoy being here. Others I just want to end the pain, the sadness the numbness. Recently I've been a bit better. After finding out I have post trauma things made a bit more sense and I've been able to work on myself a bit more but I'm still struggling more than I am happy. I'm scared that I'll never be okay. People keep telling me I just need to try but I do I really, really do. I exercise when I can, I drink lot's of water, I make sure I get enough sleep, I try so so hard to think positively, I've set goals. The thing is every single time I think I can do this! I can get better. Something in me beats me to the ground and say's nice try but you're doomed to a life of misery and then I'm back at stage one. All I want is to be okay. but I don't know how or where to start or even who I am. I act different for everyone I create personalities and theres been times where I am like this is me I've finally found me but then eventually I realise no this isn't me. It's like I'm stuck in this pit that's slowly being covered up with me still inside and the longer I take to get better the more I loose myself, the harder it is to get better. I just want to be okay... Please if anyone has any ideas on what I can do to get better or even just where to start. please tell me. I'm so lost.",TRUE,"""want to end the pain"", ""struggling more than I am happy"" passive suicidal ideation"
161,"I was bullied in numerous ways during high school and hated everyone there. I have no fond memories of what should ideally be my teens and some memorable younger years for most people I guess. I was unhappy until 23 because I stayed in touch with toxic acquaintances who thought they were better and gave constant opinions and judgment. I did terrible suicide destructive mistakes because I wanted to dumbly die, since I had no financial support to drive, I had no direction for suitable jobs and any opportunities regardless from my pathetic job recruiters. I never wanted apprenticeships, construction or University, wasn't eligible regardless or the personality to study. I also had a infatuation with a girl that died and I got really upset since she was uniquely overly attractive in a way that I put her on a pedestal, she was my favourite obsession and I just went insane during that time to not care about living and became un appreciative with my life, despite loving my brother and mum, I wasn't thinking of them during that phase of my life. It caused me to be mistakenly diagnosed with Schizophrenia or having psychotic history. In 2017 at 22 I became diagnosed tragically with pre diabetes due to detrimental pharmaceuticals. I than had my gallbladder removed in 2020 three years shortly after which is even worse. Before this I overcame weight gain, I've even got some stretch marks. I have the bullshit compliance of having to continuously get scripts from my doctors and than go monthly to the chemist and buy un wanted meds with my limited pension income. I can't even mention about any spiritual beliefs but it's just make my life worse, with all the unwanted remarks and I can't even think internally or have private thoughts since their connected. Constantly told I'm not intelligent, different and there's gossip occurring. When I was going for my driving lessons. I had many issues that I didn't want to deal with and I ended up having my original O.T. therapist discriminate me, after she ignored me for one year to say I wouldn't achieve my licence, she discouraged me to keep trying, wither I should not spend my money on continuing. Given no support jus pension. I've never had suitable friends who had my best interest and shared relatable hobbies. I'm still a virgin since I can't get my life in a ideal standard with full time work, a mortgage and even social confidence since I've been bullied and had so much trauma or suffering since 2008 that got worse in 2012 onwards.",FALSE,"""wanted to die"", ""suicide destructive mistakes"" past suicidal ideation"
162,"I am a 66 year old man who shouldn't be wasting peoples time on here. After years of depression & a couple of half arsed attempts at suicide, I am beginning to think I have Bipolar. I am on prescription medication for a variety of things including depression. I am a retired functioning alcoholic. I have it all. I normally get over my issues by riding one of my motorcycles (generally toward a pub somewhere) which helps me immensely . (the ride not necessarily the pub). I am for the most part comfortable with my own company but easily fall into conversation with others. I just wish I didn't have these random attacks that leave me devistated & emotional to the point where I struggle to deal with my mental train of thought. I know that sooner or later I am going to disappoint my wife & supposed friends by taking the ""easy""",TRUE,"""taking the easy"", ""disappoint my wife"" suicidal ideation"
163,I feel so frustrated at the minute I cannot find any motivation to do my job. I am letting people down and I don’t want to but I can’t find the energy. It takes everything I have at the minute just to get through the day. I recently broke my back (can still walk but in constant pain) I quit a toxic job with nothing to fall back on. I owe a bunch of money to the ATO and my mortgage is about to double in a few weeks. I am trying to stay positive but struggling to keep up this facade. I think I’ve suffered from ptsd for last 2 yrs after my brother attempted suicide and feel like there has been a downward spiral since that I’ve struggled to come back from. He is my closer friend and I found him after he'd attempted to take his life. I guess I’m writing this to vent but also in the hope that someone reading this who is thinking of doing something extreme reads it and realizes your decisions have knock on effects to the people who care about you and you might think you are being a burden but know from someone who has had to deal with this trauma your friends and family will be far more burdened by your absence than anything you could put them through at the moment.,FALSE,"""struggling to get through the day"", ""downward spiral"" distress without suicidal ideation"
164,"I just turned 18 and I don’t know what’s happening. I have often had some bad thought since I was 12 and I have attempted twice before and failed . Yet still I haven’t been noticed but my family, friends and even my therapist. My mum find a way to make my depression into hers and blames me for what I can’t control. Stuff like being unable to keep the house clean. I can tell my friends because I don’t want them to think of me differently. My therapist who I go to even couple of weeks seems to think it’s not serious. I feel like it is. I downloaded the beyond now app to help me through the hard nights but when I had to put down people I can talk to and reasons to live I felt very stumped, ultimately making me feel worse. I daydream a lot and I have managed to create my own world that I go off to when I don’t like this one. I sound like a weirdo but it’s what I do. I have an imaginary friends that I can hear at times and faintly see. I don’t think that’s normal but my therapist makes it out to be. So ultimately, according to everyone, I’m perfectly fine.",TRUE,"""attempted twice before"", ""felt very stumped"" past attempts and ongoing ideation"
165,"i have been clean for almost 2 months now, im super proud of myself, but after not really thinking about it for days I will randomly get really strong urges? AAh i know its probably normal but its really not fun, anyone got any tips to deal with urges?",TRUE,"""strong urges"", ""tips to deal with urges"" self-harm urges"
166,people have been making fun of me beacuse im small and i got leaked,FALSE,"""making fun of me"", ""leaked"" distress without suicidal ideation"
167,"1) I am 29 with no active payed work history. I've never wanted to be a apprentice, do a traineeship or anything in construction or the trades. I would struggle with Year 12 VCE and I couldn't be suited for University. I never wanted to work the typical industries like hospitality, sales, factory and retail. I've never known anything beyond the limited scope of conventional work and nothing of that seems suitable and desirable for me. 2) I never had a close relationship with my father. I've hated him ever since I was little, It started with him trying to make me follow his AFL football team, or he would be overbearing and verbal to my mother. He only understands himself, His selfish, arrogant, un caring, ignorant about many things. He can be devious and talk behind your back if he wants to, because if things are kept secret he won't have a guilty conscious. He prevents me from having valid feelings and problems and sais I'm on holidays because I'm un employed. He wants a house of peace and doesn't let me talk to my mother if his bothered about the volume of his T.V. His told my mother that I shouldn't be driving and that I don't want to work. All during high school my father was complaining to him about school feels and that I was taking days off and his friend was saying to pull me out of the only ideal private high school I could go to. I was bullied all during high school verbally and even physically degraded. I hated everyone in that school everyday for six years. Generally any issue that isn't his own problem, He just said why are you telling me for, or what does it have to do with me.",FALSE,"""bullied"", ""verbal abuse"" distress without suicidal ideation"
168,"I don’t get it why do I feel this way, I just want to feel loved and appreciated again, I have no one but myself it feels like. My parents don’t care they rather let me do it then help me, I don’t want to put my love through this bc it’ll hurt him as much as it hurts me and I can’t see him do that to himself, I just hate life I hate how much control my family have over me",FALSE,"""hate life"", ""no one but myself"" distress without suicidal ideation"
169,"Ive been struggling with masterbation since I was really young. When i get the urge, I start feeling dizzy and shaky. My heart beats fast and I feel nauseous. After I feel disgusted and angry with myself. I noticed that, most of the time, I masterbate when I am not doing mentally well that day. But there are times where it just comes randomly or triggered from somthing I've seen/heard. I was sa by my cousins when I was younger, but I don't know if this is the cause of it, due to not having any memories of that time.",FALSE,"""trauma"", ""feeling disgusted"" distress without suicidal ideation"
170,"feeling trapped. feel like my family would be better off with out me. I make so many mistakes. My husband says he hates me and that the children would be better off without me. I really cant blame him. I want to run, but i would miss my beautiful children too much. if i die, i wouldnt miss them and they would not be involved in a horrible divorce. I destroy everything i do or touch. i hate it, i hate myself so much. but when you talk to me in person i am extremely defensive and come across as aggressive. I am ADHD/ASD and BPD. the world simply hurts too much, but i dont want to hurt my beautiful children. I love them more than anything, but sometimes im not a good mum as they see me cry alot and that is trauma to them. i want them to be happy. their dad is a brilliant father!!! they dont need me. i make too many misakes",TRUE,"""better off without me"", ""destroy everything"" passive suicidal ideation"
171,"i know that i have a lot to live for but i really want to end my life right now, idk im just trying to distract myself from the thoughts",TRUE,"""want to end my life right now"" active suicidal ideation"
172,"I've loving my life since accepting that I was born with a female mind (& male body), however I am struggling to overcome 40 years of depressions with almost daily thoughts/dreams for my life to end. As part of my attempt to heal, I reached out to a woman that I went thought high school with (only person from school that I have ever reached out or responded to). I then spent the next hour in tears and wondering whether my mind has been damaged beyond repair.PS. I have a proven method of recovering from such situations - rereading my transition journal has always brought be back into the present.",TRUE,"""thoughts/dreams for my life to end"" passive suicidal ideation"
173,"I am a 33 Year old male in NSW. I just don't know what to do anymore, every ounce of joy life once had has been sucked out of it I have no family or friends. all I do is work, and when I get home I am just waiting until my next shift starts, Cost of living leaves me with nothing to the point I have budgeted to only eat three days a week and I try to keep it to workdays so I have the energy to function. The landlord has just increased the rent and my car is in such a state of disrepair it will probably fail me any day now, I won't even be able to live in it after I get evicted when they raise the rent again I have absolutely no idea why I have to be kept alive in this hell. Why do I have to continue through this torture. has anyone found a way out of a situation like this? I'm an old man, I can't do sex work and I won't go near drugs. centrelink have told me I earn to much to be eligible for assistance, HA I cost more to society alive, surely the resources could be better spent on valued people",TRUE,"""no idea why I have to be kept alive"", ""way out of this"" passive suicidal ideation"
174,"Everyday I see people hanging out with their friends or partner, and doing such amazing things like having a beach picnic or doing a pottery workshop or even simple things like having lunch and going shopping. I don't have anyone to do these things with. I wish I did. I've spent so much time and effort trying to make friends but they all turned out to be fake (e.g. constantly cancelling plans the day of, ghosting my messages for weeks, or months, never asking to hangout, etc). I don't know how much longer I can keep trying. It's been too long, I deserve what everyone else has. Everyday Im alone at home rotting in my room. I don't even have the motivation to wash my face in the morning. Im jealous of what others have. I wish I could have at least someone to go shopping with. I don't like shopping alone. When I go shopping alone I don't speak a single word. I love talking. It hurts so much. I've cried the most I've cried since I was a kid, even more than when my grandparents died. I can't let my 20s be like this. What a waste of my prime. I know I'll still be young when I'm 30, 40, and heck even when I'm 50 I'll still be young. I just don't want to waste what I have now. Time. Maybe I'm too boring, too shy, not talkative enough. Maybe that's why I don't have anyone.",FALSE,"""rotting in my room"", ""no motivation"" distress without suicidal ideation"
175,I have been experiencing suicidal thoughts and have been dealing with some self-harm I’m not sure who to talk to about it as I have never been very confident in asking for help,TRUE,"""suicidal thoughts"", ""self-harm"" active suicidal ideation and self-harm"
176,"Hi everyone. I am just wanting some advice if possible. Four months ago, my mental health declined rapidly and I ended up in hospital for 5 days as a suicide prevention. I have had 2 care plans done. The problem I am having is that due to being socially isolated and not having a support system, I am not improving. I was sent home with the plan to see my gp and a clinical Psychologist. Problem is, I am to unwell most days to manage getting myself to any type of appointment which may help me. As a result, my mental health is still very bad and I am constantly terrified. I want to do the work to try and get well, but don't know how to make that happen. Any suggestions would be gratefully received.",TRUE,"""suicide prevention"", ""mental health is still very bad"" recent crisis and ongoing severe distress"
177,"In my experience steps post an attempt are almost set in stone. My attempt in 1996 and several episodes that clearly were not attempts but were approaching them, all had these steps as a process, so lets look at them. Someone's first true attempt at taking their own life is a harrowing occasion, it's a time when logic is removed. SURVIVE To think about survival during this period is to have logic remaining as part of your thoughts so that is asking a lot in these circumstances. However, in future attempts (or thoughts) the presence of logic might be there if you realise that you need to think that way. We are talking prevention so we need to find ways to prevent going down to the attempt stage. CHANGE (your environment) During an experience whereby I was approaching an attempt and obviously very upset I knew I needed help. So as I always suggest- change ones environment, I walked and headed towards our local GP surgery where I told the receptionist ""I need help""... and got it immediately. You might need to change your accommodation, partner status... anything to avoid the direction you were travelling down. RECOVER Time is a master but time cannot be rushed. It could be a grief period you are going through and we all know that it takes time to process that and there is no answer to that except forced distraction like a sport, hobby, company of others, therapy groups and so on. Those activities keep you grounded to your normal life activities that keep reminding you what life was like before the spiral. Emotional trauma isnt a nice place to exist so within us is the survivor that really doesnt want to be there. Forcing yourself to break through from that distraught place is needed. Get up and walk... do anything! Walk around the block, stare at the bees, smile at a stranger... anything. REFLECT Once recovery is in progress you'll feel better and this is where you can look back on those days/weeks/months where you know you were at risk. You know it wasnt a place you'll want to repeat and it is only you that can prevent that. Reflecting is a natural way of recovering the same as animals reflect upon a conflict with another dangerous animal. It is not unhealthy to reflect. AVOID 28 years on I still avoid going down that path to an attempt. I dont talk about the actual act, its too traumatic. However the positive is that I know my limits and I know the process I force myself to carry out as in the steps above Avoidance is the roadblock. U-turn to see life's beauty TonyWK",FALSE,"""attempt"", ""prevent going down to the attempt stage"" general reflection without current ideation"
178,Title. I'm sick of having government freaks from centrelink breath down my neck trying to force me to work a job I can't mentally take. I just want an out. I feel like I'm truly coming up on my ending. My partner is American and I need this money to figure out the convoluted immigration system every country's adopted because 9/11 ruined the world. Capitalism and the need to work myself to death is terrible it's all i think about. I'm not built for this world. I'm 21 now - I had to leave high school in year 11 because it was too much for me. I've worked one job for two months since then and I truly hated it. Left because I was bullied for being trans by staff and upper management. And those people will never ever understand suffering like I do. My whole life has been suffering. I was abused at a very young age by my dad and it's impacted my life forever. Every day I have panic attacks and am just sad. All I do is sit here and listen to 100 gecs or death grips while dissociating. I'm not built for a capitalist world where human life is thrown to the side in the eternal chase for higher and higher profits. I truly have been having more and more suicidal ideations and it's terrible. Nothing truly interests me. Any sort of job would just drive me insane. Sorry that this post is just a ramble lol i'm just putting every thought that comes into my head down onto the keyboard.,TRUE,"""I just want an out"", ""suicidal ideations"" active suicidal ideation"
179,"Safety planning involves creating a structured plan – ideally with support from your health professional or someone you trust – that you work through when you’re experiencing suicidal thoughts, feelings, distress or crisis. Your safety plan starts with things you can do by yourself, such as thinking about your reasons to live and distracting yourself with enjoyable activities. It then moves on to coping strategies and people you can contact for support – your friends, family and health professionals. The safety planning model was developed in the US by suicide prevention experts Barbara Stanley and Gregory Brown. It has been used extensively by US veterans’ health organisations, hospital emergency departments and high schools, and there is strong evidence that it works. Many health professionals in Australia also use some form of safety planning to support clients experiencing suicidal thoughts or feelings, or after a suicide attempt. beyondblue has an app you can use to create a safety plan, called BeyondNow. The BeyondNow app takes the principles of safety planning and makes it even easier to use – so rather than carrying around a piece of paper, you’ve got it on your phone at all times. It’s free to download from the Apple Store or Google Play. If you don’t have a smartphone or would prefer to use your desktop or laptop, BeyondNow is also available to use on our website. Do you have a safety plan? Do you have questions around how you might create one, or fill out some of the sections? This thread is for discussing ideas around creating a safety plan, and sharing tips about what has been most useful about this process for you. Below are two videos featuring Peter and Nic, who have both used safety plans successfully. Peter Nic",FALSE,"""safety planning involves"", ""suicidal thoughts"" informational content only"
180,"Hi all, I am new here. After suffering several childhood trauma, I have developed complex PTSD, recurring depressions and chronic suicidal thoughts.I have been living with chronic suicidal thoughts for the past 30 years. Almost every day the thoughts are on my mind; background thoughts if it is a good day, forefront of my mind on a bad day.I am seeing a psychologist and I am on antidepressants but the thoughts are still there. My psychologist reckons they will never go away.Can I imagine to one day live a ""normal life"" ( i.e., not feeling worthless and hopeless all the time) even with chronic suicidal thoughts?",TRUE,"""chronic suicidal thoughts"", ""almost every day"" persistent suicidal ideation"
181,"I’m not sure how to word this, but I feel like I’m ‘addicted’ to having suicidal thoughts? Now, to preface this, I’m very satisfied with my life and acknowledge that I’m very privileged. I’m also not actually suicidal; it would realistically hurt too much and I don’t want to traumatise my family. Since I was about 12 or 13 though I always thought about how much better it would be if I could die, and now it’s just constant to a point where I don’t stop thinking about killing myself unless I’m absorbed or distracted by doing something. Again, I don’t really want to die, but I can’t stop wishing I don’t have to wake up the next day. Being unconscious is probably the most peace I feel. It feels like as the days pass on, my doom is nearing, as dramatic as that sounds. The only reason I’ve been able to make it thus far is because I’m so privileged and because I’ve been blessed to have people who I can depend on and who still put up with me. But I know that I can’t depend on others forever, and of course I’m trying to be independent, but god am I so incompetent at everything I do and I don’t have a good personality either. I’m not kind, charismatic or optimistic; I’m terribly selfish, introverted and pessimistic, and I can’t even do ‘basic’ things other people can do like… hold a conversation. I don’t really go outside unless it’s necessary (eg grocery shopping, school) because I get really anxious about having attention on me, and it’s so sad because I want to spend time with my friends, but it’s a massive hurdle to overcome every time and never gets easier than the last. I have a similar-ish problem with my self harm too, where it’s just there. I’ve started it a while ago too, but nowadays, I don’t really do it because I’m super hurt or sad or anything (that would be a bit too often) but it’s just there and I’ll just do it if I feel like it. Of course I never hurt myself too much, so maybe that’s why, but it comes as easily as writing or drawing, and I can never bring myself to care that much about it like everyone else does. (Not that I am trying to justify it; I would be very concerned if anyone I knew, or anyone at all, was self-harming, no matter the degree. And it does make me really sad to accidentally see it online, even when I try to avoid it) So, I really don’t want to come off as insensitive, but I can’t stop wishing that I won’t have to wake up the next day.",TRUE,"""thinking about killing myself"", ""don’t want to wake up"" passive suicidal ideation"
182,"The owner of the house that I was renting for the last 4years, passed away they gave me 30 days to move out, I have done everything possible, I have put my name everywhere, nothing is available for a 69year old man, the only thing is to place me with mentally unhealthy and like, people, I am now living in my car, like so many others, the alternatives are worst. So sad, depressed, covered in mosquito bites, can't take much more I get a ton of advice from everyone but no real help from anyone",FALSE,"""living in my car"", ""can't take much more"" distress without explicit suicidal ideation"
183,"i have no purpose anymore. they ignored me and abandoned me without even saying goodbye. why spend valentines with me if you're going to abandon me for someone else. we used to be together but they had to break up because of how busy and stressful their life became - moving to Adelaide, living alone responsibilities, uni, work, working out, etc. they told me they weren't ready for dating. it was understandable. i waited so long for them. they still had feelings for me, it was obvious. they just weren't ready. i just wanted them to be happy. i just wanted them to be satisfied in life. i wanted to be there for them everyday to support and comfort them. i wanted to help them with anything and everything. i was prepared to invest so much time, love, and effort for them. so much for not being ready for dating. they lied to me. all the things they've told me, were they all lies? they even said they missed my cuddles, and used some of my cologne i gave them as a valentines gift. they said this just prior to abandoning me. i trusted you. but i guess i shouldn't have. you wasted my life. i can never get back the time you took from me. my heart is irreversibly damaged. i have no purpose anymore. therapy is too expensive - 280/hr is bs. i feel like i have no point anymore. i didn't even wash my face this morning. i dont know how much longer ill still be alive. i dont want to die. everything i worked for was for nothing. im sorry. im sorry i wasn't good enough. you deserved better than me anyway.",TRUE,"""no purpose anymore"", ""don't know how much longer ill still be alive"" passive suicidal ideation"
184,"It’s my birthday tomorrow and I’m dreading it. I don’t know how I’m meant to celebrate being here, but of course I can’t tell people that or they’ll worry.I feel exhausted, like I’ve got so long left before I can. And in the meantime I have to pretend to be a person when I can’t see any future and I can’t really remember a time that I have. Work and health has been bad lately and I’m thinking about it more. I haven’t been having impulses yet, but where I’m at right now seems so familiar. Like I’m just on the edge of a bit of a meltdown.I feel bad that I periodically post here. I don’t really know what I want from if, and I wish I could help others more. I often just don’t know what to say, or what I need. I think just writing helps a bit because I don’t talk about this to anyone in real life. So, sorry if you’re reading. And thanks.",FALSE,"""haven’t been having impulses yet"", ""edge of a meltdown"" distress without suicidal ideation"
185,"It's been an epic life. Just not in the way one would have hoped. Lots of childhood trauma due to neglect & abuse in all it's forms. In a forever cycle of people pleasing in order to feel safe as a resalt but at what cost?? I thought l had finally worked it out and done well to get where l am despite it all and decided that l deserved all the things l wanted for myself that l was always made to feel l didn't. But here l am years later with what seems like everything l wanted and life but the isolation of covid took a toll on my mental health and now l can't hold a job longer than 6 months at a time l, my moods are all over the place lm sad and angry all the time my partner and baby girl need me to have my shit together but lm ready to just die. I know it's not right but the guilt of feeling like a failure to them is too much and l can't afford the phsyc bills needed to help me to get out of this fear driven cycle I'm in.",TRUE,"""ready to just die"", ""failure to them is too much"" active suicidal ideation"
186,For many years i have wondered why suicide is such a bad subject with people/ why is it such a taboo. why if a person feels so marginalized and unworthy why cannot they end their life and not have to face x amount of years and torment. my passing solves my problem so why should i worry about others who will feel so put out by my passing for about a week and then move on. This is i feel a western idea .interested to get an idea from others .,FALSE,"""why cannot they end their life"", ""torment"" philosophical discussion of suicide"
187,"How do you forgive yourself when the voice in your head constantly brings up the things you’ve done. If I can’t beat this it will consume me and that will be it. The only advice my psych has given me is that I’m not a bad person, I just made a mistake, a bad one at that but I need to forgive myself and move on. It sounds so easy , everything I’ve done just replays. I hate what I did, it’s not me. Others have forgiven me but I just can’t let go. I don’t know how to let go. I want to be free of this darkness that is shadowing me.",TRUE,"""consume me and that will be it"" passive suicidal implication"
188,"Hey everyone. I've recently started a new job that I was really keen for but I've ended up hating it. It's not what I expected at all. It's super repetitive and boring, and I'm on my feet all day which I hate. I have so much pain in my back, hands and feet since starting there and I have to get up at 4am every week day. I'm not new to depression and suicidal thoughts, definitely had them before but it's all come back because of this job! It's a struggle to wake up in the morning, I feel so depressed I don't usually eat anything and then I'm starving later, and the suicidal thoughts are just there straight away, sometimes lasting the whole shift. I wouldn't actually do anything but I'm just not coping with how much my brain and body are struggling. I am looking for a new job and I hope I can get out of this one ASAP but in the meantime I felt the need to reach out. Can anyone relate? I would quit if I had money saved",TRUE,"""suicidal thoughts"", ""lasting the whole shift"" active suicidal ideation"
189,I be struggling for a long time. I am on medication but I feel like that stop working. Each day is the same. It's wrose at night and when I wake up in the middle of the night. I just can't deal with nightmares any more. Life seem so pointless right now. I'm trying so hard to be safe but I can't go on each day feeling horrible. Child abuse fk me up big time. I don't even feel like I'm worth anything no more. I'm waiting to see a psychologist and my phych. But feel that won't help me. I'm not good at face to face things.,TRUE,"""pointless"", ""can't go on"" passive suicidal ideation"
190,"By best friend thinks I’m a bitch. It hurts because I thought she knew me better, she knows everything about me, family issues, depression, etc. I’ve always expressed my love for her, to make it known that I appreciate her, yet one day she just started excluding me to hang out with this other girl, this other girl’s really nice and I hold no resentment towards her nor to my best friend, because people grow apart. I knew I still wanted her in my life, but I also knew I had to stop diluting myself into thinking that I was her best friend anymore, so I distanced myself, got closer to other people. She started acting weird so I reached out and asked if everything was okay, it wasn’t, she was mad at me. I asked why and she said I was being a bitch toward her, I explained my feelings and she boiled it down to “you can’t act like that because I’m not choosing you enough” that hurt. To have all your feelings boiled down to something seemingly so petty, it made me question myself, was I being a bitch? Am I overreacting? It’s still hard to answer those because I love her and empathise with her point of view. She told me she needed a break from our friendship. That hurt as well. Thinking back on all those memories, it seemed like she threw it away so easily. She hasn’t spoken to me since, I respect her boundaries and haven’t engaged in any conversation either. But part of me is mad, so so SO mad, mad that she excluded me then had the audacity to call us a trio (a trio where 2 people hang out on a weekend and never invite the third apparently), I just wanted some empathy and understanding from her. I love her of course but part of me wishes she’d falls down the stairs or something. I feel like absolute shit, I’ve started self harming again, I called lifeline for the first time ever because I had no one else to turn too. The worst part is I feel like a bad person, whether I was being a bitch or not I feel like one for wishing bad things on her. It’s hard.",TRUE,"""started self harming"", ""don’t want to be here anymore"" active suicidal ideation and self-harm"
191,"My mum survived bladder cancer the last few years. Now she has a bowel test (colonoscopy) coming up in a month and she is so down she keeps wishing she was dead. She's sick of the medical tests, the fears, the lack of support from family members that she keeps telling me she is just fed up with this world. How does one cope with this level of depression? She refuses all counseling, support from GP, etc. It just feels like she's spitting in my face considering how much I've supported her these last few years. It's very hard to cope with",TRUE,"""I need to leave this world"", ""I really can't be here"" active suicidal ideation"
192,"Hi and thank you to anyone who is reading this. I am 26 and I suffer from Bipolar 2. I was diagnosed almost 3 years ago and I don't cope any better now than I did back then. I am definitely self aware now and no where near as reckless and chaotic when I am in my highs but none have been as crazy as before I was diagnosed and medicated. My lows however are just as bad as they were the first time. I feel and think the worst and find it really hard to stay positive and I guess look for the light at the end of the tunnel. The thought of passing away is more ideal than it is scary. The best way to explain it would be that I dont care if I died. I know thats not the right way to feel but its so hard not to think that way and just know that it would stop all the pain and just crappy feeling. I struggle to let out how bad I am mentally because I dont want the people around me to look after me anymore than they already do (Mum, Friends and Girlfriend). I visit my therapist pretty much fortnightly which is a big help but even her I cant tell her how much I think negative thoughts. I am embarrassed that I do feel this way. I message lifeline in the night sometimes to just kind of let it all out when I cant which I do feel helps a bit and because I dont know who is on the other end I dont feel bad for putting all my stuff onto somebody else. I guess this is kinda what I am doing here. so thank you so much to anyone who does read this. I just really need help as to how to completly open up to my therapist and the ones who care about me and tell them how bad I really am doing. I just need help and feel helpless. Thanks and I am sorry if this doesnt make sense. M",FALSE,"""recommend a physician"", ""schizophrenia"" neutral query"
193,Anyone else just felt like every work place they have been in there's always been that one person that just doesn't act their pay grade and start acting up and drama with you for no reason... Even though you know your a good hard worker. I am friendly kind all of it really and always seem to deal with that one smug girl that just doesn't like me for whatever reason and I'm over it. I told myself next time I'm going to lose it completely next person that try's to act up on me again cause I'm done legit.,TRUE,"""attempted suicide last week"" recent suicide attempt"
194,"Just to be clear I don't intend to leave the planet any time soon and I'm confident that I will stay that way. I am what happens when someone completely and utterly gives up, but stays. I was pushed past the limit nearly a decade ago. I've never attempted to shuffle off this mortal coil, but it's not because I wanted to stay. I don't believe in an afterlife. I know that the time here is all I have, and I'll have it all, but everything hurts. Plus, when I feel like the world wants me gone, staying is how I spite the world. I had depression for 8 years. I'm 24. My mum, brother and sister physically attacked me, constantly, until my early teenage years. I was the youngest sibling. The violence only stopped when I grew big enough that attacking me was now dangerous if I chose to retaliate. And I could write a novel on the psychological damage they inflicted on me. I've been alone for most of my life. Fun fact, no matter how strong the friendship, EVERYONE you know is capable of flipping a switch in their head and immediately seeing you as the lowest form of scum. Even when they ADMIT the other person is the problem, their actions treat you as the problem. Unless you've seen someone make a VERY difficult choice, then I promise you, you don't know them. Not even slightly. They are a complete stranger to you. Don't believe me? That's fine. You'll learn the same way I did. Give it time. Due to the above and more, I am dead inside. The only way to stop the agony is to force myself to feel nothing (mostly works). It made the depression stop, but it killed almost everything I am emotionally. And the effort of holding down whatever's left just makes me extremely stressed all the time. Through sheer will I have enough control these days to usually prevent panic attacks, but dizzy spells are becoming more common at work. And when I can't hold it down, I self harm. Punishing myself makes things make sense. Surely I wouldn't have been hurt so many times by so many different people unless I deserved it... right? Rationally I know that's not true. But that lie dulls the pain inside when it's too much. Hope is a poison and I will never trust anyone. Never again. So what do I have when my love and hope are dead? Pain. The only thing strong enough to give me the will to live (and not just stop eating) and the will to understand this world, is pain. I hate it, but it's true. Surely someone else who knows what this feels like? Or am I truly alone?",TRUE,"""barely surviving"", ""nothing keeping me here"" passive suicidal ideation"
195,"ive been off work for almost 2 months after having a breakdown due to medication stopping working/ toxic work environment. i was becoming increasingly suicidal while at work until i got to a point where it was becoming a real possibility for the first time in years. after a month or so of time off i started feeling a lot better again but now that its coming time to actually return to work due to not being able to afford food rent etc im back to exactly where i was. i cant seem to get any help from my gp or psychologist about it, keep being told that work usually helps when you are feeling depressed/suicidal as it can give you purpose despite me telling them time and time again that in my experience it does the total opposite. anyway what im asking is how can i try and access some kind of monetary mental health support without having a gp involved as this is the final straw for my faith in them. does such a thing even exist?",TRUE,"""only way out is to leave permanently"", ""don’t want to be here anymore"" active suicidal ideation"
196,I’d love to hear other people’s thoughts on how they have dealt with addictions. I’m a smoker and drinker. I find it very hard to avoid both. I know smoking is bad but feel it helps me calm. The drinking is worse in my cause I use it to become numb to feelings and numb myself when overwhelmed but I usually just spiral out of control when I drink and become more depressed and suicidal then I already am. any tips would be appreciated. I am safe look forward to hearing some input.,FALSE,"""very tired"", ""not for a focus"" distress without suicidal ideation"
197,"I can't do this stupid life anymore. I just need to write this out. Because sometimes it has helped me on the past. Just to shout it out on words. I HATE THIS.. LIFE. The pain keeps happening over and over again. I cannot deal with it. Tears are in my eyes, frustration, aloneness, maybe bitterness, I hate that emotion. Just go in the name of Jesus. I forgive him. It hurts, please heal me. Where does my help come from. The maker of heaven and earth. I hurt Father God. I hurt.",TRUE,"""nothing helps"", ""please just let me go"" passive death wish"
198,"Recently I have separated with my wife of 17 years, she kicked me out of our house and in 3 weeks I've only been able to see the kids for 1 hr. By the way I have severe depression. I can't keep friends because of my self-esteem and negativity so no friends. My mum also has depression and we are not super close but I have to stay at her house because I couldn’t sleep in the car any longer. I sit alone in my car or spend hours kicking the soccer ball at the local pitch because I'm making my mum really depressed (unintentionally) if I spend to much time with her and the only other family member I have communication with is my sister who lives pretty far away and only recently started to form a relationship but we are total opposites and can't talk to her about these kind of things. Anyway every night when I get back from work I have to find somewhere to go and avoid being seen by my wife and her parents or they get angry and the parents never liked my anyway. I still love my wife and miss the kids so much. I am really struggling with the loneliness and my wife has told me a couple of times after we planned when I could see the kids that for whatever reason the kids can't make it. So the only thing I have to look forward to keeps getting taken away and because of my depression and anxiety I think she is lying and I make things worse. Currently on meds and seeing a psychologist, new to both, and I know they take time to help with my issues but I am really struggling to think of anything to give me some kind of hope in the short term and just have over bearing thoughts of self pity and loneliness with out hope. I'm having some thoughts about how I could end it all with out pain and suffering and no chance to get it wrong. I'm pretty sure I won't act upon these thoughts but the way I am and the way things are going I'm not so sure I'll feel the same if I keep feeling this way and I can get stop feeling so alone. I do social soccer once a week and it helps for 1hr then more loneliness for the rest of the week. There's more to my negative life but this is my main issue right now. Any advice or some thoughts of how I can overcome this loneliness and give me some kind of hope might be life saving. If anyone reads this and reponds thanks, I may not want to accept anyone's reply but just doing so helps to easy the pain and know someone cares somewhere.",FALSE,"""third suicide attempt"", ""hears voices"" third-person crisis"
199,"I am 26 years of age. I was diagnosed with Delusional Disorder - Schizophrenia at age 22.5. Mentally, I am on the decline. I have noticed that I am not longer as intelligent and as capable of the things that I previously was capable of doing, such as assignments for adult school. It has always been a dream of mine to get my certificate of education, but that dream is slowly slipping out of my hands. I was bullied relentlessly in mainstream high school over my physical appearance, and it got to the point where I had no choice but to quit mainstream school altogether. The teachers and leadership did completely and utterly nothing about the bullying that I copped from Year 8 to Year 12. I was an A and B student who used to be very studious. I was the 'perfect student,' as so a few teachers had labelled me as. I couldn't do it all anymore - I felt too much pressure to be perfect all the time, and being hard on myself never helped either. I slowly became a D, E and NA student. Going back to adult school, I started off pretty well. I went back up to being an A student again. Then, I met a completely and utterly awful individual who led me on romantically. He had an ex-wife on the side who dictated who he could and couldn't date, let alone speak to. Quite frankly, I believe this man was in a DV relationship with this woman, and I felt that he was too scared to expose her. He told me bluntly that, 'whatever medication that I had been taking clearly wasn't working,' 'I had more issues than previously thought,' 'you're not very clever,' and he then curled his hands into fists and screamed the word, 'RETARD' in my face. I could be wrong, but I feel that he was being coached into saying these things. I wanted to cry, because I used to be very attracted to the man. Well, not anymore. Someone else has come along and I am not even going to bother with this man because I will reject him if he dare comes up to me and asks me out on a date. Why should a delusional, nutcase, schizophrenic with no future ahead of her go out on a date with a good looking man with a good career? Exactly. Going back to my health, I am now having problems with my breathing. I have done some research on this, and COPD is a symptom of Schizophrenia. I cannot breathe at full capacity anymore. I also always feel dizzy and sleepy. The Centrelink worker wants me to test my eligibility for the Disability Support Pension, as I am mentally unfit to work. Why can't I be normal? And don't tell me that there is no such thing as normal, because there is.",FALSE,"""really struggling"", ""need help coping"" distress without suicidal ideation"
200,"Does anyone else's mum get over agitated really easily for the slightest things and then treats me like the best thing in the world?..My mum and my dad don't live together, I live with my mum and my dad lives in a apartment a while away from my house.He works a job and my mum doesn'tHe also pays for his and our houses rent.Sometimes he picks me up from school and takes me to my house [my mums]She usually is very pissed off when I get homeSo that's when my dad tries to act like the better person.I don't trust him, in his past he's been rather.. weird, with kids.Especially his friend too I usually have to nurse my mum because she has a defibrillator and many issues with her heart which takes her to hospital alot..It's tiring.She wants me to speak more but I can't, she wants me to go to school but I can't breathe there.She makes me feel like a horrible person for not doing things I don't want to.I know she tries really hard but she's mentally killing me to the point I have no personality in real life anymore,If she dies ill have nowhere to stay.Court is getting involved for my absence at school, I hate it so muchI only have a friend but I'm their backup.I hate this lol",TRUE,"""thinking about suicide a lot lately"", ""wanting to be dead"" passive suicidal ideation"
201,Hello in a dark place with dark thoughts had cat team on Saturday they’re not understanding I’m in a dark place very much appreciate your help and support thankyou in advance cheers deputy coroner,TRUE,"""suicidality since primary school"", ""want to join them"" persistent suicidal ideation"
202,"I just recently moved back into my mums house because I couldn’t afford to continue renting while at uni. I had to move back into the room that my sister was staying in, because she said she wanted to move rooms anyway. My plan was to move all my stuff before uni started so I wasn’t trying to do two things at once. I had given my sister over a week to find a new bed and get it delivered or I would pick it up for her. She continued to complain about every single bed I put forward. So I ended up moving her stuff into the front room and shifted my stuff into my room. This obviously really frustrated her, because now she was without a bed. But take into consideration that I (countless times) offered up solutions and she turned every single one down. So after being at my mums for around 2 days, I was cleaning up after dinner and my sister yelled at me, “I hope you get off your meds (antidepressants) and kill yourself”. This was because I put one of her cups into the dishwasher without asking her first. I didn’t really confront her about what she said, I just let her sit in the silence after she said it. I found this horrifying, because out of all the people to say something like this to me, she would be the last person I expected. She, herself, has had issues with suicidal ideation and actually tried to commit while in high school. So this comment from her really shook me to my core. i still haven’t confronted her about what she said, because i truthfully have no idea how to react. I am really upset, and this comment has made me feel unloved and unappreciated in my own home. Has anyone experienced this? Or does anyone have advice? stella",TRUE,"""urges"", ""voices are urging me to do it"" active suicidal ideation"
203,My head is so sore. How do you turn bad thoughts into good ones? Is it ever going to be possible to not think about sh? I’ve only ever been able to stop myself a few times but it just plays in my mind on my darkest days.,TRUE,"""I have a plan"", ""Im suicidal"" explicit suicidal intent"
204,I feel like I don’t want to live in this life anymore,FALSE,"""wishing she was dead"", ""fed up with this world"" third-person suicidal ideation"
205,"Hi, I am in a situation where I am having trouble coming to an appropriate decision.My mum is particularly nasty and has narcissistic tendencies. I feel that her negative behaviours and her predisposition to make situations about her seem more apparent as time goes on, since she bought us the property. She was very difficult to be around when I lived with her and it was detrimental to my wellbeing, but at the moment I definitely feel happier when I haven’t had much contact with her for a while.My mum owns the property I live in. I didn’t want her to buy my sister and I a property but she insisted and often complains about sacrificing money for the property, saying that she could have kept it herself, she wants the money back, most parents don’t do this for their kids and that her mum didn’t help her get a property and blew her money instead. She will not sell until she feels she will get a good deal on the property. I am lost about what to do. I want to go no-contact with my mum. I don’t necessarily have the means to save to purchase my own property yet since a lot of money has been going towards her and the property. I find that being around her tends to be unpleasant and she often invalidates my struggles and makes it about herself.I feel that I need to be prepared to not receive any money after the property is sold anyway because my mum as the owner gets to decide where the money goes, so I don’t want to be in contact with her for the money as it’s not my priority, I just know that there is going to have to be interaction as a renter and I don’t want things to get awkward or tense. Also, renting elsewhere may not be feasible if rent could increase at anytime to the point where it’s almost impossible to pay, especially as I wouldn’t be living with other people. I think that I could save for a deposit, but it would take a while and I don’t want to be abused for much longer.",TRUE,"""thought of passing away is more ideal"", ""dont care if I died"" passive suicidal ideation"
206,"I am at the point where I don’t think I am useful anymore. The aneurysm has destroyed my memory, both short and long term. I am treated like an idiot. I am constantly being asked if I understand or being told I am not communicating properly or repeatedly asking the same questions. I don’t think I can do this anymore. I wish this stupid aneurysm had just killed me. No one understands.",TRUE,"""self harming again"", ""called lifeline"" self-harm behaviour"
207,"Hey! I’ve got a bit of a complicated situation that I could use some support I guess on? I’m trans and have been on T for seven months now and finally got my legal name change, which was a bit of a challenge due to me living in Australia but being born in the uk. I’m still a minor so that makes the process even harder. I still am unable to change my legal sex due to having a uk birth certificate. At the end of this year my parents and I are going to east Africa. Tanzania, Uganda and Kenya (we were supposed to go to Ethiopia too but that’s obviously not going to happen given the situation there). It’s sort of a graduation trip for me and a trip my dad has been meaning to take given he was born in Kenya and hasn’t been back since he moved at 5. Anyway I bit of a ramble but it’s a very meaningful trip and I’ve been really looking forward to it. However, it’s east Africa and I’m trans. My parents say for my safety I have to basically live as a girl while I’m there. They’re going to use they/ them pronouns and people around us will treat me as a girl because my mum is afraid of complications that if they don’t and people see my passport with the big ass F on it, my safety will be compromised. I understand the situation and the safety aspect but at the same time I’m so angry and sad and frustrated. I finally thought I was done hiding that now I’m out and on T things would finally be okay and I could be myself. I want to travel, it’s my one dream and I’m so enraged by how being trans has limited so much of my life already, I’m only 16, I’ve wasted at least 5 years in confusion and a false sense of belonging. I don’t know what to do, I’m definitely going and I wouldn’t change that for the world but I don’t want to fall back into a cycle of constant dysphoria and unhealthy coping mechanisms. I’m 50 days clean and the best I’ve been in years but the thought of having to hide away again and pretend is really setting me back mentally. I don’t know what to do.Sorry for this ramble I’m just a bit of a mess over this",TRUE,"""self harm"", ""plays in my mind"" ongoing self-harm urges"
208,"Hi, I had used to have gay thoughts since around 1 or 2 years back for a period of time, however I tried to overcome those thoughts by praying to buddha daily, as I am a Buddhist. Even though I managed to overcome them, there was this thought that I ever had for a few days, which indicates that I am destined to be gay. I don't even understand why I had this thought even though I know that I am not gay, as I had tried to experiment myself before. It had triggered my panic attacks, as I had suffered since last year November, when I was preparing for my university exams, and my panic attack has been there for me ever since. I even considered seeing a psychologist as I felt that I could not take it anymore. My panic attack was partly due to stress and it has affected my social and daily life, as I had suffered from panic attacks now and then. I ever tried to counter those stress by taking deep breaths and pray to buddha about it, but it's just that this so-called thought (destined gay thoughts) was the final turning point that had triggered my panic attacks, which made me unable to take it anymore, as I tend to worry a lot unnecessarily. To be honest, I can’t stand being gay now and then I thought of telling my friend and family about this story, but I was afraid of being discriminated as they may get the wrong idea. I was wondering whether it is true that I am destined to be gay. I hope someone can enlighten me on this please.",TRUE,"""don’t want to live in this life anymore"" passive suicidal ideation"
209,"I've been depressed since I was about 8 years old, officially diagnosed at 12 and it never went away I'm 22 now. I suffered from abuse during my childhood and grew up in an unstable and unsupportive household from both parents, won't go into too much detail as it's uncomfortable to think about. I don't know, I'm just tired of feeling numb and empty. I dissociate and feel like I live outside my body, I don't remember things that happen, days blur together. I'm trying to study nursing so I have something in the future, but studying is so impossible at the moment, especially when I can't even get out of bed or shower so I'm barely scraping by, and only getting attendance through being online in bed. I have a partner who I live with and he's wonderful, we both struggle with mental health but it displays very differently for us, so somehow it sort of gets us functioning in a weird way when we work together if that makes sense. I try really hard for him, to get better and not show how much I'm struggling because I know it really impacts his wellbeing when I'm in my lows. I love him and don't want him to be sad which is why I haven't done anything yet. I want to try and build a future with him, and be healthy with him, but everything I try doesn't seem to work. I've been to many therapists, none of which has actually helped me. I've tried medication which has actually done more harm than good for me, I've done every single mindfulness, meditation, art, music therapy, hobbies which I can't seem to find interest in anything. I've even dabbled into spirituality because I was so desperate for something, but I just can't believe in it. I feel so bad, and want him to be okay, but I'm worried I won't be able to stop myself from negative thougths; if I continue like this for much longer. sorry if this was a complete nightmare to read, my thoughts are running everywhere and I just needed to get that out somewhere.",TRUE,"""wish this aneurysm had just killed me"", ""don’t think I can do this anymore"" passive suicidal ideation"
210,"Hey just felt like I needed to get this out there somewhere. For the past 8 years I’ve been suffering with anxiety and depression and the only thing I can think about is killing myself. I know that my mental illness is not my fault as it runs in my family but this does not make me feel any better. I have tried so hard to rid myself of these feeling yet no matter how hard I try nothing works. I’ve been to counselling which didn’t help, I’ve change jobs, tried making new friends, doing exercise pretty much any sort of help that is recommended yet nothing seems to change. I am so tired and have lost any and all hope that I will get better. I’ve isolated myself from my family and friends as I am tired of putting up a front and do not enjoy doing anything anymore. I am so lost and feel as if I am out of options. The only choices I see left are to either keep living feeling like this or to end my life. I know that my family care about me and would be upset if I ended my life but this does not make me feel any better, if anything it makes me feel worse knowing that I have to suffer for the sake of other people’s wellbeing.",TRUE,"""please just let me go"", ""no hope"" passive suicidal ideation"
211,There is just so much pressure that I feel like just giving up but I have a family,TRUE,"""only thing I can think about is killing myself"", ""end my life"" active suicidal ideation"
212,Things are overwhelming me quickly I've started self harming but it's not enough my agitation is increasing and I'm losing control on reality I don't want to be here anymore I'm just going in circles with no way off.Im not sleeping and am digging myself a hole that I can't get out of. I was keeping my head above water but now I feel like I'm drowning I have a feeling things are going to get worse. It's pointless trying to talk to my psychologist and I've been through the so call mental health system which was just a joke! Bit like me really. I've taken an extra sleeping tablet tonight just to try and stop the constant bad thoughts I'm safe if I can sleep.I think things are going to come to a head soon and that scares me but also may give me the peace I'm after. Anyone similar?,FALSE,"""giving up"", ""so much pressure"" distress without explicit suicidal ideation"
213,"Psychologists think DID Psychiatrists as well as my Pysch Team think PTSD I think Paranoid Psychosis In the past I was diagnosed with Autism, that's the only problem I had growing up, which is what everyone thought. I was a quiet child according to my family, anxious though too. Randomly in my life, something just went wrong. I feel guilty about my past, like I was a bad person, and just now everyone is texting each other to try and humiliate me and ruin my life. I haven't been going out for months, I only go outside to drive around now, but its only about 30 minutes a day because the sky gets crushed and gets overwhelming textures, also doesn't help when my ears start piercing with loud white noise kinda like a vhs ambience with minds controlling beeping. What am I? I need to leave this world‌, I don't care anymore about my life, I don't want to make my parents sad but I really can't be here. Eating? Forget it, the company making food is weirding me out and doing something to it, I only cook now, but I still get suspicious when I see little specks or rashes in my food. This life is so hard, I have a headache right now and its really killing all vibes I had left. This is so stupid, all of it.",TRUE,"""started self harming"", ""don’t want to be here anymore"" active suicidal ideation and self-harm"
214,"Hi BBers, I think I may have schizophernia. It runs in the family and I have not been able to get my act together for a few years now. Can anyone recommend a GOOD physician? OMD.",TRUE,"""I need to leave this world"", ""I really can't be here"" active suicidal ideation"
215,"I attempted suicide last week, and am okay physically now after a hospital stay, but now i dont know what to do. My partner of 9 years has been very distressed by the attempt and is unsure if he wants to continue our relationship. I don't know how to cope with him leaving me when it feels like i need him and the stability of our relationship more than ever right now.",TRUE,"""attempted suicide last week"" recent suicide attempt"
216,"I'm suffering from chronic pain issues; auto immune related issues and a body that is basically falling apart. I have no family around except for a brother (and sister in law,and niece), who would rather spend time with their friends - even though I pushed myself to be there for their daughters birthday. My teeth are rotting because of pain meds and I have no way of paying for them to be fixed.. some are now are in my smile line and the idea of loosing teeth there destroys me. My extended family wanted me to join them on Christmas day except for the fact it would be just breakfast as they want to visit their significant others family (not to mention it's a 4 hour round trip for me on public transport on a public holiday), and I can barely function as I'm suffering from tinnitus and vertigo at the moment on top of my usual health issues. I'm struggling to get through to the rest of the year. I've been reaching out via text message to my closest friend - but he's been avoiding me. My other friend just doesn't believe how bad my mental state is; despite having her own issues with depression and suicide. Every year is another year where nothing is achieved and my ""bucket list"" is further away from ever happening. Even on the rare occasions I'm out socializing; people avoid me. I seem to just repel people. Having had years and years of people leaving me, it's not like I haven't tried - organizing parties at my place; inviting friends out for a girls night out etc... no one ever bothers returning the favor. No one checks up on me. My online friends only respond to me messaging them - and even that's not a guarantee of a reply. I'm tired of struggling with no support. I'm not living, I'm barely surviving. .. it's like I'm not even here. And I'm sure it wouldn't matter if I wasn't because people in my life just don't seem to care! And it's not like I have anything keeping me here - no partner, no kids, no pets. . Nothing at all.",TRUE,"""nothing keeping me here"", ""wouldn’t matter if I wasn’t"" passive suicidal ideation"
217,"I am a wife, mum of two (2+4), and I work 2 jobs. I struggled a lot with becoming a mum. I'm certainly not a naturally maternal person. I am independent, I love learning, I'm smart (probably the only thing about myself I am confident in), and I like to achieve goals... So when my days were reduced to changing nappies and getting small people to sleep ... I was not in a good way. I felt like my whole identity got ripped away. Anyway, as soon as I fell pregnant with the first, my husband totally lost interest in me sexually. That hasn't changed. I could count on one hand how many times we've been intimate in the last 6-12 months. He struggles with what I am 99% sure is ADHD. He is very carefree (to the point of not noticing massive dangers sometimes) and I am quite risk averse... Which obviously causes some tension in regards to the kids. Prior to kids it was never really an issue - because his decisions didn't really impact anyone else... But now they impact the kids, and I won't not advocate for what I think is best for the kids... So tension often follows - as does the trope around me being ""irrational"" ""impossible"" ""crazy"" ""insane"" etc etc. Don't get me wrong, we have fun times too. And I love my husband... But having kids has made things impossible. It's gotten to the point where if I raise ANYTHING that he disagrees with he will start the ""I can never do anything right"" script. I inevitably have to become the fun police (a role I hate being forced to play), and he reiterates how ""exhausting"" my ""negative energy"" is. I have had these kids, and I don't like mothering. I'm not good at mothering. They've wrecked our marriage. They destroyed my body so no one else will love me. I can't leave, because I can't bear the thought of someone else raising them... So I'm just stuck. I'm stuck living this hollow life where I can't even advocate for my kids and do the best I can as a mother (which is already not great). I just feel totally trapped. I feel like I'm shouldering the responsibility on my own.I feel like the only way out of it all is to leave permanently. I don't want this anymore I don't want to be here anymore.",TRUE,"""only way out is to leave permanently"", ""don’t want to be here anymore"" active suicidal ideation"
218,I've been feeling like this because of my depression my depression has been playing up so many days of the week I have been not for a focus in class it makes me very tired,TRUE,"""please just let me go"", ""no hope"" passive suicidal ideation"
219,"I don’t know what to do. Nothing helps, and I’ve been to many different therapists, been on every antidepressant/mood stabilisers, psych ward, hospital, you name it. All since age 14 and I’m almost 26. Recently been told by a trauma therapist that I have CPTSD. I have so much trauma and trust issues that I just isolate and don’t go anywhere. Especially since I had to move back with family due to my flatmate that put me in danger. Gave up alcohol, just ended up depending on other substances. Trying to sort EMDR but I honestly have no hope. Every day I beg the universe to please just let me go.",TRUE,"""thinking about suicide"", ""wanting to be dead"" passive suicidal ideation"
220,"Hello, the other night my 18 year old son attempted to take his life. This is his third suicide attempt that I know of. He says leading up to the episodes he hears voices in his head. They make him scared and he runs. The voices seem to be triggered by alcohol and/or a fight with his ex-girlfriend who he can’t let go of. She taunts him, takes him back one night, then ghosts him the next. Last weekend, he caught his friend in bed together which triggered the latest attempt. She sends nudes to her ex, then takes my son back into her bed. He took a job in another state and looked forward to a new start, but she followed him there. I have just driven hours to bring him home. He can’t see what she’s doing to him and still loves her. It’s like he’s obsessed. What’s worse is the times he feels the strength to make a break from the ex, he gets messages from her sister. He’s on depression meds but we are organising a psychiatrist to review him and re-think meds/diagnoses. I wonder if anyone has experience in how to cope with this kind of thing?",TRUE,"""suicidality since primary school"", ""can’t go through with suicide"" ongoing ideation"
221,Over the past three days I’ve been having trouble with my girlfriend I’ve been with her a year now and she has made me so happy until she only recently mentioned that she had slept with someone else at the beginning of the relationship which I had since forgiven her from as she stayed up all night explaining herself to me 3 days ago I found out that she had been talking to around 10 other guys that had all asked her for nudes or made sexual comments about her and I confronted her about this I told her how much she had hurt me and her response was that she had no idea that I would have a problem with that and that it was normal she has been talking to me all day today but nothing at all on the first day I’m really struggling and I need some help coping,TRUE,"""voices are urging me to do it"", ""last straw"" active suicidal ideation"
222,"I recently turned 20 and I have been spiralling since, worrying about growing older, what i’m going to do with my life, scared of ending up alone. I just can’t imagine feeling like this for the rest of my life and i have been thinking about suicide a lot lately, i dont think i would ever do it because i have lots of siblings and I would never do anything to hurt them, but constantly thinking about wanting to be dead is so draining, but i truly do not know how to help myself. I feel like such a loser, go to work, come home, rot in bed playing videos games, repeat, I feel like im not doing enough. I try and eat enough food, i tried to exercise, i tried meditation and positive affirmations and I just end up slipping back into old habits. Im a broke uni student, i live at home but i pay for my own necessities, i cannot afford to regularly see a therapist.",TRUE,"""Im suicidal"", ""I have a plan"" explicit suicidal intent"
223,"Im in my mid 30s. Been struggling with panic attacks and suicidality since primary school. Im desperatley lonely but phobic of dating. I have SI since I was 8. I have periods of stability then a crash - I re-stabalise at a lower level of functionality. It has gotten to the point where I am agraphobic. I also have suspected cptsd and autism spectrum disorder. I have emetephobia. I have done cbt, a full dbt out patient course, tried countless meds but I just keep getting worse. I'm so tired of trying. Of forcing myself to get up, to eat, to go outside, to shower. I can barely work. I feel like a burden and although I have tried I can't go through with suicide. I feel trapped in a nightmare I can't wake up from. I know I am privilaged. I live with a degree of financial security. I have a roof over my head, Caring friends and pets. But I do not know what to do. I have had multiple hospitalisations. I just want the fear to go away. It is always there. The adults I felt close too have all died. I often want to join them but I can't do it. I used to be able to do so much more. Everything is getting harder. Im scared of what my next step down will look like. Take care anyone reading this. Know you are loved - even by a random on the interwebs - and kindness is our only hope.",FALSE,"""dark place"", ""dark thoughts"" distress without explicit suicidal ideation"
224,"TW SH URGE AND IDEATION I honestly (trying to) not give into these urges and bad thoughts but I don’t know how long I could keep resisting... I have stuck my head into working a lot just to avoid this nagging feeling but each time I finish work there it comes like a bullet in my head... the voices are urging me to do it and they just wouldn’t let it go... how do I get them to stop and just get through okay? I’m running out of luck and energy to resist... if there’s anything that anyone can suggest for me to do, I’m all ears... I’m at my last straw.... kind of desperate now...",FALSE,"""kill yourself"", ""really shook me"" exposure to harmful language without own ideation"
225,"Hi, im trying to breathe calmly right now. I’m already going through a very difficult time with severe chronic pain for the last 4 years, and recently being forced o rely on certain family members I tried to get away from. I found out half an hour ago from my older cousin that my eldest brother told him (when they were about 17) that my other brother (then 15) had molested one of us girls. Tonight my cousin asked if it was me. I was shocked because I didn’t know this happened at all. I struggled greatly living at home with my brother (accused of molesting my sister) as he has Scizophrenia and the sick, psychotic nature of his illness was always my problem. My other sister moved out and got pregnant young. My oldest brother left at 17, and I was trying to study/work and hopefully do law but the environment was so unhealthy I didn’t do well. My parents always worked. They were never home…always using money to compensate for them not being there. I put a lock on my own door to protect myself. but my anger now comes from finding out that my brother at 17 and onwards… never tried to protect me or my sister. He also found out dad was having an affair and didn’t tell Mum because Dad said it would ruin the business/money that my Brother no doubt benefited from. He is still the golden child. Im suicidal to the point I have a plan. I feel sick with the blood that runs through my veins. I have been suicidal for over a year due to physical pain. Now, the year long triggers regarding my mother, father, brothers….makes me feel constantly worthless. No amount of mirror work, meditation, journaling helps now, because I’m stuck being supported by the only people that make me feel that way. I can’t manage on my own. Even with community support, it’s not enough. My life is physical hell and I’m physically stuck in it. It’s a special kind of torture.",TRUE,"""don’t want to live anymore"", ""feel like I don’t want to live"" passive suicidal ideation"
226,"I am grateful for the suicide call back service. I see their number all the time but today I had the courage to call them. I have been spiralling down since last December and trying to cope alone. I hate to rely on my children. But my son didn’t answer or reply this morning, so I called someone else. A complete stranger. Someone who makes themselves available on a Sunday morning to help total strangers like me to basically stay alive for another day. My darling son did eventually reply to me and I told him that I would be ok now. I hate to burden him with this. I love and appreciate him so much. I want to stay for him and I want to see him thrive. He deserves better. I am trying to be better for him and he is keeping me going for now. I know that if I go now, this would cause him so much distress and stress. I love him so dearly. He’s the kindest sweetest person that I’ve ever known. Just pure good. People like him deserve so much more and so much better. He’s an amazing young man. I so wished that I had half the goodness and courage and compassion that he possesses. I have such a throbbing headache from crying since 8am this morning and I can’t seem to stop it. My eyes are so sore from the tears. I am going to be a wreck tomorrow for work. But I am going to struggle through this post and take it one day, one hour as it comes. That’s all I can manage at this moment. Take care beautiful people. And call someone if you feel the need",TRUE,"""stay alive for another day"", ""spiralling down"" recent crisis with protective intent"
227,"I haven’t been on here for quite some time, not even to give others support and I apologise for that. Life has just gotten in the way. I have worked so hard on my mental health and recovery and have made a lot of progress and making connections. But the last month or so has been so full on and overwhelming with so many activities vying for my time and attention that I have gotten overwhelmed. And very tired. And once again the thoughts and planning of ending my life started to make a reappearance. I feel like I am not really doing that well at all. I feel like no one really likes me which I know is sooky but that’s what my brain keeps telling me. I feel like I am failing being back at this place again and feeling this way. Life is beautiful and terrible at the same",TRUE,"""planning of ending my life"", ""reappearance"" returning suicidal ideation"
228,"Anyone feel like they can’t go on but don’t want to leave either? Life is tough, seems to be getting tougher and tougher. Struggling with repeated thoughts, anxiety and disrupted sleep. Hope everyone is having a beautiful clear day.",TRUE,"""can’t go on but don’t want to leave"" passive suicidal ideation with ambivalence"
229,"Hi, I will keep this as brief as I can and hopefully it will make sence.I've been diagnosed with cptsd from being through childhood truama, sexual abuse, domestic violence. Everytime ibecome i overwhelmed with painful emotions I turn to self halm or suicide.I found I was always judged my Ed staff, ambulance staff, police, It makes it hard to reach out. Once I push ( not physically) my children away I have a tendency to jump in my car and self halm. If no relieve I then tempt suicide . I'm sitting here the last 2 days with strong urges, thoughts popping up randomly.I would love for this pain to be gone for good. But then my kids would feel pain. Living in this torture is horriable. I feel scared ever thought that impulse will take over and I will act. I feel judgement from medical professionals, embarrassed, ashamed and disappointed that I can't just make it stop. I'm looking for hope and inspiration to stop this hard feeling that won't go away and not act",TRUE,"""self halm or suicide"", ""strong urges"" active self-harm and suicidal ideation"
230,"Not sure if I am allowed here as it is not about me, but my daughter. she is 13 and has recently plummeted into a deep darkness. She had low points earlier in the year but this time is much worse. She is talking about life not being worth living and she started self harming. We are seeking professional help but I am at such a loss about how to help her. Hoping to gain some insight here. Thank you!",FALSE,"""life not being worth living"", ""self harming"" third-person crisis"
231,"I always have thoughts of suicide after I argue with my husband. We are both very sensitive and so arguments happen often. They escalate quickly and every time I just feel like killing myself almost like a form of revenge. To show him how lost he would be without me, what kind of life he would have without me, how he would suffer without me. The feeling is so strong with every argument that I feel like one day I will go ahead with it. What always stops me is the kids. I can't do it to them and leave them motherless. I tried therapy, meditation, creatrix, everything...but nothing has really been a long lasting help. I hate this cycle. Just wondering if others feel the same way. Thanks for listening",TRUE,"""thoughts of suicide after I argue"", ""feel like killing myself"" recurring suicidal ideation"
232,Hi I’ve been severely depressed lately. Tried to analyse myself out of it. My therapist spoke about a six week cycle for depressive episodes and whilst it provides some hope it means I still have half of the last four weeks to try and live through. Wondering if anyone has some thoughts about this theory and ways to cope? It’s been ugly lately. Thank you,FALSE,"""severely depressed"", ""ugly lately"" distress without explicit suicidal ideation"
233,"I can't handle the stress anymore my health has gone to shit again! On-top of that there is financial issues, mental health issues, etc...I don't know if I can handle it anymore. Really contemplating turning myself in, maybe another life can do it better then me...",TRUE,"""don’t know if I can handle it anymore"", ""another life can do it better"" passive suicidal ideation"
234,"I feel extermely guilty for feeling like this because i've got a good job, i get payed well but the recent spike in housing prices just as i've finally saved up enough to buy a house is turning into the straw that broke the camels back. I've been depressed an anxious for a long time. there's lots of reasons i got depressed, it'd take too long to explain it all but as a general rule i've cry'd almost everyday for the last 10ish years, i've planned my suicide at least 1000 times by now, i don't have energy for hobbies or loved ones. i'm very tired. As a rule, just as life starts getting good for me, everything always falls apart. I have a partner, they make me ""happy,"" but something still feels very wrong with my existance. I'm not really okay, i'm not really happy. The main thing that really kept me alive this long was telling myself if i work hard and save up things will be okay one day. i'll be able to afford a nice home and go on nice holidays etc. the struggle will be worth it. i finally save up enough to go on a holiday, covid hits and we can't travel. i save up enough to buy a house, prices go through the roof and i can't afford anything any more. Everyone says prices will go down so i save up and wait. but they don't come down, the supply is dwindling, the only thing left is small units hours from work and i'm just tired of it all. Whats the point of working hard if theres never a happy ending to it. whats the point of spending 12 hours of my day paying taxes to then spend the rest of it crying and stressing about the future. Everyone else seems to have bought a house at the right time, gone on holiday's at the right time, found a fun hobby but the right time never seems to come for me. it's like my existance is cursed. I was born decades too late. i'm nearly half way through my natural life and it all feels like a waste, it's just constant suffering. I was finally starting to see an upside then the housing and cost of living crisis hits and i'm just done. Am i just entitled and needs to get over themself? does anyone else feel this way too?",TRUE,"""planned my suicide"", ""very tired"" active suicidal ideation"
235,"I would like to think I would never commit suicide really, I’ve got two children that are my sole responsibility but when I get really distressed like I was last night, I fantasise myself doing it and slowly drifting away and the relief and end to the pain, even how I would do it with what is in my immediate surroundings. So I guess that’s suicide ideation. The only reason I hold back is my two children that are my sole responsibility. I feel so helpless , I can’t make anything better and I also can’t escape. Recently I just feel there’s no one I can talk to anymore. I’ve been in a bad state of depression most of the last year and I’m that time I’ve drifted away from people and been socially avoidant. I also don’t get any time away from my kids and they hate spending time away from me and usually guilt trip me when I try and do anything without them. I know I need a change of meds and some more therapy but just so hard to sort out . Just feel I need to talk about it with someone before I completely lose the plot .",TRUE,"""fantasise myself doing it"", ""how I would do it"" suicidal ideation with method thoughts"
236,"Hi all, I haven't been here in a while. I'm getting no where. And honestly, I'm at the end of my tether. I've done all the thing people say to do - I've reached out, I try to do self care, seek therapy, use healthy coping strategies... but nothing seems to work. I've been pushed between countless mental health professionals and GP's because they say they can't help me. I'm SO exhausted. It feels like I can't escape this feeling of hopelessness. It's crushing me, its like this heavy weight on my shoulders that prevents me from being happy. Between juggling an eating disorder, depression, anxiety, OCD, self harm and suicidal thoughts for so long, it just doesn't work. I want to make the pain stop. I need it to stop. I need it to all go away. Not long ago, I was close to attempting to take my own life, and the thing that stopped me was literally that I numbed out and being unable to physically move my body. I just sat there for an hour. In hindsight, I'm glad that happened so that I didn't do anything I would regret, but there's a part of me that still wishes I was gone, that the countless near misses had been plans followed thru. It's so confusing though. I don't know if i want to die. I am safe from these thoughts tonight, I just need a space to express them. Sending much love to everyone out there struggling, you are not alone<3",TRUE,"""suicidal thoughts"", ""close to attempting"" active suicidal ideation with near attempt"
237,"I am currently really struggling, I feel I need to write this down cause I’ve never been great at expressing myself. I am feeling broken, betrayed. There’s just so much pain and it seems there is no light at the end of the tunnel. Haven’t been able to sleep or eat, I feel heavy and the burden seems too much to bear right now . I’m trying to stay positive but these thoughts just get stronger every hour of every day",FALSE,"""these thoughts just get stronger"", ""no light at the end"" distress without explicit suicidal ideation"
238,"I’d rather speak on here than to a friend or family member. My suicidal thoughts began a year ago, linked to several surgeries involving malpractice and bad luck, surrounded with betrayal from a past partner and being kicked out of the house and back to my home state, with nowhere to live and no job, with health issues. My physical health won’t be the same. Not a moment in my day exists without physical pain. I’m nobody’s priority. Sometimes ppl say… oh, well you look good…you’re smart, and still have your looks at 41… and somehow ppl think that has any effect on my physical pain. I think some ppl look at slim, attractive women and think they have no problems. My pain is physical and it can’t be seen. I can’t wear shoes, or go barefoot so I lay or sit most of the time. I had a procedure a few days ago and the anaesthetic is no doubt causing depression which I don’t normally feel. I feel sad, or pain, or ptsd traits like nightmares but not depression. Not like this. The last person who betrayed me contacted me yesterday and the timing is leaving me in a spiral, where I have gone through the motions of how I will end things. I tell myself… if a pink rose appears on the tv in the next 2 scenes, I won’t do it. I wish I could find a reason to stay.. hope…hope for my health that something can be done. But ive lost my ability to exercise, take care of myself, work, and lost the chance of a family and possibly a relationship…ever. And that’s a life I can’t see me living. I need a miracle.",TRUE,"""gone through the motions of how I will end things"", ""need a miracle"" active suicidal ideation"
239,"2023 was a very dark year for me, mentally & emotionally. Suicidal thought have been occurring more frequently over the past 4 months & I literally prepared to do it, but, the ONLY thing that has stopped me is what it will do to my parents. I recently found out dad has a heart condition. I know it would probably kill him if I was to follow through, which would absolutely destroy my mum. I don't want to do that to them, but there's also the thought in my mind that I cannot continue to live this way. These thoughts make me start to resent my parents, who are the most loving, caring & beautiful parents anyone could hope for. I have so much pain, anger, guilt, despair & resentment, on top of the constant anxiety, depression, stress & nothingness that it am so drained of wanting to be here anymore. I have seen a therapist, but in the last few months I have 'put on an act' to make it seem like I'm coping a little better, just small improvements each time so it doesn't feel like I'm faking it. But honestly, I am so done with everything.",TRUE,"""prepared to do it"", ""cannot continue to live this way"" active suicidal ideation"
240,I'm really struggling. I am going to a psychiatric clinic on Thursday but I have been so many times and get out and then just go back to struggling. My kids were taken off me in 2022 and I just can't cope without them. So I'm trying to get better and get help whilst struggling. My mental health was used to take them off me but then I'm suffering more because I don't have them. They were my world and now I feel so alone. I am starting to wonder if I should give them up and move on if I can. Cos it hurts so much not having them and then being kept from me.,FALSE,"""wonder if I should give them up"", ""can’t cope"" distress without explicit suicidal intent"
241,I am so exhausted and feel like every day is a battle but I can’t talk to anyone because no body wants to listen to someone complain. Especially when there is nothing to complain about really. I’m tired of pretending I’m ok. I love my kids and my husband so much which is why I have to keep going. This feeling never goes away but some days or weeks are just harder.,FALSE,"""feeling never goes away"", ""battle every day"" distress without suicidal ideation"
242,My mum has stage 4 cancer and it’s the tipping point for me. I already hate my life . I have no supportive people around me. My misses goes off at me if I’m depressed because I tell her nothings wrong. I don’t want to tell her my feeling ma because she isn’t the nicest of people.,FALSE,"""tipping point"", ""no supportive people"" distress without explicit suicidal ideation"
243,"Just wanna preface this by saying I am currently safeLife is becoming increasingly harder to deal with say to day. Staying clean and alive is something I have to put constant effort into.I feel so selfish for wanting to not live anymore when I have a bunch of support, but all I want is for someone to talk to me, so I'm not just alone in my room at whatever ungodly hour it is.",TRUE,"""wanting to not live anymore"", ""staying clean and alive takes effort"" passive suicidal ideation"
244,"I am on the cusp of applying for the Disability Support Pension. The disability employment agency I’m with and my psychologist are supportive and encouraging for me to do this. At 48 I’ve had lifelong chronic pain and multiple challenges with traumatic and stressful experiences. In 2005-2008 my pain levels were extreme and I had to stop work but fought my way back into work doing a program with the then Commonwealth Rehab Service and retraining at TAFE to be an education assistant. I was on synthetic opioid meds to be able to do this. I’ve worked at many jobs over the years. In the last few years my stress levels have been extreme as a primary carer to my parents before they died and numerous other stresses. I’m diagnosed with complex PTSD from childhood experiences and have an autoimmune liver disease. Although on the face of it I may look like a good candidate for DSP, I know it’s extremely hard to get now. The process itself triggers me and I find suicidality comes up every time I have to deal with it. I’ve been advised by an advocacy group who provide advice on DSP to apply on either mental health grounds or physical health grounds but not both as if you fail the impairments test on one they will fail you on both. They’ve also advised the hour long job capacity assessment interview involves them trying to trip you up multiple times by asking you the same question in different ways. Basically it is an adversarial process designed to make you fail. Someone else with my employment agency who cannot stand up for more than 5 minutes at a time was refused it. A man I met at a DSP info session was also told he won’t be able to get it despite the gruelling impacts of two cancers and immunotherapy that has damaged his cognitive capacity and ability to function. I’ve had fibromyalgia since 13, a condition many doctors have not considered real. I’ve actually had a doctor throw a packet of anti-inflammatories at me and told to “get over it” when I went to him for a second opinion about a med another doctor wanted to put me on. I’ve had severe migraines since 13 as well and the only way I got through decades of work was to medicate as I would be debilitated with the frequent migraines otherwise. The liver disease I now have may even be partly a consequence of the long term medication to be able to get through the work day. So I just feel scared and seriously overwhelmed with the DSP application. I am so tired of fighting to survive. I just need to express how I feel.",TRUE,"""suicidality comes up"", ""tired of fighting to survive"" recurring suicidal ideation"
245,"After a lengthy hospital stay and 8 ECT’s, I’ve gone full circle and started to think about it again.I can’t find a decent Psychologist and my family is nervous which I can totally understand, as next time failure is not an option. Does anyone else love their family so so much but still not want to be here??",TRUE,"""started to think about it again"", ""not want to be here"" active suicidal ideation"
246,"i've been going to a therapist since i was pretty young, around year 4 but only for anxiety and never anything bigger. recently i've been going through a rough patch and just felt kinda useless and lonely. when i told my therapist about this she asked my parents about anti depressants and they refused to try. since going through this rough patch i've only just started sh (about 2 months ago) and i think i should tell my therapist but don't know how. can anyone give advice?",TRUE,"""Don’t know how long I could resist"" active self-harm urges"
247,I think I need help,FALSE,"""I think I need help"" distress without suicidal ideation"
248,"Idk what to do anymore. I’ve been here before where I have tried to take my own life before and I haven’t started cutting again but the only reason is because I can’t be bothered to buy the razors. I have tried multiple therapists and been on different medications but nothing works, I’ve tried those self help apps with the cute animals. I’ve even tried starving myself to be better. I’m afraid that if I go down this path again I will not make it out the other side. I have nobody to talk to about this. I scared my best friend and my dad last time and my mother doesn’t care about me. Don’t try to tell me she probably does because I really know she doesn’t. I feel it coming. I have no drive or motivation anymore. The things I enjoyed don’t matter anymore and I feel myself distancing myself from my friends and family. Whenever I try to imagine a future for myself my mind goes blank. I really can’t go through this battle again. All I want is to be happy and to feel loved but I can’t even remember how that feels.I want to stop being selfish. I want to stop failing at helping people. I want to stop failing at everything I do. I want to be somebody’s first choice and I want to like what I see in the mirror. I want what I see other people have. I’m terrified to get the energy to buy a razor because hurting myself felt like a punishment I deserved but I know that if I do then I will be so angry with myself after. I feel like I’m watching myself fall down this pit and I feel like I can’t do anything about it. I don’t want to be alone anymore. I want someone to care about me like I care about them. I don’t want to hurt myself or anyone around me but I’m terrified that I’m going to get to a point where all of this is too much and I will forget about the pain they will feel just to release myself from my own pain. It’s been three years since my first attempt and I hate myself for not being better.",TRUE,"""tried to take my own life before"", ""feel it coming"" high risk with past attempt and escalating ideation"
249,Ever since I was a kid I have struggles with anxiety and depression. Now tho whenever I tend to harm I have no memory of doing it what so ever. Does this happen to anyone else?,TRUE,"""Now tho whenever I tend to harm I have no memory of doing it what so ever"", self-harm behaviour"
250,"I’m 36 years old female, mother to a 3 years old daughter and wife to a good caring husband. First I entered therapy for anger management and get rid off suicidal thoughts from my mind. One day I missed my appointment and she rang me. I apologised and I was willing to pay the cancellation fee. But she stated I don’t want to pay if it’s happened again they will charge cancellation fee next time. This is the first day I started to search about her. I just wanted to find who is this good person. I found her and her family on facebook. I spent hours looking at her photos. Then after I started to develop romantic/erotic thoughts about her. I’m totally obsessed with her. Every single second she Invaded my mind. I couldn’t forget her.I never ever felt about a woman before. I worried about my sexuality. I decided to speak with her as I thought she would be understanding and help me to cope with this situation. Instead of helping me she suggested to transfer me to an another psychologist. I didn’t want to lose her, I did my best to control my thoughts. I went to a retreat and started doing meditation and It was helpful to stay in the present moment. Unfortunately I had a car accident. I was so shocked panicked and couldn’t sleep. Then after those thoughts popped up again. I wanted to speak to her but couldn’t get an appointment. Then I sent an email to her asking help. She didn’t reply to my email. Then after I had a panic attack. I wanted to get suicide. I didn’t want to leave my daughter alone in this world without a mum. I thought if I terminate therapy it would be easier to forget her. So I requested to terminate therapy. Then she rang me again and asked to come for one more session. I was so surprised, I didn’t expect a call from her. I went and when I see her I felt so good and I didn’t want to terminate the therapy. But she wanted to terminate the therapy. She suggested me two places to find another therapist. My whole world collapsed down. I didn’t know how I walked away and drove to home. Then after she blocked my fb account. It was so painful and I cried a lot I was out of my mind. I looked for options to get sucide. I started to drink alcohol. My condition got worse. I felt I was rejected or abounded by the person I mostly trusted. I really missed her. Her presence always made me happy. Then I started with waiting and watching her as she left her office in the evening. Then following her home. stalking her on the internet., invading her privacy. This eventually consumed my life. One day she caught me when I followed her. Then after I didn’t follow her. I’m afraid to break the law. I’m a good lawful citizen. I was filled with shame. Then my psychiatrist increased my medication dose . It helped me to settled my depression. I permanently deleted all of my social media accounts. We wanted to have an another baby. I spoke to my psychiatrist and requested to reduce the dose and we did. But now those thoughts are popping up again. I feel again I miss her. It’s extremely painful. I fight with my thoughts. The pressure builds up in my mind drives me in to suicidal ideation. I searched the options in the internet to get sucide. Can’t I have an another baby? I’m afraid, i will regret in 10 years because of these thoughts I couldn’t have an another child. I’m afraid,one day my daughter will hates me. She will question why my mum loved her psychologist than me and why she left me and committed suicide . I’m totally obsessed with my psychologist. I can’t get her out of my head. When I entered therapy I had no idea any of this would happen. It’s so painful,humiliating, disgusting and disappointing. Please somebody help me.Please tell me how to get her out from my head. Thank you.",TRUE,"""wanted to get suicide"", ""searched options"", ""suicidal ideation"" active suicidal ideation"