post_id,post
1,"By all accounts I should be happy with my life, good job good friends, a range of hobbies. However I feel empty, like a part of my brain can’t experience true joy. I cry often at the smallest things and find myself afraid of disappointing/being seen as useless to those around me because I should be thankful for the life I have so I pretend and mask and appear very capable at work and in society but feel dead on the inside. I struggle to find joy in hobbies I once pursued with so much passion and turn down hangouts with friends and family. Nothing sparks joy for me and I often feel this void. I look back at who I was 2-3 years ago and burst into tears because I can no longer see that person in me."
2,"I’m confused about a person suffering the spiral of depression. they’re good one minute then absent the next. They go no contact for days at a time and won’t respond to messages checking in, sometimes they blame me for their behaviour. This last episode has lasted almost 4 weeks and while I’ve been supportive for months, this last episode feels a little more than I can take. To be clear we were in a relationship, they probably still think we are but I’ve mentally and emotionally checked out. I feel bad about this and I’m angry, upset and hurt. I feel like a ping pong ball, never really sure what any second will bring and I’m exhausted. I’ve tried to be supportive, reached out for help in their roughest days but they’re reluctant to seek help but keep pushing me away. They keep telling me they love me but then leave me hanging like I’m a convenience and I can’t keep doing this. I want to be supportive, maybe even feel obligated, definitely feel like I have a duty of care but it’s pulling me down being treated this way. I’m struggling with feeling like I need to step away but not wanting to be yet another person who’s abandoned them. They’re also not very good at opening up, instead holding things close to their chests which makes me feel like I don’t really know them. It’s a confusing place to be. I don’t know where to turn or what to do just that I can’t keep going in what feels like this cruel cycle. I’ve experienced mental health issues in my lifetime but I’m at a loss with this situation.any advice or words of wisdom would be greatly appreciated."
3,"Hi everyone, The last few months have been somewhat confusing as I have discovered more about my mental / physical health and how it has all been connected. I had not put the pieces together, I am not sure why, it seems so obvious now. I have dealt with Dysthymia since about 12 and Major Depression since about 14 but was not diagnosed until my 40s and had no idea that had been the problem all along. I knew I wasn't like everyone else but thought I was just born that way. Back then mental health was not a subject that was openly discussed and the signs mostly went unrecognised and untreated. I had about 10 years of talk therapy with a social worker that helped immensely. I have had a sensitive digestive system for a good portion of my life, not so much that I sought treatment, just things like indigestion with certain foods, bloating and the like. I suppose I thought everyone had those types of issues. I have also had nervous system reactions over the past 15 years, like involuntary shaking in certain situations, that I had put down to getting older and being less resilient having been through a lot of difficult challenges. I have been seeing a psychotherapist who also does somatic work (turns out you were right mmmekitty, I did need some more help). The first session of somatic work, in this case EFT (tapping), brought up a deep and long standing belief that I did not deserve to be helped. The emotions were buried so deep that I was not even aware of them. After that session things went haywire physically for a few days and took some weeks to start to settle. Being the type of person who needs to have an understanding of what is happening and why, I have been reading many books on the symptoms I have had. That is when I began to join the dots about how interconnected by mental and physical health actually were. It has required a lot of processing on my part, and an acknowledgement of what I have been consciously unaware of, but it has been necessary to finding a way forward. This will be an ongoing journey as new symptoms show up that need to be looked at. I know now that there is a lot of unreleased trauma in my body that is a contributing factor in not healing mentally or physically and I know now what needs to be done to improve. There is only so much that the medical profession can do, I believe the rest of the responsibility lies with us in digging deeper to find the causes and the answers. In many ways, that in itself becomes empowering. Take care all.indigo"
4,"Hi all, I am 16 years old and recently while taking a trip down memory lane I experienced this overwhelming amount of nostalgia for my past, especially childhood experiences, and was hit with this crushing wave of grief and just couldn't stop crying. I find myself to be quite a nostalgic person and instead of feeling warm and happy about my experiences so far in life, I find myself often feeling really freaking depressed. It kind of all came at once and made me reflect on how nice it was to feel so happy about the littlest of things and the good experiences i had with so many people. I thought of people who had passed, old relationships with family members who have now become strained, a bunch of things I just did occasionally throughout my childhood and how dreamlike and nice it all felt. Like I just remember everything feeling so adventurous and fun all the time, like literally pouring water on rocks at my grandma's old house was seen as a special event. Now currently, my life is going somewhat wrong in so many ways. My relationships with many family members feel strained because I feel like everyone hates me and we barely talk, I don't get much joy out of interacting with my friends, and the whole world kind of feels pretty gloomy rn with so much hate and slop out there. All my hobbies are solitary. There's a long list of other stuff but in short, nothing feels good anymore, just kind of bland and unfulfilling in every way. I have days where I just feel really sad and that my life is wasting away. That being said, I'm constantly trying to improve my circumstances, meeting new people, being more sociable, trying new things ect, as well as kind of doing certain things I used to do during childhood just for fun and to get a kick out of it again. But it feels like no matter what I do, nothing ever changes and for like a few years now it has just been getting worse and worse, like I never feel truly happy ever. Ik it's probably cause I'm romanticising the past or smth but like that realisation doesn't make anything better. I have moments where I literally just hope that reincarnation is real just to experience it all again, and that after I die I'll be happy with everyone again (also I DO NOT want to die, just in case this gives off a bad vibe). Now looking to the future, I just don't see anything stacking up to that. Like i could find a partner, raise kids, travel the world, but I feel like I would trade all of that for a week just to go back to my childhood doing stuff with my parents and having fun with little things and that it's all just a downward spiral from here. My whole family before me will die over time, I'll lose contact with so many people, I don't see any partners or future friends being able to make me feel better, and to top it off I'll slowly get older and weaker and more senile as time goes on, going out with a whimper. Maybe it's because I'm at an awkward phase of life right now, maybe later on moving out and building my own world will make me feel fulfilled again, but for now I just feel like it's probably just all downhill from here. Is there anyway to cope with these feelings of nostalgic grief, does life become cooler later, and is there any advice on how to actually feel fulfilled in the present again?"
5,After ten years of giving everything to one organisation I have learned the hardest lesson of my professional life. I am sharing this anonymously to warn others who still believe in the gentleman's agreement.Before I realised I was being pushed out the company made it a priority for me to finish all my documentation and procedures as a key part of my KPIs. I was titled as a supervisor but every peer confirmed I was performing the role of a manager. Keeping me in the lower position allowed the company to keep my pay at the award minimum while extracting maximum value from my knowledge. I was happy to support my colleagues but when pressure was placed on me I was met with silence. People were afraid that if they spoke up they would be targeted as well. It left me feeling angry and entirely alone.I reached a point where my mental health was failing and my family needed me as we faced a serious crisis with my teenager. When I went on stress leave the company was fully aware of the situation. I thought a decade of service would earn me basic human decency but I was met with hostility and treated as if my struggle was a fabrication. I was micromanaged to the point of breaking. In boardroom meetings I was isolated while my support person was made to sit at the far end of the room. A manager told me I did not care about the company while I was at my lowest. They denied my holiday leave and tried to withhold my long service leave until I proved every medical appointment date.The most painful part was watching my own systems and reports being used by others to get promotions while I was being discarded. I saw my work presented by people who took all the credit and I realised my documentation was simply being repurposed. They found me at my most vulnerable and pressured me until I signed a settlement. My lips are now legally sealed so I cannot fight back because the costs of a lawyer are too high.Now I have been out of work for over a month and the depression is heavy. It is hard to feel like the man of the house when you have been pushed out after ten years of loyalty. My advice is simple. Document everything. There is no such thing as a handshake agreement in a corporate environment. If it is not in writing it does not exist. Do not sacrifice your family or health for an organisation that views your vulnerability as a weakness to be exploited. I am just trying to find the patience and the strength to keep going and be the example my family deserves.
6,So I have never done something like this before but it’s go to the point i need to express myself. Life feels so like hell everyday waking up same stuff different day I try everyday to upcome muself and achieve different stuff but I just can’t my head races everyday. I just think ok life is on repeat till the day I go .. it’s tiering I have no friends I’m a young female so not having a girl-friend to talk about things to need to I can’t.. it hurts but I blame myself over all these years of college high school primary I’m the reason I have no one.. my mental health always makes everyone leave left with no one.. if only I did not get mistreated at such a young age maybe Just maybe I would be different and successful..
7,Been away a while and I dont know where I been. But my life views have changed dramatically. Depression sufferers are amongst the toughest breeds mankind has ever seen. The sheer weight we carry and still survive somehow is remarkable. Its sad we have no strength to communicate this but I am bound with my brothers and sisters for life as we struggle for survival together. Yes I have seen death felt it lived it but I see the beauty in my brothers and sisters and if I could I would protect you all. Yes my tone has changed as I have relived my hippie days during treatment. A long lost part of me that has been buried for decades. A hidden aggressive non violent protest for change that I was lost in 40 years ago at the beat if Bob Dylan Neil young at the time of Laurel Canyon and Woodstock. But I had to die first to get there and lose my mind on the way which was frightening to my core. They tried to silence the hippie for what reason. They exercised brotherly love and care for mother earth and natural lifestyles. Their non conformity towards the way things were going in the 60 70s was about LOVE and PEACE. And you stamped him out. Why? Why would you do that. Manson was never a hippie so dont blame hippies. So I live in this world eons away from the beauty I was once involved in. Not being able to tell you here where I go twice a week at hospital is a crime and yes I am anti establishment but not wrecklessly indifferent to things that make society run. My treatment is out there and I cant tell you. Thats crazy to the enlightened person because people need information but instead are bombarded by misinformation lies scams gag orders and integrity has become almost a mythical idea from a long lost time. And all this does matter. Its our health we fight daily for and it doesnt come cheap and without effort. Respect to all my brothers and sisters and let your freak flag fly and above all peace in our suffering
8,"I have been a teacher for 19 years and this is the worst year of my career so far. I’ve got 3 students in my Prep class that constantly reek havoc and I’mnot receiving enough support to manage them. Each day they are taking my things, engaging in dangerous play (jumping off tables, running around the classroom) hitting me or other people, screaming and swearing and I’m in a constant stress state. I feel so down about it all. This evening I snapped at my own son because of the emotional fatigue. I quit drinking 2 years ago and will not return to it, I exercise most days, I eat salads and fruit smoothies everyday, I get my 8 hrs of sleep and meditate everyday. I’m trying so hard to protect my mental health but am constantly miserable. I don’t see quitting as an option but not sure how I’m going to sustain this for a year."
9,"my depression has been recently active and I'm finding it hard to get myself motivated. I'm on medication and I am taking my medication every day , I'm under a lot of stress and my husband has depression and anxiety to. I'm just struggling to cope at the moment"
10,"Hi everyone,I’ve been reading through the posts here, and it helps to know I’m not the only one feeling this way. I wanted to see if anyone else relates to a specific feeling I’ve been having lately.I call it the ""functional freeze.""On the outside, I look like I’m coping. I manage to get up, go to work, and maybe even reply to a few texts. But internally, I feel completely paralyzed. The moment I don't have to do something, I just freeze.I’ll sit on the couch and stare at the wall for an hour, or I'll know I need to make dinner or have a shower, but the physical effort required just feels like trying to run underwater. I’m exhausted, but I haven't actually done anything. It’s so frustrating because people around me think I’m doing fine, but they don't see the massive amount of energy it takes just to appear normal.Does anyone else get stuck in this freeze state? If you do, how do you usually break out of it, or do you just have to wait for it to pass?I’m really struggling to push through it this week. Any advice or just knowing others get it would be really comforting.Thanks for listening."
11,"Hi BBers, Tonight I am feeling lots of big feelings. I have changed medication recently, so that is probably why. But also, stuff happening in my relationships, family, work life and friendships. I am not great at actually feeling my feelings, or expressing them. It scares me. My brain starts telling me I am stupid. It is like I don't trust myself. Looking for advice and reassurance?"
12,"Hi everyone,I have had depression since my teens, I’m close to 40 now. I have two small children now and I’m finding that these years are some of the hardest I’ve experienced. They’re not babies (4 & 7) so they’re not oblivious to my ups and downs anymore. But they’re not old enough to understand that mummy sometimes struggles.The self care that worked before kids, or self cocooning through the worst days just doesn’t fly when you have kids constantly going “mum mum mum”.I would love a practical “dummy’s guide to parenting when you have depression”. Or a resource that I could use. I find it hard to manage my own mental health and be a good parent."
13,"I definitely have scoliosis and people from school often talk about it. I can't even walk or stand properly. My posture is messed up. I do at least an hour of walking most days, so I do exercise (though I don't do many other exercises other than a bit of tennis and sometimes swimming. I try to do a bit of running, but I feel self-conscious when I do so). I told my Dad and he said that it probably doesn't matter unless it hurts and I said that my back occasionally hurts a bit and it can get worse if it doesn't get fixed and he said, ""But where can we go about it?"" I said we could go to a (can't remember what they are called right now). He replied, ""Would that help though?"" I said it's better than not doing anything and he just said ""Hmm"" and walked off. (He does this a lot). I told my Mum about it and she said, ""But if we went to one of those places, wouldn't they just tell you to stand better?"" I said that I didn't know because we never tried going to one of those places and then she walked off. (They're both very dismissive). I went to a massage place because I had problems with my back and the lady said to my Mum that it's a pity that I never went to a *scoliosis place* when I was younger. Even my older sister said to my parents that she was quite annoyed with them for never taking me to one of those places. She even told me that if our parents didn't pay for me to see them, that she'd be happy to pay for it. I may not get along with her often, but she's very generous! So is my younger sister. I recently found out that I probably have a thyroid problem because I have so many health problems that can be related to it (walking funny, voice problems, skin problems, digestive problems, cracks on heels of feet, etc.) Google even says that psychosis can be related (I have paranoid schizophrenia and I never want to have an episode again because they are the worst thing that's ever happened to me). I don't know how to get help for this either though because my parents don't take it seriously. My doctor thinks I don't because of my blood test result, but blood tests aren't always accurate for thyroid problems. My hormones also sound really out of wack based on what it said, but my doctors said they were fine. I'm not a doctor, but it was something like 98 - T and 1.10 - E?? Even if I was ovulating, that doesn't sound right to me?"
14,"Hey,I’m a teenager in high school and I’m not really sure what to do. I’ve been feeling off recently. Kinda sad and depressed. I’ve never been officially diagnosed but I’m fairly sure I have some kind of depression. I want to get help from someone and I don’t really have that kind of relationship with anybody since I’m a bit closed off from others and not that sociable. I’m just not really sure what to do. I have my life planned out the way I want to continue it and I know I have potential, but I’m lacking motivation in anything recently. I will be honest and I have thought of self-harm a lot more times than one but I don’t really want to do it. I just want to find a way to continue my life without going through a constant loop because I feel like it’s just getting worse.. I’m posting this because I feel like it might make help me expressing how I really feel somewhere. Any tips for how I can ask for help?"
15,"I've never posted on here before - sorry if this is too long. I'm lonely. I live on a very isolated property with my partner. We moved here 6+ hours away from anyone we knew a few years ago. The small community around us are quite a lot older than me (40-50 years older) or very young with children. I don't have children and have found that my friendships with these people fizzle out or there is less time for me in their lives because they involve themselves with other parents etc. which makes total sense. My partner works out of the house for 12+ hours a day. I am alone all day and rarely see friends and family in person. I was able to socialise with a small group of people at work but I lost my job and those people (""friends"") never contacted me again. I've been working very hard on making myself available and communicating strongly though social media etc. to be able to keep connections alive with people in my life - however, I'm finding that everyone (including my partner) are too busy to reply to me. My family is narcissistic and will only speak to me to complain about their lives, I've tried to foster a meaningful connection but they have their own problems. My partner is busy at work and I often won't hear from them all day until 5/6pm. My texts or an interesting video that I'll send go unanswered even though I can see they're active. My friends all have other friends that are physically part of their daily lives so it makes sense that I'm the last one they get back to but all the same, I'm very very very lonely. All I've ever wanted was connection after a childhood of neglect. A lot of advice says to look into myself and be better friends with myself, find hobbies etc but I've done that - it's all I do - what I'm craving is connection with other people and it can't be filled with a substitute hobby. I feel so tired and heavy all the time and just thinking about how lonely I am and how I can't seem to be able to fix it puts a weight on my chest.Has anyone been in this situation and found a solution?"
16,"hey, i am really struggling right now, it's so hard to explain to make it understandable. i guess the hardest things just keep happening to me. like first, i had to make the hardest decision of putting down my baby boy (cat) almost 2 years ago. one of the hardest things ever. basically, since then, my mental health got worse and worse. my dad was involved in a car accident several months after, and nearly lost him. he's alive and doing well now, but stuff really went down for my family since that day. about a few weeks after he arrived back home (so roughly under a month after his accident) we had to put his cat down, after a sudden heart failure accrued. a few months later, his dog died. we knew she wasn't well and the hardest thing was, we couldn't support that. then i was having a hard time with my boyfriend, as he was manipulative, controlling, and just so many other things that made it harder. he was my first relationship (primary school personally, doesn't count) he would try change me to become what his needs were like... 1. becoming christian 2. change my personality and there's so much around this i don't need to get into. but we hate him, we hate the whole situation! anyway, let's just move onto the present. my mum's dog has be diagnosed with a disease, and we have to make a decision. my ex and i have been in another situationship. ive been distant from my best friend because.. 1. my mental health is really bad 2. shes not the same 3. im js starting to see her differently (don't know how/why) im overwhelmed with school. im overwhelmed with dance. im struggling to feel put. i dont have a job. i dont have money. i dont have a licence. i dont have a clear head. i dont stick to any routine. but i really need one. im so lost. im so tired. i want it to end. but ive lost so much hope. (im so sorry for the huge as yap)"
17,I feel like a failure because I should have my life figured out by now but I don’t. I feel like I’m failing uni because I’m so behind everyone in my cohort and not sure if I’ll even complete my degree because my confidence has been shaken and my life tipped outside down. I feel like I’ve taken a step backwards in not being able to get out of bed or do grocery shopping or get out of the house. I cancelled two appointments with my psych due to experiencing depression and not being able to leave the house on those days and now I’m back on the waitlist. I regret my decision to cancel now.In this moment I don’t feel like I will experience joy again. I feel so isolated and alone. I don’t feel like anyone truely understands what I’m going through and how difficult it is to keep on going. I find it hard to confide in others because I feel like a burden. I tend to mask how I truely feel around others because it’s easier to say “I’m ok”rather than be honest and say that “I’m not ok”. To this end I’ve been avoiding seeing people which is not the norm for me even though I know it would be good that I do… i just find it really hard to explain how I’m going and have small talk. I’d love to hear from anyone who has experienced anything similar so that I feel less alone. 🫶
18,"Hello people of this forum. It’s been a while since I posted here. I’ve been severely distressed and searching down other avenues and such, trying to find a way out of this debilitating mental pain. My unwavering fear of death has kept me from suicide, comedic in a dark way being too cowardly to take “the cowards way out”. But outside of the grim and hopeless the only option shown to me is getting some sort of counsellor. But I’ll be frank. That is such a huge mental gulf that it just feels impossible without help, and even with assistance it feels too far out of reach. nobody in my family has enough expendable funds for me to claim I need it. Even then, I’m sure you’d call me stupid for saying this but it’s so deeply rooted in my subconscious that I’m steadfast in this belief. I’m don’t feel like I’m worth all that time, that effort to repair. I’ve fallen apart before and each time after picking up my pieces I just fall apart again. Things don’t get better just… Back to the status quo. I’ll never learn or break away from my restrictions so why even pick up the sand like shards of my mind and heart? the people who’ve taken up the task of performing litter cleanup on my soul with me have all left me. because I assume they too know it’s futile. So why should I be so bold as to claim their efforts were too shoddy and that’s why I’m not healed? I’m right where I deserve to be. I’ve made my bed and now I’ll lay in it till the frame rots. so… I’m not sure what to do. I hate feeling like this. But I won’t pull myself out, it’s under my belief that this is my sentencing for my transgressions in life. I have nobody in my life that seems to care enough to disprove me anyway. I have no friends and my family has been spending more time judging me it seems. I don’t know. Nobody checks on me anymore. It’s like I’m not even here sometimes. I know nobody outside these walls is thinking about me right now for example. I feel translucent. I’m doomed aren’t I? This is unsolvable, I’m just meant to suffer for now till the non-existent future. I’m sorry reader if this has been a confusing journey. I can’t control the spiral, if you felt this was a waste of your time I hope your day gets better than what it could be."
19,"Hey, I've been battling anxiety for around 6 years which turned into having chronic depression with episodes lasting weeks to months at a time but to be honest it feels like I've been stuck in a depressing episode for years. It's got to the point where it's like finding a needles in a haystack for my good days, I honestly can't remember the last happy day I had. My therapist helps when I see him but as soon as I leave and the day progresses my depression comes back, the thing is I have nothing to be depressed about. My darkest days are clouded with thoughts of suicide, my therapist says that I am strong and that I need to find stuff that motivates me but I have not motivation and my negative mind calls myself a coward. I know that I will never do it but I can't see a future for myself like this. One days"
20,"For the past 9 years I've been seeking treatment for whatsoever is wrong with me (since I turned 18 and could start seeking treatment on my own), for years my doctors just said I had anxiety and depression, prescribed me some anti-depressants, and didn't think of looking any further into it. I've been suffering my whole life and never knew why, pretty much always anxious and depressed, so I thought the doctor's were right. But only very recently was I diagnosed for Autism, as well as ADHD a couple of years before that. After getting diagnosed I thought ""great, I will finally get the support I need and can actually start do something with my life"", but it's just been more of the same, more going around in circles, more huge wait times and appointments I can't afford.I'm unable to work because of these reasons, so I've been trying to get on a disability pension through centerlink (for the past 7 years actually, for different reasons), but Centerlink won't grant me the disability payment because (according to the Centerlink employee that talked to me) ""haven't tried enough treatments yet""......... you'd imagine how that made me feel after 9 years of treatment. What else do they want me to do? To seek treatment, I need money.... and to get money, I need the disability pension, because I can't work...... like seriously, what am I meant to do? It really feels like I've been taking 2 steps forward and 1 step back through this entire process. I just want to get this pension so I can focus on improving myself. I'm so sick and tired of going in circles. You'd think after spending multiple thousands of dollars on seeking diagnoses for ASD/ADHD that it would go smoothly. How many more thousands of dollars do I need to spend? How else can I possibly convince them that I am need of this payment? I have been literally rotting at home for close to a decade. I can't take it much longer."
21,"HIMY SITUATION NOW -I am from Canberra. I have a family, and I am 54 years old. I have been in the IT sector for approximately 35 years. In the last 8 years working in the public sector, I have been terminated 4 - 5 times. Most of them were due to certain budget issues. The last one, my department said it is a performance issue. I tried to follow up, but everyone around me says it's futile.So what now?I am looking for a job every day, and it is making me depressed. At times, I would sit in front of the monitor, thinking everything was pointless. I take medication for my depression. It is hard to get out of this hole. As I am looking for work, I am also upskilling myself. It is hard to focus too. I have this feeling that it is so difficult to explain. Actually, I feel mentally exhausted. My survival is like fighting against all odds and times myself at the wrong end of a stick. Even writing this takes a huge toll on me. I was diagnosed with Vit B12 deficiency, which makes the depression worse. I am a migrant, and at the moment, I have very few friends in Canberra. I need help, but I don't know how.I used to love listening to music, but I find it hard to put on any music now. I used to play console games, but now I hardly touch my console. Sorry about the way I am writing it here; there is no structure. I am just putting whatever comes to my mind. I do not know what is happening to me. I wasn't like this before. I used to be quite optimistic, full of life. I did not know how I changed. At times, it is so hard to put on a mask of everything is good. It is another effort. Being a Hindu, sometimes I leave everything to my fate, which is kinda our belief. But at times, it is not enough. A few years back, I used to visit a mental health professional; honestly, it used to be like a band-aid. I used to visit the clinic and tell them what I felt. Come home, feel good and then back to square one."
22,"So I’ve been going through a depressive episode for a while and today (this morning) I spent an hour crying because I didn’t want to get up and go to school. Then later today it was raining and I got really happy, So I like put on a raincoat and ran outside with my music and I was out there dancing and picking blackberries (which we have in our backyard) and just like being happy for an hour then once I come inside I give the blackberries to my family and ask if we can like picnic on the deck and my dad says yes, so I run and get a mat and like go to make drinks because that’s like how I celebrate something idk but anyway my mum seemed kinda upset and so I asked if she was ok and she nodded then told me I was getting everything wet. So I cleaned up then asked if they wanted me to make a lemonade. My brother gets really excited but my mum goes “no, it’s too sugary” then I say ok and only make mine and my brothers sweet. Then I ask if I can add raspberries and mum scoffs and says no because it’s to much for just a drink then she goes to tell me how messy my room is and how I never clean up or leave my room. So I went to do that but I just felt really sad. And then later when we’re eating dinner mum gets upset again for me not cleaning my room and dad gets upset because “you’re so moody, you were just laughing what happened.” And I don’t know I’m just upset."
23,"I have a son who is about 30 years of age and has been depressed pretty much since he was 16. He has seen a psychologist and given up. It seems perfectly clear from my reading that he needs antidepressant drugs but absolutely refuses to see a GP. He is extremely intelligent and I am at my wits end trying to get him to do so. He knows he is wasting his life but says it's already too late. Talking of sunk cost fallacy and talking has no effect on him despite his intelligence and otherwise impeccable logic. Any suggestions on how I can get him to a GP greatly appreciated. (And no, he won't do telemedicine). Can one email or text a GP?"
24,"Hi there. I don't know where to begin because of the number of layers to my situation. I have been friends with this girl for years, and after graduating high school in 2024, we naturally grew a lot closer. Basically we have been dating since April of last year, however, I had to keep it hidden from my Orthodox Christian family. I felt so much guilt hiding this big part of my life because I love and truly respect my family, however by Christmas I was crying due to my conflicted feelings. I came out on boxing day to my mum, to which she passed in onto my dad, and saying the least they didn't take it easily at all because they mourned at my grandma's house for hours. They tried sitting me down to say how wrong this lifestyle is under their house, encouraging me to ""see it from their perspective"" and how hard this news is for them. They said a lot of horrible things that night that I slept over at a friend's house without telling them - this was very hard for me because I've also never been allowed sleepovers and usually I would respect their rules. Since then all areas of my life have been a wreck. My parents have decided they hate all my 'gay' friends because they are the ones influencing me, and thus contest me whenever I leave the house or see my girlfriend. As a result just asking to go out to places becomes a burden of guilt, not to mention my location is tracked at all times and I just don't feel like I have the space to grow as an adult. There's constantly unspoken tension between my parents and me, they look at me like I've disposed of their old daughter. Which is something quite literally my mum told me. I feel like I can't keep living every day like this and that it never will get better. I'm writing this because I've talked to professionals and gone through free counselling; I feel so hopeless as to what I can do. I can't move out because of my funds and the fact everything is too expensive - despite working three jobs in the past. Thank you so much for your time."
25,"I’m 19, living at home. Just finished a year of online uni and am starting an online bachelor. Over the past year I’ve struggled with anxiety, depression and burnout.In was a high school A student studying 12+ hours/day. I worked hard to make my parents proud, but I sacrificed friendships and a normal teenage life. After graduating I crashed. I had no idea what I wanted to do career-wise, while everyone else was motivated & certain.Last year I had no motivation, focus or memory, & felt very isolated.There’s constant pressure and control from my parents (they even picked my courses).I’ve always had social anxiety but it’s worse — I avoid going out alone or meeting new people (I'm very socially awkward). When I do see friends I feel better temporarily, but I don’t have many friends anymore and struggle to make new ones.My coursemates were all older (30+) and were kind and living interesting lives (sustainable, off-grid, unique jobs etc.) that appealed to me. But I worry about financial stability, especially since my parents are very business-oriented and have a specific idea of success. I dream of travel, living in different places, and a family, but that feels very unrealistic.My mental health worsened after Christmas after constant questions about my future, and coming back home from holiday. Now I’ve committed to a degree I’m only partly interested in, likely leading to an office job, which I worry would damage my mental health.My mood shifts a lot. I stay in my room doing online uni, avoiding my dad (WFH) because he always criticises me. By afternoon I feel very low. I feel guilty because I should be happy (uni, live in a nice home, have spare time etc.). One day I'll work 9-5 and look back on the freedom of this time and wish I hadn't wasted it.My parents are pressuring me to get a job (they worked PT while studying). I’ve applied for 25+ jobs with no success (stressful but also relief because of the social component). I feel like a fresh start (away from parents pressure) but can’t afford to move out. I’m overwhelmed by choosing a career, working 9–5 forever, and trying to buy a house. I’m scared I’ll always feel unmotivated, depressed and a failure.I'm assuming I should go to GP for referral to a psychologist or medication but I’m worried about the cost (I'd be covering it myself). Are there affordable or free ongoing options? I’d really appreciate advice on getting help, managing social anxiety and burnout, and figuring out direction in life."
26,"Im 43. I live with my parents. I have had agoraphobia in my past and social phobia, anxiety and depression.My parents have never been able to be emotionally there for me. Ive been through sexual abuse as a teenager and also emotional and sexual abuse in my early 20s. Those events shaped my life ful of shame and fear. When i was 14, we moved somewhat off grid on acres. After my 1st trauma, i stopped seeing friends and socialising. It was too difficult to get my dad to take me places as he was always working and mum being deaf never drove.in my 20s i would walk an hour into town for things, id study at tafe, donmy shopping and walk an hour back. I was too scared to learn to drive because i thought id be alone in a car with a man and also i had quite bad social phobia which included phone phobia too. When i turned 30 i did get my driving licence and a car and then years later i got a job. I was independent, happy and made some work friends. Then i got a boyfriend form work, But he had paranoid schizophrenia and a drug habit i didnt know about. It got hard to hang put with him, as the years went by i found myself shrinking for him and enduring behavioural changes in him from mania, psychosis, disinhibition, mental abuse. This wore me down. Then my work liquidated and so I volunteered at large thrift store. Then came covid, and i stayed home more again. After covid my car broke down and for a year i was selling on eBay, old books id find for cheap. I made enough money by the end of the year to get my Suzuki Swift second hand. I am on disability pension. For 2 years i loved my car, looked after it. It was mine, although i would always have to take my mum places, appointments, her outings etc.Dad would play bowls. Then 3 years ago dads car caught fire despite it being a new car, and him being stubborn he had no insurance on it. So my car became the family car. I wouldnt let dad drive my car, but i had to drive him and pick him up from bowls plus take mum to her things, or whilst i was trying to make do with my eBay selling business.i started to get very depressed and anxious, overwhelmed and just wanted my dad to get himself a car again. Then that June of that year, he declared we were moving out of our beloved acres of 26 years asap within 2 months as he thought with the sale he could invest in Silver and potentially get my sister a house. He got abusive and alot of things happened in that time that broke me to the point where i still had to function. There was a point where i was secretly online to mental health services inbetween helping with just me and dad with a hired ute moving the entire contents of our house to the new place which was an old dump. Anyways the move is another story. My main point is that its been 2 years and my dad still hasnt got his own car. They had $280,000 in inheritance and he still wont buy himself a car. i am expected to drive him to bowls or let him have my car. I am expected to pick him up from bowls, this is from 4 days ago week to more. Im also quietly expected to take mum when ever she needs to go out.He wont get a car because he reckons he has too many assets and Centrelink will deduct their pension plus the costs. I pay my petrol and all my car things, but im expected to use my time, my petrol constantly for them. Now i dont pay rent, they own the house but i have offered and been refused. He has no intention of getting a car and will fill in for people or volunteer at bowls without even checking the calender. Im left to feel discouraged to go out often.Also he has driven my car when hes been drunk after I’ve picked him up from bowls, wanting to drive to the pokies. Hes banged it into the veranda post, causing paint damage and a big dent on the front if my car and driven off, later not even mentioning it or saying sorry. Tho one day he said my car doesnt matter because its not brand new. That was after he asked to go to Bunnings and came back hours later with a house door he bought stuffed up to the dashboard in my car for which he broke the window and had to pay for. i feel like there is no way out from this. Im left feeling i have to be invisible, be a taxi and just give up. I feel if i speak up which i have before, he blames me for buying this house that was dearer than a house he wanted because i wanted a backyard. Even tho i never made him sign to buy it and stayed out of his decisions. Hes always made me his scapegoat to his decisions."
27,"I am an adult woman with ADHD, autism, specific language impairment and maybe undiagnosed OCD. I also struggle with anger issues, impulse control problems, trauma, and guilt. I have been going through a very difficult period for over a year, mainly due to severe perfectionism. Because of this, I feel that my mental health has significantly worsened.This is extremely difficult for me to admit, and please don't judge me, but I have been torturing bugs, mainly crickets, because of their loud mating noises. These noises are very distressing to me and feel like mental torture. When I become overwhelmed and angry, I sometimes lose control and act impulsively.Afterward, I sometimes think, “I shouldn’t have done that,” and I feel a small amount of remorse for the bug, along with feeling like a horrible person. Other times, I have thoughts such as, “You deserved it for mentally torturing me,” and “You deserved to be punished.”Only my parents are aware of this. I have not told anyone else, and I haven't even told my psychologist this because I feel too embarrassed and ashamed. I am terrified that I'm maybe a bad person or even a psychopath. I want to be a good person.I am in the process of finding a psychiatrist. I am not taking medication for ADHD at this time. Any feedback would be appreciated. Thank you."
28,"This is the first time I have ever said this outloud (so to speak) I have always felt embarrassed and ashamed to admit that I am lonely and scared. I am 51 yesrs old and feel pathetic saying I'm afraid as a ""grown up"" I dont have anyoune to talk to because I hide how I really feel every day. I left my home country over 20 years ago and don't have a single close friend. I am finding human interaction increasingly overbearing. I feel like I am the only person who feels like this and I want to be normal. I wake up every day with a feeling of utter despair and have to put on a brave face. I work in sales.....possibly the worst job in the world for somebody who feels like this. I just needed to get that off my chest."
29,I’m feeling sad I unable to work and study more. My body weakness. I’m short
30,"hi you can call me Dino. usually I’m pretty good at pushing my feelings to the bottom of my heart rather than dealing with them but sometimes it just catches up and become so overwhelming It becomes so hard to handle all the pain. It’s just so hard and the pain is too much .I don’t know what to do. I have everyone. I have a mother I have a father. I have a big family yet. No one understands me and nobody loves me. they feel like more of me like burden rather than the daughter it’s just so hard. Don’t know what to do it to go away. This overwhelming emotional pain is horrible and I feel that I don’t deserve to be in pain. Nobody does. I’m actually a good person I’m a calm person I keep my head down mind myself yet people are around me. Make me feel like I’m a bad person. I don’t even think about anything bad about other people I’ve never been diagnosed or anything but I know I’m a pretty self-aware person have been dealing with depression and suicidal thoughts since 2016 since my high school. I still have a boyfriend we were together nearly for eight years. he helped me with my depression my loneliness and everything he used to be my rock. No we’re not together anymore now I feel like I’m drowning. I’m just putting all the words that coming out of my heart I don’t know if it makes sense. I don’t know where the story begins. where is the story right now? Or where is it ending? I have no idea what to do with my life. I have no interest in anything not interested in work not interested in living not interested in life. Nothing. the things I’m interested in are something I cannot do it right now because I’m too old for some it’s too late. I have to pay my own mother and stepfather money every month so that I can live with them I literally give them half the money I earned every month .because of my anxiety and depression. I can’t live outside with anyone I can’t live by myself so for that I’m been told that I’m too lazy to do something something so many words yet nobody help me. Nobody gave me assurance that they’ll come look for me. I’m just scared if I go out they won’t care for me,everybody will forget about me. I hope it all end. I don’t know. I have no interest anything at all these days. This is something I’m just feeling at the moment and no it doesn’t make any sense but it is what it is. I have so much going on this at the moment. I hope it’ gets better"
31,"Hi, This is my first time posting anything. I was just wondering if anyone on antidepression medication still experience low days? I have been on anti depression medication for about 7 years and feel like my happy self, but every now and then I have low days for no reason. I struggle to do anything, I ignore everyone, I am fighting back tears for I don't even know why. I fantasise about laying in my bed, locking my door and dissapearing from my life. I am just not sure if I should still be having these days while on medication? Thanks everyone."
32,"I began pursuing psychology in 2020. Prior to that, I worked for many years in the broadcasting and telecommunications industries. From 2016 to 2018, I experienced entrepreneurship, setbacks, and a low point in my career. After 2019, encouraged by my family, I decided to spend 3-5 years rebuilding my life's direction, making psychology my new long-term career path. I first completed my Graduate Diploma in Psychology at UNSW, and then completed my Honours at the University of Newcastle. During those years, I persevered in my studies despite family and practical pressures, because I always believed that as long as I completed my Master's degree and internship along the proper Australian training path, I could achieve full registration. From early 2023, due to financial pressures, I entered the mental health industry as a data analyst. By late 2024, I felt I needed to complete my Master's degree to truly enter the psychology career path, so I resigned and began pursuing my Master's at a college (they claimed they were an accredited provider of Master of Professional Psychology). The problem arose during the internal placement process in the latter half of 2024. Resources available from the school were extremely limited at that time (a new clinic in Sydney), and I was assigned to almost only 1 client over 6 months. More challenging was the unequal power dynamics and communication style I experienced during the evaluation and feedback process. In the final evaluation, the school's conclusions did not reflect the positive feedback from my internal supervisor; instead, they used what I perceived as overly harsh, and even alarmist language to describe my performance. What I found particularly unacceptable was being labeled with the extremely negative tag of ""public safety risk."" This wasn't just a grade or comment; it was a denial of my professional identity, directly triggering intense shame, anger, and self-doubt. What was even more agonizing was that this didn't end quickly. The subsequent complaints, reviews, and various procedures dragged on for nearly 7 months. For me, this period was a constant state of suspension: I was unable to complete my practicum, advance my studies, or psychologically detach myself from the situation. The prolonged waiting and uncertainty caused me significant physical and psychological reactions: anxiety, mood swings, recurring anger, panic and distraction while driving, and even triggers in my daily work. I later saw a GP and obtained a medical certificate. The GP clearly stated that I needed to leave the academic environment to recuperate and advised against returning to the same internal placement setting, as it posed a significant risk of re-traumatisation. Before all this happened, I had always considered psychology as my main focus for the next 10 years. From UNSW to Newcastle, and then to my Master's program, I invested time, money, and a sense of identity. The result was failure and labelling in the final crucial placement (the school even said I posed a ""public safety risk""). What I felt wasn't just ordinary frustration, but a ""collapse of the safety system"": it felt as if all my efforts had been brutally dismissed by a resource-scarce and opaque system. I'm back to square one, forced to start looking for a data analyst job all over again, and still no response. It feels like all my previous efforts were wasted."
33,"Hi, I am 52 years old and experiencing peri menopause for the last four years. My grown-up Children have moved out, and I am working full time. My husband has aggressive personality and short temperedness and we are used to having little arguments now and then. I have noticed in the recent days I have become very intolerant the way he speaks to me, I’m expecting and demanding sometimes that he talks to me with caring, softer tone and respectful way. He is annoyed, frustrated and thinks that I am unnecessarily causing issues. Is my ego getting worse, or am I sensitive because of the hormonal changes. My job has been made redundant last week and I feel emotionally volatile and low. My behaviour is causing issues in the relationship. I am doubting if this is my ego? This change in myself is good or bad? Expecting my husband to ask instead of telling me - expecting him to change the way he speaks to me at his age, am I wrong? Appreciate your perspective and response."
34,"I am struggling to understand this website and find my way aroundI have replied to some peopleI think that two champions replied to my first two postsI do not know where they are now I have supported several posts of othersI have replied to one person I think today I am resonating with several posts in different areas but cannot remember where they are I am literally lost within this website as well as within myself I am working very hard at keeping the dreaded ""D"" at bay which I have battled with too many times.I have had this since young apparentlyI have had large gaps of time where I am mostly symptom free I think The monster is the dreaded ""d""It is also a relative whom I have had to relinquish her hold over me.I have only learnt about this stuff recently so struggle talking about it. So I think of do not feed the monster as in do not think of her. Or do not feel guilty or upset or worry or a thousand other things Also do not feed the dreaded ""d"" as it lurks waiting I will not find this piece again"
35,"Good morning to one and all. I am a senior, trying to break free from my mundane self-isolating life. Hurt has seen me resort to withdrawal. Depression has been my companion. Yes, I have tried Counselling, activities, etc., only to ride on a high for a while, then fall back to earth with a sickening thud. For the past 2 yrs I have been trying to move house to no avail. I have tried to find paid work, to no avail. I have tried, tried and tried again to move forward, only to be held back by my insecurities, bad decisions or circumstances beyond my control. I am fortunate as I am secure with material means, but I am an empty shell. I have a faithful partner; who's only input to our relationship is his opinion to which he gives freely, and nothing else. I am a grandparent, and my children have their own lives. Their preference to their father and his side of the family is obvious. I have nothing to offer them, apart from my hands, willingness, home cooked meals, a shoulder to cry on, a refuge and monies I give, that I don't have or can't afford. In truth, I hate myself, my life and each and every morning, I wake to dread. Suicide is constantly on my mind. No, I won't go through with it, as I have a family, and it's a burden I won't inflict on them, to leave them to carry and deal with my cowardness all their lives. I ask myself daily, when will my final day come!! My life is not a consequence from lack of trying; it's not knowing what other options (I haven't already tried) that will help me to move forward. To become what I have always wanted to be, what I use to be. My former self haunts me daily, I look back on what I had and achieved, only to be left thinking and living with how I screwed up my life. I don't want to live alone, but I don't want what I have now. I just don't know the reasoning behind my failures, besides that perhaps I was born a failure to begin with. How do others move forward when the anchor around their legs, is pulling them deeper into the depths of despair."
36,"TW First of all, thank you all for the support. I doubt I will ever change, and I'm only ever on here to rant, but I'm extremely grateful that there are people who are taking time out of their days to support me. :)) To the topic at hand: I believe I am terribly ugly. Yes, I am well aware of what causes me to think this way, the perpetuation of beauty standards and whatnot, and I know I have become an unfortunate victim of that system, but it is. Actually impossible to stop thinking this way lol. I have prominent body hair, for one. I KNOW that body hair is normal on every human, and basically everyone has it, but oh my GOD. I can't go outside wearing short-sleeved shirts because my arm hair makes me feel like a sasquatch. Like I'm a giant grizzly bear trying to masquerade as a teenage girl. This wouldn't at all be an issue if my body hair weren't so dark. It is so dark that even if I shave, you can still see it underneath my skin (I have pale skin). The worst thing is? I can do NOTHING about it. Do you think I'm bothered to go get some sort of laser hair removal?? no?? How am I even supposed to explain that to my parents?? - Probably one of the worst issues I have with my body is.. well.. my body. The very way my bones are structured, the way my flesh and muscle sit atop of it. Disfigured, even. I look into the mirror before I shower every day, and I want to hurl. My ribcage is far too wide, my shoulders are too broad, my hips are too narrow, my waist is too short. It hurts to know that I'm cursed to look the way I do for as long as I live. What can I do to improve this? What can make it so I don't have to live like this anymore??? Forget it. I'm far too lazy anyhow."
37,"Hi I haven’t been here for a very long time, but I’m really struggling at the moment and I’m often feeling this sense of desperation pumping through my body. Like I don’t know where to turn to. I feel so let down by community mental health they have been so slack. I have a lot going on at the moment and it’s a really difficult time of the year. I’m safe, I wish I wasn’t, I have a lot of them bad dark thoughts, but I am safe."
38,"recently i finished my hsc and went travelling for a couple weeks before returning back home. during the periods of study, exams and travelling, my mind was very occupied with the things i had to do that in a way i was able to avoid the constant voices in my head and the numbing feeling of depression. however, now that im back, i feel like i have fallen back into a pit and the waves of depression has returned. i have been dealing with mdd for over 3 years now and i feel like every year it gets worse and worse but i dont want to get hospitalised so i never really go into detail of the thoughts that play in my head constantly. these days i have just been feeling extremely low and listless. while people my age are thinking about their uni lives, i'm here literally just living because i have to. i know its just my depression but i have nihilism and everything just seems so useless, especially with all the global events occurring at the same time, it makes me lose faith in humanity and purpose to continue the existence of humans. that's not to say all humans are bad, it's just that the majority worldly leaders of earth who makes society, the economic and the overall functioning of the earth is doing a really crappy job and to imagine that im going to be a part of that workforce in a couple years is daunting. i just want everything to be over so that i can be free and escape this life. i wish an asteroid hits earth all humans can be free together."
39,"After the birth of my baby, I have been struggling with postpartum depression. I often feel very low, exhausted, and alone, and I have ongoing anxiety and mood changes. Even with support around me, I feel misunderstood and emotionally overwhelmed."
40,"Note: Some people may find the horrible things I did very upsetting. People will be very disappointed. I didn't want to talk about this because my intentions were so bad. It may sound like I'm being hard on myself, but you'll see what I mean soon. A girl I was friends with was always really kind to me and I barely even did anything for her. I probably don't even realize how much she supported me. I thought she and her guy friend were both very nice people, but I felt like I wanted to be acquaintances with them more than close friends because I wasn't really myself around them/couldn't talk to them like I was being myself (not because they did anything wrong), but I thought that if I told them this, it would hurt their feelings. I deleted them on Facebook. They asked me why. I told the girl that I just didn't feel a connection and she got really upset with me (she was hurt) and at the time I didn't understand why she reacted the way she did. The guy asked me in a separate message while saying things like ""Um okay"" which I thought at the time was talking down to me (this happened on Facebook) why I didn't feel a connection with her. Since I was mad at them for how I thought, they were talking to me, I said that the girl kind of bullied another girl in college (it wasn't anything major what she did. I was so much meaner myself) which is bad enough, but my intentions behind it made it truly f'ed up. *This is the part where I was being super horrible so just be prepared because it will be hard to read* I don't even want to say this but in the moment, I wanted for him and other people who knew her to be really disappointed in her (including people at her work) meaning that she would have lost her job and those are just the things that I remember. Even if he was meaning to be condescending, how does that make it okay for me to do that? Obviously since what she did was so minor, it wouldn't have caused these things to happen, but let's say if it somehow did, after she was always kind to me and never wronged me? I apologized to them, but they are still understandably really hurt. I know there's no way I could make this right because it was horrible, but is there anything I can do that would make her feel better at all? I want to apologize again because my first apology wasn't good enough. Could I ask her if I could help her with something? I don't know if it would be right to do that though? I can't believe how bad I was. I don't know how I could have done that."
41,"Hi everyone,I know that when the fog of depression rolls in, just existing can feel like running a marathon. We often beat ourselves up for not achieving ""big"" things, so I wanted to start a space where we can celebrate the very small things. What is one tiny thing you managed to do today?It doesn't have to be big. It doesn't have to be productive. Maybe you brushed your teeth.Maybe you sat outside in the sun for 5 minutes.Maybe you just drank a glass of water.Maybe you simply got out of bed, even if you got back in later."
42,"Hello. I am a new member of the Beyond Blue forum, so apologies for any mistakes made in this post.For about the last 3 months now, I haven't felt myself. Might sound vague, but for those 3 months I've been feeling more lonely, less upbeat and hopeful, and I haven't been ""connecting"" to other people. It's probably because I sit in what I believe to be a triangle of ""Things that a lot of people don't really like"", making me not want to really connect with new people (not just because it feels weird to walk up to someone and start talking!) in the probably high chance they hate it and become a new rival hater of me, ruining my popularity and decreasing the chances I get to connect to others and my self-confidence in making new connections. A snowballing of issues may seem overexagerated, but it's just what my mind believes is true.If anyone wishes to discuss this further, I'll (usually) be ready to continue. Thank you."
43,"I'm currently in my last year of school, and i should be happy as everything's going well, but I can't be its like nothing I do makes me feel happy anymore, apart from small times with my family, as sometimes I can't even be bothered to leave my room to talk to them, even though it makes me happy. I struggle with simple needs, and its really getting annoying as i have all these plans i wanna do but when they come around, I'm not able to. And the truth is i have no reason to be unhappy i have a loving family alot of friends, and I'm in a relationship with someone who loves me, but it's hard to keep these relationships up. I don't know what to do, I can't reach out to them as they have worried over me since year six and now they believe i am better but im not, i really dont know what to do, i feel kinda pathetic being one here lol. If I tell them, they’ll probably send me back to therapy with the same family friend. They trust her completely, talk about how much she helped me, and I don’t know how to explain that she didn't i acted like she did so i could get out of it and i'm starting to regret it but she truly made me uncomfortable back then i didn't i could talk to my parents about this and i feel like i still cant. Sorry, any advice will be helpful sorry for venting lol."
44,"Hi, I'm Billy, 43 years old, are there any women who would like to have a chat?"
45,"I am going through a lot and by wife is always yelling next to me because I am a failure. Since I was a kid, my mom called me failure and I do not want to ask from my wife and we argued top of our lungs. Later I overthink and realized that I am a failure I am always as failure. End of the day I feel like that way. Recently, I have completed and exam and failed but wife kept telling me how many times have you failed that exam and yet you cannot pass. I felt insecure and yelled at her . I lover her so much. but when she talks like that I felt like I am insecure. I have ego to understand that I am a failure . I am a looser . everything is not going my way. what should I do? I feel to harm myself but no confidence for that"
46,"I feel that my entire life has been wasted. I did not experience my youth at all. Now I am 30 and I see no reason to pursue anything ever again. I never moved out of home, I have never had a real job, I have never had the bravery to have passion for anything, I have never had any joy in socialising and I have never been in a relationship. It is not just that I feel it is difficult to move forward. I think it is completely meaningless. The loss of my youth passing me by without being present is so devastating. I feel i can never be whole. I beleive I can never come to terms with the loss and feel content. I will always look at myself as the pathetic loser who did not participate in my 20s. I do not know how to ever find meaning in my life now that it is gone. It occupies every moment of thought for me. I naively cling to wanting some recompense for the lost time. I just want some meaning to come from something that feels so meaningless. I don't know what to do to ever feel like I can have value."
47,"I’m 162 cm and my starting weight was 104.7 kg. I started my weight loss journey on 1 jan 2026 but to be honest I’ve only been seriously doing it for the past 1.5 weeks. My BMI has me sitting at the top end of morbidly obese and it makes me so embarrassed and sad to know this. I’ve tried doing some research online about how to do this weight loss journey. I’ve significantly increased my protein intake, reduced carbs and fats. I’m also trying to do a calorie deficit but don’t know how to work out what I should be aiming for when it comes to calories a day. This morning I weighed myself and scales showed 102.2 - so I’ve lost 2.5 kilos in a 1.5 weeks. I’ve read you should stick to 0.5-1 kg a week. This is going to sound stupid but I’m concerned I’m losing it too quickly and will end up with a lot of loss skin at the end (I know I will have loose skin and it scares me so trying to limit it). I’ve been morbidly obese for over 10 years and I just decided I wanted to be around for my kid for a long time to come. I’m 52 years old. I want to eventually get to 70kg but my first aim is 95kg (figure if I set small goals they will be more motivation on my end). My questions are: 1. ⁠is losing 2 kg a week too much?2. ⁠how to I calculate a correct calorie goal?3. ⁠I have significantly increased my protein intake (by a lot), how do I know if I’m getting enough to help with weight loss?4. ⁠I have a knee issue whereby I cannot bend or straighten the knee much so it limits my exercise options. I try walking but can’t do a lot because the calf hurts a lot because of the way I walk. What other options can I do to help with weight loss? I’m embarrassed at myself and the weigh I look in the mirror. I avoid relationships, and I’ve come here online because I am too embarrassed and scared to speak to my GP. I’m scared that if I do lose a significant amount of weight that people will notice and I don’t want them to notice (I don’t like attention). Please help this chick out"
48,"I can’t begin to go exercise. I’m obese and in my 50’s but can’t stand being by myself because it exacerbates self consciousness (people are staring and judging me because I’m fat single, old, and female).what might I do? Any advice getting past this road block would be welcome (Ialso have long term Depression, no longer suicidal thanks to meds)….."
49,"Hi, this is the first time I am posting. I had been officially diagnosed with bipolar 2 disorder a month ago. I'm looking for people with similar diagnosis. I'm on mood stablising medication and anti depression tablets too. But i am stuck, not much motivation to do my regular things. I feel so lost. I wanted to meet people who feel the same as me."
50,"Hey all! Figured I'd give the whole 'opening up' thing a go and see how it makes me feel. Anyway I feel completely and unequivocally lost in life. I am 39 y/o, no partner, no kids, no assets, and what feels like no prospects. I've dealt with Major Depressive Disorder and Panic Disorder and GAD for the past 15 years - ever since I came down with a horrible case of chronic fatigue syndrome which stemmed from a bout of Ross River Fever. It truly feels like everything has been on a constant slide downhill ever since then. I was unable to work for a couple years upon first contracting it and since then it has impacted me one more time where I was off work for another 3 years - thankfully after each 'attack' I've bounced back enough to resume some form of full time or part time work. I've got an associates degree in psychology and work in the field as a mental health professional - only have about $60k in my super though unfortunately due to all the years I've missed off work while sick. I guess what I'm most depressed about atm is my future? I've already accepted that I'll never be a homeowner - certainly not in the absolute shitshow of our current market created by greedy corporate investors and corrup government. I currently live at home with my mum (as a matter of circumstance - I moved home initially a few years ago to help take care of my father as he was diagnosed with cancer and has since passed) so having a place to live atm is no issue - but when my mum inevitably passes in the next few years as well and my siblings choose to sell the property I will be without a place to live. Thankfully I'll receive 1/3rd of the proceeds - the town I live in though unfortunately is an example of the worst of the current housing crisis though and very rarely has any available rental properties - let alone affordable ones. Should I just invest in a fully decked out campervan with all the amenities I'd need to live? I've seen many posters in this forum openly discuss this very option before which is kind of what has caused the idea to pop into my head as of late. Anyway sorry for ranting and raving, just not sure of where else to turn atm."
51,"I’m in my mid 20s and I basically I consider myself a failure at life. I’m constantly struggling and failing at Uni, and have considered dropping out to get a full time job because assignments and essays just cause me nothing but tiring headaches, but I also struggle to do anything on my own and have low motivation and low self esteem. I don’t think I’m able to succeed in a full time work environment cause even now I’m struggling with keeping up with my casual job. Speaking with multiple counsellors, they all say that it’s very likely that I have ADHD combined with Autism and that having peformed screener tests that conclude their beliefs, I should get a proper diagnosis in order to get better help from there. Problem is that I know how much they cost, and my account is stagnant right now, so I’ve been putting that off even though I know I shouldn’t. And lastly, I’m someone who is deeply afraid of driving, after having my learners renewed for years, I am deathly afraid to go and get my full licence because I know my limitations. I get easily distracted, drift off, and I know that can have life or death consequences when on the toad. So yeah, that’s my current situation and my life so far, it’s pretty pathetic. I am deeply ashamed and embarrassed by my failures, and I’m pretty sure my parents have given up on trying to help me at this point. If anyone has any advice or recommendations, that would be helpful."
52,"Midway through 2025 I was flown to Sydney to ne admitted to hospital with a rare and deadly serious bacterial infection of my windpipe. The short story is during early treatment I went into respiratory arrest, and near death transferred to ICU after intubation. I was sedated for a week and the tube was removed. Due to the rarity of my condition I was kept in isolation in the main during my three and a half month stay. My ongoing treatment as an outpatient will last a total of 12 months of antibiotic treatment, not including the IV treatment I was given in hospital. I have to return to Sydney from my county town every three months for follow up blood tests and a clinic visit for more medication. Since returning home full time I have become more withdrawn, to the point that I avoid going out if possible. Where I was very involved in community radio all I do now is one two hour shift on air a week. I wouldn't call myself depressed, although I have suffered bouts in the past. Life is different because of the after effects of the infection and the damage caused to my trachea after the stent that kept it open was removed. The possibility of tracheal collapse plays on my mind sometimes, if I am having a low energy day. That is a regular occurrence and an ongoing after effect. My friends and wife, although they mean well, don't understand what I went through mentally. They saw the physical side of my hospital stay and it was very difficult for them, particularly my stay in ICU. ""That's in the past now"" is what I have been told, however mentally it's not."
53,I used this forum many years ago when I lost my father to suicide. Having people share and connect to my similar circumstance saved me. here I am years later… married.. kids… I am struggling being sober. I love drinking alone. Drinking by when the kids at asleep. It’s not necessarily social. i just don’t know where to start
54,This is my first time posting or talking about how I feel at all. But I’m an online psychology student wanting to be a clinical psych but i am struggling so much with my course. I’m getting average scores but it feels like every day there is a new step or score I need to reach to get into honours or masters and I’m far from them all!! I’m dreading uni starting back up in march so much so that it’s effecting my sleep now even though it’s months away. I just feel like I’m too stupid to be getting the scores I need let alone any experience but I’m working and doing uni full time and I can’t drive so I’m stuck at home when I’m not at work and feels like I have no time and no support from people in my course. I have no idea what to do next because my course is making me feel so stressed and depressed and not good enough but I have no idea what else I can do. This is probably really stupid but i just feel so alone and like i have no chance of ever becoming a psychologist even though im putting everything i have into it. I’m just not good enough!
55,"People from school keep indirectly telling me to do better, but they never directly explained to me exactly what it is that I am doing wrong. I want to be a nice person, and I try to be, but it's really hard figuring out what the problem is when people are very vague about it. They indirectly tell me... That I'm vain, superficial and socially fake, but don't explain how/what it is that I'm doing that makes me so.That I'm stubborn, but don't explain how.That I'm unforgiving That I only want what's best for meThat I lack warmth and humilityThat I'm materialisticThat I'm pretentiousThat I believe in stereotypes That I'm manipulative (I've looked this word up many times, but still don't get it, but it's definitely something that I wouldn't want to be because apparently, it's sort of like controlling people in a really mean way?) I also don't know how exactly I am doing this though or what it means. That I'm heartless - If you're going to call someone this especially, PLEASE explain what exactly they are doing that makes them this because nobody wants to be like this. That I don't say please and thank you - I use to not do this a lot for a stage when I was a teenager when I was using another forum, but I realized I was being rude and it probably didn't make people feel good even though they were helping me so I started doing it again so I don't see how I am still doing this? There have been times other than when I used that site when it didn't occur to me to say thank you, but it wasn't because I didn't appreciate them. I struggle a lot socially so sometimes I will think ""that was nice what that person did for me"" and then think ""Oh, I probably should have said thank you."" I say it when it occurs to me though, because I want people to know that I appreciate what they've done for me. That I don't let others have opinions - again, no examples given.That I'm jealous of others instead of just being envious and using that to get better - I don't know how I'm still acting jealous?That I'm unfriendlySelfishHypocriticalEtc... If you're going to tell someone these things, but don't explain to them how they are doing these things/acting this way, it kind of defeats the purpose. And when I politely ask them if they could please explain how I am only caring about material things or what stereotypes I believe in for example, they just get mad at me. It's really hard to stop doing something wrong when you don't know exactly what it is that you are doing wrong."
56,"I’m a 40 year old man with a wife and daughter. I’ve been depressed since I was a teenager and have a lot of anxiety also.a couple months back I had to stop going to my workplace of over 10 years because the workload became overwhelming and on top of that i had to work closer with the company director who walked around like a tyrant constantly criticising, abusing and threatening jobs.i made a complaint to HR and logged a claim with work cover due to a psychological injury. (I have worked my whole adult life with depression and anxiety but still managed) my workplace dismissed all my complaints and work cover rejected my claim as nobody backed up my account of events. (This hurt as a number of us were going through the same thing and I saw one of my work mates come into work in tears) I work in a field that doesn’t have a lot of jobs out there. I have no confidence in my ability’s to learn anything new and make enough money to support my family. I’m so miserable and don’t want to be alive anymore. I don’t know what to do because everything feels hopeless and despite my wife being very supportive I feel like a burden to my family. I’ve been seeing a psychologist since I stopped working which helps in some ways but everything still feels so hopeless. I don’t enjoy any of my hobbies, I don’t want to see anyone, I’m not a fun father anymore. I don’t see a light at the end of the tunnel and I don’t know what to do. I don’t think anyone can help me"
57,"Hey guys, I've never done something like this before. I don't really know what to say. But I have been struggling with depressed and suicidal thoughts for as long as I can remember. I am 19 and am getting really tired and exhausted by all of this. It just never gets better and the thoughts always come back. It gets so bad to the point I can't even get out of bed. It really affects my grades and my relationships as I don't have the energy to go out or even text back. I don't really know what to do anymore. I can't afford things like therapy and I don't know how to open up to people. I've never even told anyone any of my problems, mainly because I don't want to dump so much of my trauma on them, it feels so unfair to do that to someone. I mean how do you even tell your friends you have suicidal thoughts. But idk. I really want to get better, like so bad. All I want is to be happy and to just be normal and be able to get up everyday and to feel happy and want to be alive. I'm currently on uni break right now so I feel so alone too. All my friends are travelling and doing stuff whilst I'm stuck working full time alone. I'm just really struggling to see the point in going on right now but I just want to try one last thing. Because I rly do want to get better, I just don't know how. Sorry abt this crazy vent but idk, idk what I'm supposed to say on this thing. But I thought it would be good to maybe talk to people who think the same way, who would understand what I'm going through."
58,"HelloI have written on these posts previously, it has been some time since I last wrote on Beyond Blue.Thank you to everyone who read my posts and for all of your support and kindness in the past.Unfortunately both of my parents passed away in 2024. Firstly my mother passed away in June 2024 then a few months later my father passed away in October 2024.They passed away overseas.it was a very hard time.Myself and my siblings were overseas I had to go overseas urgently when Mum was sick but unfortunately didn’t get to say goodbye to her, I was devastated.Previously I had written about the issues I had with my sister, for awhile things were good, we were united as a family during a very hard time.Unfortunately things have not been good lately, we have a very up and down relationship.My sister likes to take over in conversations and it’s very disheartening at times.i have had many arguments with her about that, she said that it’s not her fault that i don’t talk very much’ I said to her ‘it’s very hard to talk when you take over and not let others speak’i bumped into a mutual friend of ours and she even said to me ‘you are a nice person’ thought you were stuck up’. I said to her it’s very hard to talk when people talk over you so that’s why I kept quiet’i am a reserved person but I am very open once I get to know people but I do have severe trust issues and am very guarded due to being hurt and betrayed by former friends and relationships.i feel like I am going around in circles, I have walked out of family events because my sister put me down, yet I am seen as the one with the problem.i don’t know what to do.i am going to start therapy soon.thank you very much for reading this."
59,"my life right now is great, even amazing. i recently got into my dream uni at usyd, i got a new part time job that pays me well, i dont have to worry about exams and studying about the hsc and i have really loving parents but im depressed. more depressed than usual. for the past couple months i have been so depressed i feel so unworthy of being so. i know that you dont need a reason to have depression but nonetheless, i still feel like i dont deserve it, particularly in a time where so many people are struggling to get by on basic human needs like a roof over their head, nutritious food and groceries etc. our economy is failing and so many people are harshly affected by it while i get to live comfortably. i know i can feel this way even with a good life but it somewhat makes me feel worse. the thoughts of dying is so loud, my dissociation is getting worse to the point i have big chunks of memories that i dont remember, i go for walks and dissociate and when i come back to my senses, i dont even know where i am. i feel so tired and drained, i feel like i have no energy to do anything, my sleep is irregular and i just dont have the will to live... but i know its wrong. i need to live. i need to do this but its so hard. im high functioning in the way that i can do everything that i need to do - do house chores, go to work, do volunteering, talk with my friends and family, workout and read everyday, take meds and go to therapy but why do i feel so empty? i dont know what more i can do to help myself from going further downhill. i know that if i keep going this way, im going to take my life but i cant do that. i need to live. i will live but it feels like im being kept on earth against my will and it tiring. its tiring without me mentally realising it until recognise the dull sensation in my body, the ongoing thoughts of death in my head and the lack of sleep im getting. i love the people around me but i dont know if living for other people and not yourself is right either..."
60,"I don't understand. From the outside I have everything you could want but why do I have nothing? For the third day now I've been trying to have some 'fun time' with my wife but that door gets slammed shut (figoratively). After this mornings attempt was rejected I slammed the door and went to work (at home). Then the younger kid started whinging and carrying on and picking fights with the older kid and then started bothering my wife. She completely lost her shit and has driven off somewhere to calm down.We just got back from holiday overseas. Everything was okayish... but somewhere along the line I had a tiff with my wife. The short of it is that I noticed that I was never being asked to join a photo (just her on her own doing a selfie or her and both kids. I complained that it looked like she was having a holiday on her own without me. I complained that she hugs the kids more than me, that she never tries to hold my hand, and that she hasn't said 'I love you' since I don't know when. I feel like I'm chasing her all the time and although I was getting some intimacy it seems rather one sided.Our youngest kid (10) has definitely got some sort of mental issue going on. Either ADHD or ODD, with some sort of anxiety and impulsiveness thrown in. He's always loud, always annoying, and frankly drives us to the edge every day. He's a brilliant kid - but also intolerable. My wife has been against getting him officially diagnosed although her stance on that has softened over the holiday. The dr just prescribed my wife melatonin just before the holidays and said she has some depression going on. The melatonin ran out on the 30th decebmer and she has not yet had a renewal (not sure if that contributed to this mornings tiff). On occasion in the past (maybe once a year or every two years) she's had a blow up and wanted to leave our 'family'. I'm thinking that may have been undiagnosed depression in light of the recent diagnosis but I don't know. The older kid is the polar opposite. When the younger one is finished with something in 5 minutes - it takes the older one an hour. Take dinner for example - its virtually impossible to eat because the younger one is finished before we start, and then the older one takes an hour after everyone has finished. Just sitting at the dinner table involves stress. And noise and shouting (95% from the younger kid). Up until a few years ago I had a high stress job in my own business and my wife (and other's) worked for me. I feel like in that time in the past I neglected my wife as I was stressed out. At some point in time we seem to have become employer and employee rather than husband and wife. Although that was years ago now, I feel like the effects of that are still ongoing. We still work together. I've been suggesting my wife should go and get a job (so that she gets out of the house and sees something different) but she seems to have lost all self worth and has anxiety about leaving the house and whether she can perform the job. I'm trying to fix this but I can't. I love my wife but not sure if its reciprocal. Does she even love me or is she just exhausted from the kid. Why is everything wrong? Why is life like this? Why am I sitting here crying? What did I do to deserve this?"
61,"Why do I feel I am better off grad I am forgotten by family I feel amine in relationship I am bullied at work my daughter is about to have a baby and I will only let her down by not being there for her. I can’t see with out my glasses, I have antidepressant and the local here think it’s bad but it keeps me alive"
62,Im really struggling
63,"How do you cultivate a sense of worthiness when everything valuable about you is taken away? I have put a lot of self worth in my work, which I enjoy and find meaningful, but after a very long specialisation process (2 university degrees and 10 years of postgraduate training) I have almost completed my training but now find myself soon to be unemployed. Employers who I worked with while training and who encouraged me to apply with them when I had completed training have employed others instead. I have applied at other employers in several states and been unsuccessful so far. I will be unemployed in 3 weeks time. I don't have any hobbies as I had to give up many things for the demands of my work and training. I have to leave my rental shortly as it was sold, and don't feel I can take on a new lease without some kind of work that will enable me to pay rent. I am not close to my family (my parents consider me an embarassing disappointment for various reasons). I've moved too many times for work to keep many friends, I never had a lot of close friends anyway. A lot of my identity and meaning in life came from my job, which I have dedicated and sacrificed for, and now it feels like that industry is rejecting me without a second thought. A lot of online sources suggest spending time with friends (which I don't really have) or hobbies (which I don't have and can't afford as I'm about to be unemployed and need to save money however I can given the current cost of living). And I need to get rid of all of my stuff that won't fit in the car very soon anyway. I've always struggled with imposter syndrome but usually managed to put it back in its box, but events really seem to show me up as an imposter - otherwise surely someone would employ me. Not sure what to do next."
64,"My son was charged with drug use and child exploitation material in 2023. He has served his sentence and was released Monday 29/12/25. I have supported him financially in prison and visited him. Much to the dismay of family members especially my daughter. I completely understand why they are not happy as neither am I with what he has done, but I thought maybe supporting him would help. He’s now out and has accommodation for 3 months through accord west. He needs to work on his addiction and address the other charge. Does anyone know or can suggest boundaries I can put in place?"
65,"I've been trying to get my life in order and do things that make me happy, but it just feels like I put in so much effort to get very little results. I want to make my art into a business but because of how I function with adhd and other commitments, it feels like I'll have to give up that career because I don't make much money from it and I don't have a large enough audience.But when I think of having to take on other work to survive, it just makes me depressed because I'm not good at anything else and the only work that pays well would make me unhappy. I feel stuck and that I'll never get achieve my goals and that I've wasted my whole life up to this point, it makes me wish I didn't have to live in this world because I'd be unhappy no matter what choice I have to make.I wish I was able to change, but after 30+ years change feel impossible at this point"
66,"My parents say really racist things. My Mum often says things like ""Those Asian people"" ""A police officer was chasing an Asian man because... and then the Asian man..."" ""There's this Asian woman on this show who I don't really trust... I think it might partly be because she is Asian"" ""I don't like saying certain sayings like you're welcome because it's very American"" ""I don't like annoying American accents."" (She once also impersonated the way Asian people speak, and she was mumbling when she did it and not even saying any words). When I was little, since my parents kept talking about how evil Americans are, I thought they must have been really mean people. My Mum was reading us a picture book, and she said, ""Typical Americans, they don't know how to draw."" About 5 years ago I think it was, I asked her why she didn't like Americans and she said, ""Because they think they are better than us!"" I said most of them probably don't think that and she went ""Oh yes they do!"" She also says things like ""There was a very nice black man at... today"" and the other day she said, ""Dad and I went for a walk, and there were two men there and one of them was black."" When she finished the story, I asked what him being black had to do with anything and she said that she was just talking about his appearance (even though there was no need to). I mean, if I was asking what someone looked like because I was trying to find them then it would be okay to say, ""They are tall, have dark skin, etc."", but she'll say that people are black or Asian when there's literally no need to. My Dad was watching a show and he said ""Wow, she's dark haha."" Why do they feel the need to say these things!? I've tried to explain to them that there's no need to say these things and that every culture has nice and not nice people in them and that I've known lots of really nice people who are Asian. But they just get annoyed with me and my Mum says ""Fine, I just won't talk to you about this sort of thing then"" and I said Well, I've told you before that I don't want to hear it! My Mum has also told me that she doesn't think that I should worry about being politically correct because it's a waste of time. I can't cut my parents out for many reasons, but even if I could, they would make me feel bad and say, ""We may not be perfect."" Everyone thinks they are so nice, but they have no idea how temperamental they are, and they act very differently outside than they often do inside the house."
67,"Don’t really know how to word this well but I’ve recently moved to a new place and I wish I could move back to what I am familiar with being closer to family. Also struggling with my past life decisions, financial and having no friends after moving. I guess just wanting some advice and what others have done to help, just feels like nothings going right as I get older and I just feel stuck:("
68,"My wife an i have been happily married for 18 yrs we have had the odd argument but nothing major recently i had a birthday which my wife threw a surprise party which i really enjoyed 2 days later idestroyed Xmas for my wife, we had a heated argument 2 days before Xmas, I lost my cool and pushed her not meaning harm, but she feel over, I accepted full blame and apologised profusely, she say she's fine and we're fine, but I know we're not the love has left her, I am afraid I have broken the one thing in this world that means anything to me. I am so ashamed and hate myself for what I have done to her, she won't talk about the future in depth. Is it over?"
69,"Hi, posting as I don’t know what to do or where to turn. I’ve suffered depression most of my life but had been doing well lately. This week everything feels like it used to, and due to recent (past few months) false allegations about me and cyber bullying I have only a few friends who are too busy to talk to me. I think social media have a false else of people in my life. It’s my 40th birthday tomorrow so I don’t know if it’s just this combined with Christmas, nothing has happened but I can’t pull myself up & feel like I’m falling deeper into a black hole"
70,"all of a sudden, i just dont want to talk. just like, in general. even over text. i love my best friend and theyre one of my favorite people, but suddenly i just,, dont want to talk to them. its not that we're growing apart, they might be getting a computer tomorrow so we can play games together, and its not like i dont like them. i just dont feel like talking. i dont know whats wrong with me and i feel guilty about it"
71,"I have had depression for years. It is being treated with meds and lifestyle changes. I have been suicidal in the past. I also have AUD and am on medication for it. Christmas was horrible this year due to estrangement from my DIL. I can't say anything to family cos my daughter bent over backwards to make it nice for us. I appreciate that. I had been doing well , but have fallen in a heap. No motivation, don't care about anything, exhausted just playing games on my phone. There are things I'd like to do but can't push myself. Hubby and I are not talking. We have a good marriage, but he is very angry with DIL and I want to reconcile. So I don't know what to do. I know the medication im on exacerbate depression and suicidal ideation so going to see my Dr on Jan 8th."
72,"Hi everyone,I’ve been reading through a lot of the posts here and finally felt ready to share something of my own. Depression has been part of my life for a while now, and lately it feels less like intense sadness and more like a constant heaviness and lack of energy. Even simple things, getting out of bed, replying to messages, taking care of myself, can feel overwhelming. Some days I don’t feel “bad enough” to justify how hard things feel, which then just adds guilt on top of everything else. I know logically that depression doesn’t always have a clear reason, but emotionally it’s hard not to question myself. One thing I’ve been slowly trying is breaking help into smaller pieces. Sometimes that’s just talking things through online rather than face to face, or checking in briefly with a GP or mental health professional when I don’t feel up to a full appointment. I’ve used a couple of telehealth services like Hola Health Beyond blue, abby and while it didn’t fix everything, it did make reaching out feel a bit less daunting on low days. What I’m still struggling with is consistency, keeping up routines and self-care when motivation is basically non-existent. I wanted to ask:What small things have helped you when depression feels flat and draining rather than intense?How do you get yourself started when everything feels like too much?Has anyone else found low-pressure ways of reaching out for support helpful?Thanks for reading. Just being able to write this out already feels like a small step.Sending strength to anyone else who’s having a hard time right now."
73,"Art is probably one of the only good coping mechanisms I have in life. For as long as I can remember, I've loved to just... pick up a pencil and draw. Or open up a drawing application and draw on it. However, lately, for the past year or so, I've started to despise drawing. I can never draw the way I want, and I'm aware I need to actually practice the fundamentals and practice and whatnot, but I have 0 energy and drive to do these things. Making art and seeing how ugly or disproportionate it is has genuinely caused me to have multiple breakdowns, because I realise how far behind I'm falling. I was so convinced I was ahead of other kids my age in art, but then going onto the internet and seeing the masterpieces people YOUNGER than me can make destroys me. ""Be happy for them!"" Like it's that easy for me, oh my GOD?? I try my best to be confident in my skills, but it is so soul-crushing to see that everyone else can somehow grasp these things that I'm unable to. I've tried to study a few times before, but I can never create study routines or good practice methods, or do things that actually stick in my brain, and it's like... am I missing something?? Is there just something wrong in my brain that doesn't let me understand/do these things? This is also the reason I'm falling academically. Studying is something that seems to come easier to others, but never to me. It is impossible, and when I try it, it's unenjoyable. It is NEVER fun. Which, I guess, you would assume it would be, but studying anything feels like hell. I refuse to learn anything at all. I've seen people say that I don't need to study art, but I want to! I want to get better, and I want to understand these things I just... can't. It's likely a matter of me having a very fixed mindset; I'm aware of it, too. But once again, I can never get up to fix it. Do you understand how it feels to see something I thought I was so good at, something I put endless hours into, being done 10x better by another teenager? Someone in the same position as I, someone who has lived the same time I have, someone who can do it better than I ever could dream of. It's not a competition, I'm aware, if anything, I should only be improving for myself, right? I know these things, but I can't believe them. I'm losing my passion. I hate art."
74,"I really don't know what to do with myself. I've gotten so lazy and apathetic that it's pushing me back. All I wanna do is play games and lie down and not talk to anyone. My family has noticed. Everyone has, for that matter. I'm not who I used to be, I'm freshly 16 and I have no job or license or drive to do anything at all. My mum tells me to wake up and do something, or she tells me I can't do anything.I feel so hopeless I don't know what to do anymore. I need good grades, but I'm too lazy to get off my ass and I have nobody to blame but myself. I'm in fucking year 11 next year and I can't get a grip on anything, I have no solutions or anyone to lean on. I'm alone. I have trusted adults, or I thought I did, but I tried opening up to them and got shut down instantly. My friends can't help me, nobody can even tell I'm suffering so what the fuck do I even do??? Im so tired of everything and everyone I wish I could stop time, curl up into a ball and rot. For what reason??? I don't know. I don't know anything. Im burnt out and stupid and lazy and weird and ugly and slow I cant do anything right and I want to kill myself because of it."
75,"Hi, I have had 7 bilateral ECT sessions and dont feel any better. Is this normal. Regards, Steve"
76,"Is my pets. I have family, but we are a little distant, i am studying towards a phd...but financially i am in the shit. My husband is sometimes very supportive, and sometimes a abusive (psychologically mostly). Literallly my responsibility for my pets is what makes me keep going. Does anyones else feel this way? I need some help."
77,"Hey Guys! I’m Scarlett an I am a 15 year old Aussie. i have had Symptoms of Depression most of my life but have never been diagnosed or reached for help because I’m not totally sure if I have it or not an don’t want to have to tell my mum about it. I have had a not very great past that included verbal abuse an a lot of other stuff from my biological father for 7 years until my family and I went through court for 5 more years an now are far away from him an my mother now has full custody. When I was 9, I got diagnosed with Autism lvl 2, that included difficulty with learning an so I struggle with that. The reason why I think I might have depression is because I have had all the symptoms of it for a long time an even struggle just to get out of bed. I have told my mother but she calls it attention seeking behaviour and at this point, I now doubt if I have it or not. Guys I need some advice on this."
78,"My husband left me four years ago with nothing to my name while I was studying at uni and being a stay-at-home mum. I was forced to leave uni and go back to work, and now my ex has bought a house-something he refused to do for me and the kids after 12 years-travels overseas several times a year, and pays me next to nothing. He only sees one of his children, while I’m left struggling as the cost of living keeps rising and my mental health declines. I work from 10:00 to 2:30, but I’m always the one called to pick the kids up from school when they’re sick or need support. I’m now considering taking on a night job just to keep a roof over our heads, even though I know my health will suffer and that scares me. I know I’m a great mum, it’s all I ever wanted to be, and I never planned for a future like this because I never expected to be left. I gave everything, helped build my ex’s business, and I do all the emotional and practical work with the kids, navigating the ups and downs of raising teenagers. I’m the one who is always there. I love them more than anything and live for them, but right now I’m so depressed I feel like I’m drowning, sitting here crying on the floor and not knowing what to do."
79,"Hi againI've been okay, but I can't stop my anger about my management. I go okay than I get angry than depressed.I don't have evidence against them, just a gut feeling. I think I'm the only one, as everyone else thinks their great. My brain is getting filled up with crap & its sore in my head. I don't know why I can't let it go, & just them get on with it, as they'll be found out sooner or later, but I just can't. And do my work & just get paid. I think it might be because I don't think their very good & gotta find evidence, so government can rid of them.I want my brain to be peaceful, but don't know how.And it is terrible to think your management are not very good & they'll be there until they retire, so between 9 and 28 years.Just want peace in brain & to be able to let them go. All my ideas are stupid, the people aren't doers & you need to climb up to make changes.Also depressing, is that even if I leave, the new place will be the same, so gotta ""fix"" myself before I leave. It was my fault, as I write this, I made my head sore."
80,"there are so many things i feel that kinda go against eachother. i like to do things but then at the same time im always so unmotivated, everything feels like an effort, but sometimes i like to do things so i feel like everythings an excuse for how i feel. I have no diagnoses, i cant because i dont think my family would even be open to that. i feel so many different things and i feel like no one truly understands me. sometimes i feel like im just lazy and making up excuses for the way i act and im trying to blame something to have a reason why but i feel like i see signs of depression in myself. for maybe almost 3 years now ive just gotten worse. i struggle with pretty bad (i dont know) body image issues that have driven me to want and do certain things (still undiagnosed to). i dont know if my lack of energy and motivated is because of that. (reasons for being tired) or if its the depression i could be speculating. i dont really enjoy anything. i dont have any hobbies. im not interested in anything. i kinda really hate going out unless its something im really excited for. i hate being percieved a lot of the time. i just feel super ugly and sometimes i dont exactly know what my future is going to lead. i dont know what i have going for me exactly. i dont want to die but i also have just no idea what im living for. i dont care about anything that much. maybe i am just super lazy but i feel like i just want to be understood by someone. i want to know if there is answer to why i feel things that i feel a lot of the time. i want to know whats wrong and why cant i do and want to do a lot of the things that people do. all my friends can do it but why to me does everything feel like the biggest task ever. like i just cant picture myself really doing anything. i dont know. i spend most of my time, unmotivated to move in my room. i dont like it but i also just dont like doing anything else. a lot of the time im moody. i kinda get irritated easily and i dont mean to be like that. i want to be a great friend and be a really great person but sometimes the way i feel (lacking the motivation to go out with friends soemtimes or just the effort of it all) makes me feel like i just cant really be a great friend but not in that way. i dont know. i just have so many things to kinda say but cant put it into words."
81,"i have a horrible relationship with food, i overeat and genuinely can’t help myself and eat until i feel sick. my sleep schedule is horrible, i had something very bad happen to me a bit over a year ago regarding consent, i’m sad every single day and have self harmed previously but haven’t in a long time but it’s hard to ignore the temptation. i’m so demotivated and i don’t know what to do anymore i can’t keep my feelings bottled up anymore. i went through a really bad breakup with who i thought was the love of my life and still haven’t completely gotten over that. i just need someone to talk to"
82,"Hi Everyone, A bit of background first. I've been diagnosed with Agoraphobia, Depression and PTSD as well as suffering from akathesia and am neurodivergent. I have had therapy to deal with these things and have tools that I use to help. Due to the akathesia I can't take SSRIs. I also suffered chronic pain in both my knees for 15 years that caused a lot of depression and as a result I became suicidal. A few years back I had surgery to replace my knees and blessedly, no more pain. My previous bouts of depression had morphed straight to suicidal thoughts, and all the therapy has dealt with that specifically. My current dilemma. I have over the last year lost all interest in everything. I do nothing and get frustrated and cranky when I have to do anything. I don't feel things how I used to mostly I'm just ""meh"". Now it has got to the point where I just lay in bed, I don't sleep and am not tired. I have a very vivid imagination, and I go off into that. Something I did all the time as a kid to escape what happening around me. I rarely shower, brush my teeth, cook, clean or any of the things I normally do. I recognise I am depressed but do not know how to get out of this. I function well with routines, and they have always been very important to me to function properly, but I can't seem to get back into it. Previously, therapy for my depression we only looked and helping with my suicidal thoughts and tools around that. This is the first time in my life I have felt this way. I have no tools or for some reason can't modify the tools I have to help. My doctor of 25 years has retired, and I have got a new one now and he doesn't understand why I can't use SSRIs. My akathesia goes crazy and I can't sleep at all or function properly due to lack of sleep and I can't sit or stand or remain still in any way. I can't afford to see a therapist and the waiting list is long for a free or cheaper one. What I would like to know is how to get back into my routines and habits of self-care and care for my home environment. I know if I can do this, I will be ok but can't seem to get it started. I know this is my escape but currently do not know what it is I am escaping. My life is ok and no major stressors but this. Sometimes I think I am escaping my escape. What tools have others used with depression to help them get back their self-care?"
83,"Hello Good People, I am 78 and a hyper-sensitive male struggling with dysthymia and PTSD for the last 68 years. (A victim of a very immature narcissistyic father!) I tend to pick up on every subtle nuance in my surroundings. I play the game of life, get hurt then socially isolate for several months. Fortunately I am blessed with musical and artictic talents which appears to soothe the savage beast. What I would like to know from other sufferers: Is it normal to run and hid for for such a long time or should I be seeking help? I am already on prescription medication! Thanks for taking the time to read this."
84,"Hello lovely people I am not new to here, however, sometimes, either I fall deep into my pity pot, or I wake to an impenetrable wall of overwhelming sense of hopelessness, and I am unable to break that wall down! I try each day, to achieve a small step forward or goal. I've mostly succeeded, but there are situations where life slaps me back into reality to remind me of my own ineptitude to triumph over adversity. Everyday, I am on the brink of crying. In fact, my heart aches daily. Regret eats my soul and I truly dislike the person who looks back at me in the mirror. I have a tremendous amount to be grateful for, but accepting to settle with my worthless contribution to life, is crushing my spirit. I've retired. Little friends, whom I hardly see, children grown with family of their own. Phone mostly silent daily! I am truly lonely. I feel judged because I don't work. I am trapped in my home perusing activities I find no pleasure in. In fact, I find most activities a useless objective only good in filling time. Why am I here. What's my purpose in life other than cleaning the same furniture/floors everyday. I volunteer (only to be guilted into more hours and days). I read at daycare (I love that) and I study to keep my mind active and alert. So why do I despise my life and especially the aged no body I've become, or in reality, always was and will be. I think I am a good person, but avoidance by others makes me wonder. My children prefer their fathers presence, as he buys their love and has connections in places that can benefit should they need. I can only offer my heart, hands, willingness, ears and food on the table. My goodness I am truly a worthless pathetic!"
85,"I'm not depressed. At least I think I'm not. I just didn't know where else to post this. I hate myself. I hate the way I look, the way I act, and I'm incredibly insecure. Whenever I do something or say something I always question myself afterwards. When I dress up or put on makeup I'm always comparing myself to others. I go on diets to loose weight but they never end up working because I can't control myself. My self worth plummets to the ground, because if I can't control myself or motivate myself to loose weight, I'm worthless. When others have things that I don't: a skinny body, confidence, good academic results, and guys to go on dates with I start to resent them. And what makes it even worse is that these people are my friends. Whenever they achieve great things or score a date with a guy I should be happy for them. Instead I feel a raging swirl of jealousy and I hate that I feel this way. Am I really that insecure that I'm jealous of my own friends? I don't want to be that person. Late at night I'm consumed by my thoughts that tell me: ""why can't I be a better person?"", ""why am I so lazy?"", ""why am I grades so bad?"", ""why am I so fat?"", ""why do guys never talk to me?"", ""I hate myself"". Its a never ending cycle. I don't know what to do. People always say : ""Love yourself!"" or ""find a hobby! that self confidence will find its way to you soon!"". Yet no matter what I do I still hate myself. And I hate that I hate myself."
86,As the title says im not coping mentally at the moment. My life is a mess I am 32 with nothing to show for my life i spend all my time carer for my mum. I have no friends and the rest of my family is fucked. They only call when they want something. And crack it with us if we say no. I am tired all the time. I barely sleep. I just want to end it all
87,"Hi,I’ve been struggling with severe OCD for 1 year now relating to a specific theme, and I’m feeling mentally exhausted and burn't out.I’m dealing with depression, anger issues, cognitive difficulties, brain fog, and a significant loss of motivation.Things that used to bring me joy no longer do, and some emotions I used to feel, I don’t really experience anymore.I’m currently seeing a psychologist who specialises in OCD at an OCD clinic.I also have Autism, ADHD, and Specific Language Impairment, which makes everything feel even more overwhelming. I’m currently taking antidepressants.I’ve been doing exposure therapy since February, and I’ve told my psychologist that I’m struggling even with very small steps. Despite this, she still wants me to continue.I’m planning to get a referral from my GP to see a psychiatrist regarding my ADHD and OCD, to explore whether ADHD medication or a change in antidepressants might help.I’m really not sure how much longer I can keep going like this before I have another meltdown. Any feedback would be appreciated. Thank you."
88,I’m not ok. I just want to be happy. But it’s like my brain won’t let me and now I can’t even be bothered trying anymore. I’m tired. Everything is getting to me. I wish u could just escape…run away. But I can’t. And I feel stuck.
89,How do I tell my parents that I have depression and anxiety I am 14 you have probably read my other post if not I am 14 with very bad depression and anxiety if you have any ideas of how I can tell my parents please say something. Have a better day than me 🫥
90,"Hi all. I'll start by saying that by most peoples standards my life is good. I own my house, I have a fiance, I have friends and family who i reguarly catch up with, I have stable job in which I am respected and treated well, I have as much money as I need to do things that I want to do without really doing any budgeting. Despite all this, I'm not happy. In fact I'm miserable. Previously I would expect 4- 8 months a year of feeling bad, this was standard for years but the last 2 years I have only really felt good for days at a time. I'm nearly always tired, I have next to no energy for doing the things I enjoy let alone all the life maintenance stuff I have to do. It just feels like all I do is eat, sleep, work and on the weekends, pass the time until I have to go to work again. Honestly life just feels like a huge waste of time and effort. I don't see the point of spending the next 40-50 years working just to retire, maybe do a bit of travelling and then die. All that time and effort for nothing. I know the script at this point is to tell me to reframe my perspective or practice gratitude but it doesn't make any sense to me to change my mind, to lower my expectations just so I can live out my boring regular life. I want to do something extraordinary, I want to be someone who really matters, not to other people, but to myself. The issue of course is that I'm not extraordinary. I'm just a regular person who is going to live a regular life like all the other regular people. Anyway, I'm not sure why I'm writing this because I know I won't find the magical solution to all my problems here but a small part of me hopes that I will. I've tried talking to several psycologists but they can't tell me anything that I don't already know. I don't think SSRIs would benefit me because I don't think I have issues with regulating seratonin. I just don't know what to do, I don't know what to try next. I feel like I'm going to be miserable and dissatisfied for the rest of my life and my only options are to find a way to deal with it or KMS."
91,Time says it all really. how do I cope with the fact that life will never be fair? For me and for others. how is it that so many evil people get so much good stuff while so many good people suffer?
92,"So my partner thinks I’ve cheated , which I haven’t, I’ve told him multiple times I wouldn’t do anything to jeopardise this rship, but every time we have an argument, he keeps bringing it up saying oh you’ve cheated. His exs have cheated on him in the past, because of that he thinks I would do the same, as he keeps saying all girls are tied to the same brush, he does not trust me at all, he’s got trust issues, I’ve showed him he can trust me but doesn’t . So because of getting accused for something I’ve not done, I’ve stopped being so affectionate towards him, I’ll still do small affectionate things like kiss him on the cheek and that. So lately because of this, he decided to download dating apps ‘to keep his options open’ so he’s been flirting with other girls behind my back, i told him I want to work on us, but I said that he needs to delete the dating apps and close the ‘open options’ he doesn’t want to do that , so I’m literally living with someone who’s interested in talking to other girls behind my back…"
93,"I feel like there is something missing. My life is perfect on paper, i get good grades and i have good friends and im creative and fit and cute or whatever but i just..something just feels off. My heart doesn't really resonate with anything that it used to, my hobbies dont feel fufilling and i cant be bothered to be half as disciplined as i used to. I would rather sleep in the whole day than do anything. There are things that make me happy but i feel like these things come with the cost of failure and...i dont know how to explain. It is so confusing for me and even i don't understand why i'm feeling so lost and tired and fatigued or whatever . Even when i do love something i lose interest after a couple of weeks or i elf sabotage and convince myself to stop putting in so much effort. I push myself to consider what the purpose of all the things i do even are and when this happens i just feel so overwhemed. I need help but i dont know how to get it. I went a school counsellor and they just brushed it off and didn't let me get more sessions and i basically just vented to them but got no help at all. I want to go to a psychologist because theres so much happening in my head but my parents would judge me like they always do and it hurts so much. I feel like im so alone and no one wants to help me. I turn the things i love into habits and then i forget why i do them, i guess. And my mood changes so much too, which really affects why i cant get help because i feel like once i stop feeling sad my sadness from before just doesnt even matter anymore."
94,"Hi everyone. I was diagnosed with Parkinson's Disease about when I was 32 years of age. Since it became an issue, I have not been able to hold down a job for longer than 6 months. I have constant bouts of depression, for which my husband's answer is ""suck it up"". He is a control freak, has kicked me out of the house, and is having an emotional relationship with a once close female family friend and says it's all in my head. I am about to lose it completely. I just don't know what to do......."
95,I feel so numb. I'm just a random teen that's taking a break up too close to heart I guess. Nothing feels right anymore.
96,"(49yo) First time posting… I have been feeling very very low for a decade, and I can’t snap out of it. This morning, I decided to type ‘beyond blue’ in to my browser. The first site that came across was ‘MensLine.’ I clicked on it and saw several reasons for mental health. They were…Men’s mental health, including anxiety and depressionRelationship problemsAnger managementCoping strategiesGrief and lossLoneliness and isolationParentingStressSuicide preventionIt’s a little concerning, when I realised that every one of these IS affecting me. Some more so than others. I feel so alone, but find myself going to bed early to be alone. I have never dealt with the loss of my grand mother, which affected me a lot. As did the loss of an uncle, and my mum won’t be too far away. I want to feel closer to my wife, although I feel that she isn’t trying…or is it me. I feel lonely and depressed nearly all of the time. I only have 1 true friend, who lives 2hrs away. The only other person I hang out with outside of my wife and girls, are my parents. Parenting…I have teenage girls, so I’ll say no more about that. I gave up alcohol 10 months ago. I feel that’s 1 positive in my life. I was brought up to be a man, so I keep all of this inside me. When I’m asked, “Hey, how are you?.” My answer is always, “Couldn’t be better!”Maybe things will get better soon…"
97,"My name is Mel-Ann Collie,though friends just call me Mel,so listen up to the talethat I’m about to tell.I’d reached rock bottom,was in deep despair,there was no warmth orcolour anywhere.Each day had become somewhat colder,the world weighed heavily on my shoulder. I felt broken, lost,devoid of feeling lying in bedstaring at the ceiling,wondering howto continue onthrough the bleak,oppressive dawn.In the midst of this painful sorrow I could see no future or a tomorrow.My saving grace was Poppy Angel:a faithful pet who was more than ableto get me through the desolation and help overcome the isolation.She would nuzzle in to my neck,not caring one bitthat I was a wreck,pulling me through many a day,keeping my negative thoughts at bay,while licking my face,wagging her tail,lifting my spirits without fail.This was better than any doctor’s pill,healing my soul,healing the chillof a thousand winters held inside,letting me cross the great divide from dark tolight to live again,and all because of my furry friend."
98,"I was watching a Youtube and in the video, it said that your parents should help you with your problems, but they shouldn't get you to help them with their problems. My Mum is often asking my sisters and I for support and help with her problems. I often use to give her as much support and advice as I could, even when it was over something little and she never took the advice. She said it was good, she said she would try it and then the next day, she would tell me what she did and what she did was the exact opposite of what I suggested. For example, she'd tell me these dumb, over the top arguments she had with people while playing table tennis, then I would explain to her ways she can be more assertive, so it doesn't get to that point, then she said that it sounded really good and that she would try it and the next day she would tell me that she told so and so to f off and all sorts of things. What makes it even more annoying is that when I tell her about my problems (which are a lot more serious than being about things like ping pong), she usually acts like she couldn't care less. Even if I'm getting bullied really badly or if I'm talking about something that happened when I was having a psychotic episode, she just doesn't care most of the time and my Dad cares even less. The Youtube video also said that your parents shouldn't be naked in front of you if you are over the age of 2 (which I knew before watching this because... ewe), but my parents do this all the time. My Dad will walk around in a long T-shirt without any pants on and just pull his T-shirt down when his not in his room and my Mum will walk around the house completely naked, she'd even look out the loungeroom window, hands on hips, completely naked and if we said something she would go ""Nobody outside will be able to see me because of the plants."" Whenever we would ask/tell her if she could stop/to stop walking around the house naked, she would get mad at us and sometimes scarily mad at us. The last time I nicely asked her not to she went ""Oh Earth Girl, you're such a drama queen!"" and then I said, ""How would you feel if your Mum walked around the house naked?"" and she went ""Oh! I would throw a fit!"" then I said, then maybe you should stop doing it!? and she said ""Okay, well, I'll think about it."" What do you mean you ""will think about it""?! She sometimes even goes outside to take the bins out without any pants on. They also don't think they need to wash their hands after going to the toilet after going number 1 because ""he doesn't get it on his hands"" or ""urine is sterile."" They drive me crazy."
99,"why can’t we just go to work do our work and go home Why do some managers insist on singling someone out to destroy their self respect self esteem and possibly even making them feel so worthless that living with the harassment is just too much where is the accountability for being pushed and prodded into doing or saying something stupid now we have to get help for ourselves because of others abusive behaviour Where is the justice,accountability mental health help in my industry is lip service dotting the eyes and crossing the tees meanwhile many good people with great potential are being subjected to what basically amounts to mental torture pretty much all questions and no answers sorry but myself and my family are suffering because of one person’s need to make this happen and has the power to stop it"
100,"I'm between a rock and a hard place now and can't see a way forward other than resigning.After 3 years of voicing my concerns about a colleagues behaviour toward me and st tiles others and a manager who is aware of this and says 'well some people we just don't get along with but have to work with them' I've taken sick leave to have some space.Ive had a years worth of workplace counselling, aired my concerns about being unable to work with her due to her bossing me around (she isn't my manager), railroading me in meetings, being terse when some tasks are within her remit, not helping when asked, verbally scoffing at some of my ideas in meetings, sending me 'directive emails' as opposed to suggesting nicely, etc etc.Recently our padp reviews have meant I have to do more with her but her portfolio is bigger than mine. Mgr said now your roles are clear you should have less conflict.within 2 days of being back from leave she hammered me with emails and started telling me how to do my job. i can no longer work under the pressure of her and incompetence of my boss. I feel unsupported, trodden over, silenced and stressed. any suggestions to manage other than finding a new job ? thank you"
101,"Hello all, it's been a while since I posted. I've figured out why I hate my life so much. I hate my life, because I didn't ask to be here. The way I see it is, I didn't ask to be alive, and therefore, it is unfair that I have to deal with things I don't want to deal with. List of things I don't want to deal with below: Work - it's a waste of my time, my previous time Put up with shitty people Put up with crappy employer Put up with society's downward trajectory causing problems on my life The fact that I have to work to earn money, and I have to have money to have the life I want - also called wage slavery - so basically I have to endure things that I don't want to get a smidge of happiness, and by the time that smidgen comes along, it's not good enough. For me, life feels like a contract that I didn't sign for, but I have to bear the conditions of. It's completely unfair. Trust me, I have blamed God, my mother for not aborting me for this I have to endure. If someone played me 15 minutes clip of my life preview, I'd be like.... Nope!! But yes, I don't like life in general, I cannot wait to be over with this. Thanks to reading"
102,"Not really sure where to start,this will be the very first time ive ever reached out looking for help,i'm nearly 50 and up until now i've kept everything bottled up most of my life,the face i show people outside of my house is totally different from the one i have behind a closed door,sometimes everything just starts to spill over and my head feels like there's to much noise happening and i start crashing and my emotions go haywire,working in a highly stressful environment doesn't help either,think it just adds fuel to the fire a lot of times but sort of stuck between a rock and a hard place where work is concerned. I probably know i have some sort of depression but can't get enough courage to actually talk to someone in person,even doing this is hard for me but i'm trying,i know if i don't try, things are just going to keep getting worse,hoping down the track i might be able to talk to someone face to face but for now just sort of vent through here,thx for listening"
103,"hey everyone, it has been a while since ive last used beyondblue however there has just been a lot of things that have happened recently with my mh and just overall life satisfaction. okay so im currently 17 years old, and after many years of never really understanding why id feel these rlly low pits and just general filtered dissatisfaction, i had gone to the GP and received a diagnosis for severe depression and anxiety. though definitely during that time it was one of the hardest times to keep living and waking up (this was roughly 1-2 months ago) it feels like im feeling the aftermath of this feeling. and to be fair every time I ask someone if depression and these feelings rlly ever goes away because genuinely spiralling, ruminating and thinking about all these things in my laughing makes it truly exhausting. for example even when im with friends, ill find it social anxious + awkward even if I know so much about them, though it always feels like they dont know anyhting about me or more its I haven't been able to let them know really anything about me and that makes me just incredibly numb to the fact that im idly being here. and also with my mum especially, since it is holidays, everything she talks to me about, everything she argues, everything is always about doing more work, and not dissapointing myself and my parents and how im wasting time in my life, whenever I try go out to like take a break, ive just been mentally exhausted. and yes I have a psychologist and im seeing her soon, however it just feels like im like I said before, just idly roaming and i 1. dont really know what im going to do in my future 2. im not bored ive just been drained 3. when im by myself I feel comfortable but also I know im avoiding rlly the unavoidable idea of social connection. though rlly I just want to have a higher satisfaction with my life, but also school is starting but im worried again for the rlly long holidays that follow. (im just seeking some advice as i find sometimes calling helps but it feels as though every time im either retelling my story or i can rlly voice out everything ive been meaning to say)"
104,"Hi, I’ve avoided reaching out to mental health lines till now. I’m not in a great place this is the worst it’s ever been. I’ll feel good again in a week or so but I know it’ll hit me again soon and seeing how this time is worse I’m scared how much worse these phases will get. Anxiety/depression runs in the family, I’ve suffered through phases all my life. Most of the time I feel I don’t belong, like I’m stuck, tired of trying to keep up with life. Even small things like messaging people or getting through the day can feel overwhelming. The thought of the word “effort” or “life” feels heavy. I’m not suicidal I would never but I’d be lying if I said I never picture it. I wonder what it would be like to not feel so heavy all the time. I want to feel peace, like I belong somewhere but why do I feel anxious no matter where I am, I want to be anywhere else but I know I’ll still feel discomfort. I hope I made the right choice reaching out here."
105,"I don't think I have ever really liked anything about myself. I don't think there is anything to truely like. I am truely worthless. I was always the dumbest in school and university ( uni drop out - so much failure). I suck at sport. Have trouble communicating at times. Have worked retail for maybe 20 years because, no office job would ever hire no matter what CV place/ job adivce, advancement I have tried. And I have begun to hate customer serivice with a blind passion. I swear being good a good customer service whatever is really just letting people treat you like crap. I will never earn enough money to be a true equel partner in my my relationship. People - even people who know me well can never tell me what I am actually good at, or just say I am kind which is some patronizing consolation prize for being an idiot. Mostly palitudes cause they don't know what to say. Oh she's dumb but at least she's nice about it. So many pysgologists and councilers just get me to talk in cirlces becuase at the end of the day I am me and that is never going to change. A pysgologists once told me that I should congratualte myself cause I get out of bed in the morning. The whole thing felt so patronizing. So I still don't understand what is to actually like."
106,"17 and recently got diagnosed with depression. ever since starting college i haven't been happy. everyday i wake up with the dreading feeling of having to interact with people in the fakest way ever while suppressing my own emotions so i dont have to deal with them. eventually they lead up to you. its now an every week type of thing, where i break down crying, hopeless for my future. my parents are immigrants - they dont believe in mental health problems, i hate being at home anyways because my parents are just always mad at me. i dont know why they can never ask me if im ok , i dont even feel comfortable opening up to them. i really hope i never become a parent like that. im not sure what i did to have a life like this. i feel like a failure. my grades just keep slipping, how am i even gonna get into university at this rate. i hate myself so much. i really hope someone understands. what do i do"
107,I am 32 year old male I am suffering from depression loneliness for a long time I don’t have any real friends I have no one to talk to and I feel hopeless I have thought of self harming myself what do I do
108,"My husband is an amazing man, but we have found ourselves so stuck in the daily routine of life. We have both made decisions that have affected us, and I acknowledge my decisions while stuck in my own spiral have affected him greatly. We have been financially stressed for years, and feel like we haven't gotten anywhere. We have arrived at a crucial point in our lives and I feel we were making progress with plans, but to do this we need to do some things that don't sit right with either of us. I am taking the path that it is a stepping stone (of which we have had many) and he is feeling like it is putting him back in prison and he is stuck. He acknowledges that this is depression due to environment, and I am petrified that he will leave and we won't get the opportunity to live our dreams. We are both suffering anxiety for different reasons, and he recently admitted that the thought of spending time alone with me creates an anxiety in him but he can't explain why. I know I have let him down in the past, and please don't get me wrong, he is also not perfect, just me acknowledging my contribution to his unhappiness, but I have recognised everything and honestly validated his feelings with him, and felt we took a huge leap forward, and now his anxiety is overwhelming him. He feels he is not the father he wants to be, the husband he wants to be, has taken a job he doesn't want to do in a place he hates, but the thought of relocating (which we were in talks and plans for) is too much for him. I love him but I feel that I am a huge trigger for him at the moment, how do I do this?"
109,My partner has had depression on and off for 10 years.He is genuinely a loving caring funny guy but the last twelve/eighteen months has been rough.He has in the last twelve months began anti-depression medication again which at first helped him but recently he is moody angry withdrawn and is saying things that are every concerning to me about how he dislikes himself.He experienced a very rough childhood of parental domestic violence and alcohol abuse to which he decided in the last couple of years to segregate himself from his parents and he has not spoken at allto his parents in the last twelve monthsHe has also left a toxic work environment for a new job but is being very hard on himself in learning his new job.He was speaking to a fabulous GP but he has left our area and he has not found anyone else he “clicks with” to talk to.He was speaking to a physiologist but he says it makes him feel worse so he stopped seeing him.We are very blessed with 2 beautiful healthy children we have my parents who are very supportive we have a great friend group we are financially comfortable but he always finds something to stress about.I am looking for advice on how I can helpmy husband to bring back the funny caring person I know he is.
110,"… or so they say.And so I used to believe. What felt like rock bottom wasn’t the worst but in that moment it would feel it. But still the fire would ignite and perseverance and grit would kick in - raising me to a place better than when I started. Admittedly I was partially inspired just to prove to those who had wronged me that they hadn’t broken me. And I believed in the good karma that would return to those with integrity. Those who fought for others. For a better world. I always gave 110% of me. But it has been many years and this time, I feel broken. I was not made for this world and I don’t know how to exist in it any longer with the society norms that are ever so heavy. The effort of leaving the house and trying to stay positive/happy mask only to be met with ‘that I’m too much’ or ‘not enough’. This time I feel no desire to get up and try, no hope for a better future, no faith in people at all.Least of all in myself, after everything that’s happened to me throughout life - they’ve just turned me into another one of them. Just another black heart - only one thing remains the same …despite its colour I still wear it on my sleeve for all to see. And with that brings the darkest of times."
111,"I always come back to this really empty feeling of loneliness, where there is no cure for this. And then it just flames my depression.But it also feels like that this is a really taboo reason to be upset about."
112,"Hi I’m 56 years old and if I were to define my life with one word it would be Hard.Ive never felt I fit anywhere, I have always just lived around what others need from me.I feel others don’t really see me I guess.I was adopted and even though my parents were good people I remember my childhood as being sad and lonely.As I grew older I desperately tried to find that person who would love and recognise me, but got it wrong too many times.I view the world as a hard and lonely place to be and at times wish I was no longer in it.My life now is one that so many people would love to have but I’ve lost the ability to feel happy or trust in happy.My head is always filled with negativity.thanks for listening"
113,"HI there I'm Drew and are from Western Australia I'm going though major depression ATM and are struggling to cope with my circumstances and situation that I find myself in. So I thought I would reach out.I stopped drinking in 2019 and since then have realised it is probably too late to make any real differences or changes in my life @ (54)I'm currently homeless and living in a tent in a NP. I regularly have thoughts of suicide, have no family and not much in the way of friends, even though people tell me I'm a nice guy.What I have learnt since being homeless is that society in general is cruel, judgemental and not really forgiving or understanding, everyday it seems I'm reminded that this is true, Does anyone else have these thoughts/experiences? and constant thought's of suicide, any advice would be appreciated, preferably your own... Thankyou"
114,reading posts from years ago nothing has changed most times worse especially atm i’m not in the business of blaming other people for where i am definitely a reality check glad im trying to help myself
115,"Hi all, I don’t even know where to start. I’m just tired of life. Married 22 years, he does nothing except for work and being a couch potato. I’ve been taking care of the kids, house, pets and bills. His business failed a couple of years ago and now we are struggling financially. I feel stuck and trapped in this marriage. Can’t leave as I’m financially dependent on him. No friends or family, so no support. Where do I go? I suffer from depression and anxiety and had a mental breakdown last year. I also have social anxiety and have trouble talking to others. I am so lonely. Have had suicidal thoughts for a while now and it is getting worse. I really want to end it, I do not see the point of living but I worry about my 2 girls. They are the only reason that is keeping me from going through with it. I stay strong for them but inside I am a mess. I can’t deal with the stress of living, work and worrying about money. Can’t stop the constant stream of negative thoughts in my head. Life is so meaningless. I hate myself so much for being weak, for being dependent on him, for not setting boundaries earlier, for not having a career, for trusting him"
116,I guess as my title suggest I am just looking for some hope if there is someone out there who has been through or is like me and it has turned out better for them.I am a walking embarrassment who absolutely hates and disgusted by myself.I did age care work for over a year then I left the company because I felt I had humiliated myself and was completely inferior.I tried a couple of other companies but it was very short-lived because I think I was too comfortable with the first company.I applied again for the first company and got rejected unfortunately due to health reasons I was unreliable when I worked for and no I don’t think I was the quickest worker and maybe my personality does leave something to be desired.I have multiple other issues but at the moment I need to be able to hold down a job and unfortunately any other job I get it’s not what I want. I want to go back to that job but now I never can.it’s not just a job thing. It’s everything I’m getting older fatter and I have no self esteem left .everything outside of my bedroom in the house I share scares me and sometimes I’m even scared in there. I’m just so mad at myself and I just feel like I don’t even know what I feel like just like everyone’s laughing and judging me
117,"I’m just so completely defeated by life. I don’t feel I have any strength or drive left. I have been fighting my mental health for so long and have done nearly everything do improve it. I worked so hard to build a life and career. But when life keeps giving you numerous traumatic experiences, you never have a chance to recover from any of it. Now it’s made me so alone and unlovable. No one wants to be around me despite giving everyone my complete loyalty and love and anything I can give I do, I sacrifice my own health and happiness for others and it’s still never enough because “I have a negative outlook on the world” like 27 years of trauma won’t do that? And it’s my fault? But it doesn’t matter how much you recover people still view you as damaged goods and the only people that stick around are the people that know they can keep draining me of my resources because I would do anything to be a good person and do the right thing by others. Genuine human connection is what I need so badly but it’s the one thing I can never get. The only person in my entire life that I thought was seeing me as my whole self, and accepted me for who I am turned out to be just like everyone else and discarded me without a second thought. I am so insignificant to everyone. If I died tomorrow, only my dad would care. So I don’t see how I am meant to keep going everyday, feeling like I’m suffocating under the weight of complete rejection from the whole world. Nothing makes me happy anymore and my job and hobbies all seem pointless. Whats the point in anything when you have no friends, only people that use you and the guy you thought was your soulmate was nothing more than the wishful thinking that someone would be empathetic enough to hold the space for me to learn to trust people again. I can’t keep hoping things will change when every year something worse happens and I’m even more alone and broken than before. You can only pick yourself up so many times. I don’t know how people can just go on. I just don’t know what to do anymore."
118,"My daughter became acquainted with a friend named Rose last October. Rose claimed she could help my daughter chase away the demons that I believed were haunting her. From that point on, Rose encouraged my daughter to leave home for six months without any contact with us. Since my daughter is already an adult, we were unable to bring her back during this time. After six months, my daughter finally returned home but had lost weight and bore numerous scars on her face; her condition was truly concerning. Now, four months after returning home, Rose suddenly informed me and my husband that we needed to pay a bill related to her knee replacement surgery. The amount exceeds AUD 10,000 because Rose has been fabricating stories about how my daughter supposedly pushed her at night when she came back home. As a result, my daughter is now confused about what is true; she believes that if we pay the bills, it will alleviate her stress and refuses to listen to our concerns."
119,"I have a life that seems as good as it could possibly be. I live in a nice street in an area where it's easy to get to places. I live with my parents, and our house is nice, and we also have a beautiful garden (my Mum was a horticulturist). We aren't rich by any means, but in some ways, I could be considered quite privileged. My parents also seem like very happy, pleasant people as soon as they enter the front door to the garden or as soon as they park the car when we have arrived somewhere. (They often argue with each other for the whole drive to places, but as soon as they find somewhere they want to park, all of a sudden, they are all happy and act like nothing happened). Behind closed doors though, things aren't so perfect. My Dad literally does NOT want to talk to me... AT ALL. Practically all he says to me is ""Good morning"", ""I'm going to work now, have a nice day"", ""Good night."" It's like I'm a... goldfish? He doesn't need to talk to me much at all. Or even see me really. My Mum on the other hand talks A LOT, but she doesn't want to talk TO me either, instead, most of the time, she talks AT me. She has to tell me every tiny detail about every single insignificant thing that happens to her. If she opens an avocado and it turns out not to be a good one like she thought it was going to be, she blubbers on AT me about how she's disappointed. (That avocado shit happens to me all the time, but I don't tell anyone about it because it's BORING). I don't know how to explain how she tells me every tiny detail about everything that happens to her to get people to realize how crazy it is because when I write it down, it doesn't sound that bad, but she'll literally treat me as something she can tell everything to and not care about what I have to say at all. I could ask her ""Are we going to.... on Sunday?"" And she's like ""I agree! How can you ride a horse with the bridal like that?"" _ WTF? My Mum actually has really cool hobbies, but she doesn't want to talk to me about anything else! By the time she's finally stopped talking AT me, I could ask her a question, and she'd be like ""Oh, I'm just going to use the computer now."" Sometimes I have to walk away from her when she's talking at me, and she'll either keep talking because she thinks that everyone must be there when she wants them to be or she'll follow me around the house! They don't see me as a person with a personality; they see me as someone they want to keep alive. They love talking TO my older sister."
120,"My whole life through school I was the overachiever. I pushed myself hard to get good grades and treated myself awfully to get there. I was a high achiever and in my mind pushing myself was a good thing. I went through uni studying a design course and pushed myself hard again for three years. I completely locked myself away from friends and family and worked. Hard. And as a result I was a dux. For me, no matter how hard I pushed myself to the point of serious harm doing work and perfecting everything, I got a reward. I had some measurable form of successes. Now, I’ve been stuck in retail for 2 years since graduating. I understand my career is a hard one to get into but boy this has really diminished my self esteem. More than the low self esteem I already had. In my mind through schooling my self worth was connected with physical results. And still is today. I’m seeing someone to work through this. But I guess now that I’m not in my career choice I’m attacking myself because I feel like I’m obviously not good enough to be in an illustrative career. I feel like all this pushing and hard work has been for nothing now. I’m a failure and have wasted so much time moping around and yet I also cannot find the strength anymore to change anything. I feel stuck in retail, it’s the only thing I’m apparently good at and there is just a part of me who feels like I just have so much more to give in life. I can’t get a job because I don’t have experience but no one wants to give me experience so I’m stuck in this loop of never being good enough. And this has just gotten to me so much that I feel like a waste of space. it doesn’t help that at work my manager proof reads documents that she has asked me to write and then changes things to make it sound better. I get that she is allowed to proofread but she’s never told me that she will and it just makes me feel dumb and stupid. Like I’m obviously illiterate and dumb and that’s why she has to fix it. Customers tell her all the time how beautiful she is only for me to stand right next to her like cool thanks I guess I’m ugly too now. I feel so inferior to her. I feel like I’m wasting the talent that I know I don’t have and feel I am stuck in this job that is slowly sucking the life out of me but where will I go because I’m not talented enough to get a job in the career I actually studied for."
121,"I am a 33 year-old female who has rarely ever managed to hold down a job since I was 25. I even went back to study and did really well at my studies but when it came to putting it into practice in a position I have never managed to be the same as I was as a student.yes I had a less desirable childhood to the point where sometimes I wasn’t even bathed properly and it was obvious in school etc. I could go on but it would take too long just one minor example however both of my siblings have turned out quite well and hold down full-time position.it’s always either my health my anxiety or sometimes I just can’t even be bothered putting in the effort any more. That’s how many positions I have gone through in the last eight years.when I do try, I can never keep up or be the personality they need etc.I live in share accommodation that causes my OCD great stress there is nothing I can do about this.I have achieved nothing in the last eight years except gain weight"
122,"i've had the feeling that i was sexually abused as a child for about 4 years now. I have a couple of visions/fragmented memories that i feel like may be from the moment that something happened to me but i don't know if they are or not or if anything even happened to me at all. over the years i've done research and a lot of my symptoms seem to correlate with victims of childhood sexual abuse. for reference, i've been diagnosed with depression (and anorexia in the past, i still struggle with my eating disorder, but less so and i'm at a healthier weight now), i have some issues with substance abuse, and i've been suspected of having ocd by my past psychologist that i stopped seeing. i've also attempted many times. these thoughts have been destroying my mind for years now and i'm starting to get desperate to know the truth. i just need closure."
123,"I've been experiencing severe suicidal thoughts ever since a few months ago. My life the past 6 months has been nothing but bed rotting and playing some video games, i dont go to school anymore, I quit my job 2 months ago. My life has been downhill ever since the start of 2025, my online ""friends"" make alot of fat jokes towards me no matter what I say (I'm not that fat. Ive been losing alot of weight but it's been harder with everybody criticising my every move) I told them about my SA and they took it and started joking about it because I'm a male being sa'd by a woman, this happened when I was around 10. Life has sucked ever since I was 5 if anything, my childhood was ""not like others"" - school counsellor. My parents broke up when I was young and I was very in-between during it, bouncing around house to house. Always getting yelled at/hit. I flinch every time my dad tries to joke around with me. You know how much that hurts?. Sorry if im talking or writing too much. I really needed to say something to someone, even if it's a post in a group."
124,"Hey,I just needed to get off my chest how sad and blue i've been feeling. I've been dealing with depression for a long time and social anxiety. Life has been feeling very aimless and purposeless chronically. Financial stress is waning, working doesn't feel particularly inspiring, I feel like a failure when it comes to romantic relationships, I have no family.. I guess i'm feeling very isolated and lonely. I didn't do so well on an assessment I was working on.. but that's okay I guess. Grateful for a lot of other things going on but that emptiness sucks sometimes Here for some words of support... Things feel so lacklustre"
125,"I'm feeling very frustrated with my depression and anxiety at the moment. I've done so much therapy and really sick of it and don't want to do it anymore because I would rather put that time into working on myself to heal from previous hurt/trauma etc. I'm on an antidepressant which I don't think is doing much. I seem to be just stuck in the same swinging pattern of burning out, falling in a heap, getting back up and repeating again however this time I'm stuck in the low longer than usual. I'm supposed to be working on building my support network and friendships, but I feel like I really have no clue how to make friends. I have lost a lot of self-confidence and feel socially awkward however I can put myself out there in a professional capacity but not personally. I find this really strange. Not really sure where to go from here."
126,I am over my life It’s one failure after another I think I try hard but I never succeed why are people like me born it’s just pain and disappointment i work hard but get nowhere other people in my situation would have achieved something I’ve done nothing if I didn’t have to care for a relative I would be happy dead
127,"Since I was about 12 years old I have felt like I have undiagnosed Depression and Anxiety, and of recent years I suspect ADD to some degree as I have started to learn more about the disorder. But try as I might I have never been able to bring myself to seek a diagnosis as I have always been a very introspective and hyper-critical person who can identify the root and cause of most of my issues, so I have white-knuckled it for years. I feel like I know exactly what got me to this state when it flares up the worst, as it is almost always a result of poor choices on my behalf, or just plain bad luck. I was severely bullied all through Primary and High School, to a horrendous extent both in person and Online in High School in particular. Part of it came at a result of my own poor choices, but regarding events that took place Outside of school and did not involve any students there. The things I went through sound like a Teen movie when I recall them to friends. As I grew older, I would fall into despair as relationships ended, my creative endeavours failed, and now I have come to a point where I have given up on all my dreams as nothing ever works out. I am a very creative person but I feel like in this modern age of AI and over-saturation of online content, I have no chance in h*ll of making it doing anything I love. And so I've packed it all in and reluctantly tried to come to grips with reality that I may have to work a mundane, dull 9-5 and have to learn to be okay with it. I never had any interests outside of creative hobbies and so I have nothing to fall back on. And I live in a constant state of anger, resentment towards creators online or artists - fully aware it's my own jealousy, and hatred for captilism. I have never believed humans were meant to just be stuck in jobs they hate and then retire and die. IT deeply upsets me. So all this to say, it's hard for me to bring myself to seek a diagnosis, as I feel like I am just reluctant to grow up and get with the program so to speak. That if I got the h*ck over my ""immature mindset"" I wouldn't break down and cry every time I'm faced with responsibilities and the pressures of adult life. Maybe I am the problem, and maybe I'm Not mentally ill, but have just convinced myself I am all these years..."
128,"I’ve been feeling really stuck in my job search and honestly pretty low about where I’m at. I was fired just over a month ago for being a “cultural misfit.” Since then, I’ve been applying nonstop and getting interviews for marketing roles (I’ve got 3.5 years’ experience), but after my last job where I did the work of two or three people I’m completely burnt out and don’t want to go back to that industry. I’ve got over two years of admin experience too, but not much luck there either. It’s frustrating that most roles, whether marketing or admin, pay around $70k but expect so much. Some interviews go nowhere, and others I’ve turned down due to toxic culture. I feel like I’ve done everything right. I got my degree, worked hard and still ended up with burnout, instability, and it’s challenging my mental health. I don’t even like waking up early anymore because I don’t want to face reality. I stay up late because it doesn’t really matter to me what happens tomorrow. I’m tired all the time and can’t seem to break out of this cycle. I don’t have huge expenses and JobSeeker covers my rent, but I just want something stable - something where I don’t feel exploited. I want to give up and isolate myself. I’m also so tired of people asking how the job search is going. I’m not really sure what to do anymore. Any advice would mean a lot. and thank you if you’ve read this far."
129,"Hello, I’m 25 and have sciatic pain in my right leg. It limits my ability to do long walks, drive, do stairs and engage in my relationships. I feel so depleted and ashamed of it most of the time. I get upset that I’m only 25 and living with this. It’s been since January this year and got progressively worse. I was okay at first but the amount of anxiety, fear and crying has increased a lot. I wonder if anyone has also experienced something like this. I feel very alone and feel I need to hide my condition best I can. But the pain is really unbearable some days. I love doing nice things for people to but feel I need to ask people for help instead. I feel pretty worthless"
130,"I don’t know what I’m going through to be honest, all I know is I feel left behind or left out. Seems like my life is not moving forward it stays . I’m getting tired of this . I don’t know what to do . I mean I know what to do but it’s not working ."
131,"Hi everyone,I have been struggling a lot recently for what feels like no reason. I don't find enjoyment in things anymore and constantly have a sense of despair and depression all the time. It feels horrible but it won't go away. I constantly feel misunderstood by my family and I don't have any friends close enough to confide in so I also feel very alone. I just want to be able to feel normal and live a relatively happy life and feel comfortable and confident in my own mind and body but everything seems completely pointless, and it seems like all we do is work or feel guilty about not working, go through hardships when loved ones pass away and then we go ourselves. I am not sure what I am supposed to do anymore. I am a little overwhelmed and anxious about my final exams coming up for high school and I have had a job offered to me that seems ok but is a little bit of a drive but also seems like I may even find it good, but I am not sure if I even want it and it just makes me feel even more overwhelmed. I am not sure if this is just anxious feelings getting in the way. Everything feels crushing, overwhelming and depressing. If anyone has any advice or input please help! Thank you!"
132,"Hi, I recently sold my home I had for 37 years, to try to find our ""forever home"". Unfortunately I have created a situation where I feel unable to cope with anything now. I am 69 and feel like I have made the biggest mistake I could make. I live with my long-term partner in her home so I am not homeless, but I have been catastrophizing everything possible, and having insomnia fairly often. It feels like it will never end . I have ongoing work commitments which I am afraid I will not be able to do if I can't find a way to deal with my feelings . I come from a family that has had major issues ( my parents were both dead by the time I was 19 , father from suicide ) and so I feel I am more susceptible to these issues. I don't know what to do. I have a psychologist , who has been helpful, but I feel my world has fallen apart."
133,"I have had depression since my early teens and I am now in my fifties. I have been on anti depressants for 20 years which have been a bit helpful. My mother was cruel. She still is and this has been a source of my depression. I have been to two psychologists but that did not help much. I do everything you are supposed to; sleep well, eat well, exercise, socialise and meditate, yet I am still stuck with this depression. Can anyone else relate to having lifelong depression and if so, do you have any tips? Many thanks."
134,"I’ve tried.God, I’ve tried.I’ve done the journaling,the deep breaths,the “healthy distractions,”the getting out of bed when I don’t want to. I’ve done everything you’re supposed to do.And it still hurts.Not every second,but close enough. Sometimes I think maybe I’m broken in some wayother people aren’t.Like there’s a crack in my wiringthat no one can fix,not even me. And no one sees that part—the part where I’m trying so hard to come back to myselfbut feel further away every day."
135,"I was an adopted child, found out at 19 not the child they wanted. My mother had miscarriages and took her frustration out on me... dad well there are some memories left unsaid. Straight A student, belted for a B. Pentecostal parents fundamentalists, spurned when I cam out at 19 (58 now). Have struggled all my life but held great jobs, alcoholic now (shhh) . Have been in a relationship for 30 years, harrassed, hit, knocked around. was in a relathionship previous with the same for 7 years..... I live in my bedroom with a fabulous home, i work every day and keep going but I am dead inside."
136,"Tbh, I've just kind of had enough. I feel like I've always tried to take the high road. And it left me with I good moral compass but not much else. I've got things and people to live for, but I feel like I'm losing them anyway, I'm running out of reasons. I have a referral for a mental health care plan but I have no idea where to go from here. Please if you know somewhere to go that's good that'll be awesome."
137,"I feel so unwell, Im about to start on an antidepressant Im on one but its not helping me so they have put me on one to take at night. I feel worried about taking it but I feel so low that I'm thinking I just don't want to be here. Im not functioning I feel so sad, feeling like Im losing it. I wake up at night and have jumbled thoughts going through my head and Im so tired I just want to sleep and feel scared totally not myself. I don't know what to do, I wish this wasn't happening but it is. And I wonder will I get through this."
138,I suffered a psychotic depression in year 2000 and was stable on the prescribed medication. Recently have had panic attacks like before I got full blown depression in 2000 . im staying in the present and taking it a day at a time
139,I have 1 close friend but i feel like she doesnt even care about me. Everytime i try talk to her about my issues she always brushes it off as “oh sorry” or “that must be rough”. my mom doesnt care about my issues / thinks im exaggerating so shes out of the question i genuinely feel so alone & i think reaching out is too hard so i suffer in silence. i just wish someone would hold me & tell me everything is gonna b ok. idek whats wrong with me i dont think i suffer from depression but more loneliness ye sorry for the dumb rant
140,"I think I'm struggling with depression, I can barley get out of bed I don't eat I'm always fighting with my parents ever since they split I'm 15 yrs old and stuck in the middle of adult drama, and im so done with hearing them constantly talk bad about eachother."
141,"Hi everyone, I don't know really what to say here other than I've been feeling so down and unmotivated lately. For context, I live an ideal life - fantastic, supportive spouse, good income, good family. I suppose it stems from my job as a teacher, a profession that I feel is treated as a joke among many students and their parents. Some students have no qualms about telling me that my value as a teacher is tied up with my 'low paying salary' (yes, they say this). When I tell them I'm quite a good wage, they'll reply with 'that's not a lot'. Yes, they're kids, but far out... this profession is burning me out. I've been teaching for 10 years and I'm ready to leave. What else gets me down is that I'm 35 and I feel like I'm essentially blocked out of the housing market. It genuinely feels like everyone is better off. I'm beginning to turn to alcohol to cope with a sense of 'I'm not good enough'. However, I know it's all a fallacy. I'd likely feel this way even with a house of my own. Something in me just doesn't feel right anymore. I feel so unmotivated. I used to read 50 books a year. Now I'm lucky to read 1. At this point, I go to sleep, wake up, go to a depressing job, and get more depressed at seeing others buying houses, getting new jobs, starting families. I'm so sorry, guys. This is really a first-world problem post and I should be more thankful. Thanks for listening."
142,"I’ve had trauma throughout my life from childhood through to adulthood. Depression, anxiety and recently ADHD diagnosed. I’ve experienced parental abandonment, DV (in 3 relationships and 2 family) and all of that led to drinking as self medication. But I stopped drinking, married a wonderful man and felt like life was finally getting better. Then I’ve recently discovered video and photos of me online posted by a twisted ex without consent. I’m traumatised and still in shock because he took the videos without me knowing. I’ve reported it to the police but I feel like nothing is being done and that they just don’t think finding this creep and questioning him is a priority. I’ve contacted two DV support services, one just gave generic responses and referred me on, and the other has not even responded to my request for support. I was treated with disrespect by a police officer when reporting the image/video abuse. I feel like I’m being courageous by seeking help as it’s so hard for me to do. I feel like I’m hitting road blocks everywhere I turn. I can’t sleep, my stomach is in knots, I’m anxious and depressed. I can’t focus at work. I feel like I’m going downhill and I’m losing hope."
143,"Hello,Ive never contacted or spoken to a professional about my feelings, as I’m good at masking.Generally I have been a pretty positive person & I have a supportive husband and some family that I’m close with, however lately I’m experiencing my mood is dropping quite a lot more than it usually has.It’s like I feel a dark cloud is over me and my overthinking isn’t helping. I’m 51 and have had menopause for 5 years and have been on HRT for one year to help with mood. I hit burn out at the end of last year due to work load, so I’ve literally stopped working & had months to just potter and work from home when I can.My motivation for most things is almost nil. I’m not interested in socialising much at all, I’m lacking any enthusiasm I once had & feel like the me that was so bubbly and mostly happy has faded. It’s such a lonely lonely feeling and im feeling quite hopeless."
144,"Hey everyone, first time posting here I think my life objectively sucks i am 17 but may have a future with a 100,000 medical debt, my parents dont accept me for being gay, i go to a christian school, i am socially quiet/lethargic so people probably think im weird. I have some light friendships but i dont have the time for much leisure time because im always stressed if im not working or high.i have been doing this ever since i was 6, but i still pretend that a cartoon character is my boyfrend, i dont tell anyone the extent he makes me feel, for obvious reasons [he is also um.. inhuman,,, not even an animal, a literal talking object] but when i think of him i dont feel like shit. this is tearing me up. why did god firstly make me a gross homosexual but secondly make me sexually disturbed so i feel loved watching a static projected image of a sexless thing!do i only do this because i am sick in the head? i was exposed to cartoon porn since the age of 6 [nobody to blame but myself for that one,, literally searched it up all the time, never told my parents that i was looking at gross things because id know theyd kill me] am i making my disease of sexual perversion worse? im not even interested in real people anymore [because they wouldnt want someone like me] but i feel as if i need to stop living in fantasy land with him. i forced myself to lose my virginity with my friend, so i could stop the thought of imagining myself as a 30 year old virgin. whats worse is that he actually helps me. last year i stopped smoking pot for a whole week, because i at least had him in my mind. i feel happy drawing him and whenever i watch him i involentarily smile. My family isnt that bad, my friends are cool, im not bullied, if i was to complain about anything with my life i would be heard [and then told that jesus loves me]. why must i waste my life away like this"
145,Hi i have been really struggling with anxiety and depression i always feel sad but try to act happy because my mum thinks its not real i did get diagnosed but she said that the doctors are wrong. I feel so alone and don't know what to do.
146,"I think I have deppresionIn year 4 I moved schools and it was great but when I went to high school my mental helth dropt and I started to get freaked out by things like cars passing, getting strest out by simple mistakes or tests and always feeling like I have no perpous or everythink is an effort."
147,"I walked into our lounge room to find my husband consoling our 22 year old son who has been arrested for graffiti. My husband did all the talking and said our son feels terrible and is not in a good space mentally. My son also shared that he thinks he may have Borderline Personality Disorder. On top of that, he has been caught using AI at Uni and is meant to have an interview about it tomorrow but will defer that because he is not in the right head space. I didn’t say much because I was letting it all sink in. My husband kept saying “I’ve told XXX we will support him and help him get legal advice” . My son went to his room before I could say anything. I honestly don’t know how I should respond. He has had mental health problems on and off since he was 15. He uses drugs and he has always been difficult to live with. We have another younger son who hates my eldest and they haven’t spoken for 5 years and we haven’t had any family celebrations together because of this. We also can’t leave them alone together in case they blow up so my husband and I have out our lives on hold for them. Their relationship has brought me to breaking point and now the graffiti thing feels like too much for me to cope with. How do I deal with my son - give him unconditional support? At the moment I don’t feel supportive. I feel I have nothing left but want to do the right thing."
148,"Hi! I've been experiencing an intense period of depression that gets worsened by PMDD. Essentially what I'm wondering is if anyone has any tips on stopping the fight between my brain and myself (since it's essentially just... me)? I'm autistic, so I'm very much hyperfocused at the moment on finding answers to try and ""solve"" my depression, but I've already done a lot. I'm on a break from uni, am looking for a new job, and am getting involved in different social activities. But with all of my free time due to the break and no structure, I'm often alone with my thoughts, and get bored to the point of anger. I rely on my closest friends and family, but they're always busy to some extent. I used to be an introvert, and really enjoyed time to myself. Now, it's a burden, and it feels like I can't be alone with my thoughts, or else I'll get upset. I'm extremely restless, tired, and burned out. So, I'm wondering how I can accept what I'm going through, and stop fighting it? It seems like every time I try to accept it, or internalise positive messages, it just goes in one ear and out the other, or makes me more upset."
149,"hey, my name is casper. I was on this form a while ago talking about how im failing classes. I think its happening again, or well, is still happening. im a trans man in an all female catholic school and im in year 10. i have audhd, depression, gad, ocd, anemia, and im sure some others. i like to draw and i like anime, and i want to be a voice actor or a 3d animator. i was attempting to do my art assignment today and i was just so unmotivated to do it, and i realised that i havent been able to do any of my assignments, or study for my exams. yes, i have support, but i feel like i cant get anything down without being confused or just giving up entirely. even if its broken down into simple steps, its still hard to follow. i would do it at home, but i barely get any time to myself in my own home, so i like to cherish my free time. i feel like if i tell my parents, they will simply force me to do all the work in one go (thats what they have done before). not to mention my school situation sucks. on top of being transgender, i also like to openly express my interests in school (pins, keychains, etc) and its very important to me. However, being in a all girls school with teenagers ready to judge you without even talking to you... yeah. it sucks. i'm currently trying to change schools to an alterative school so it can support me better, but its a slow process, and i wont be able to transfer till next year. which means another term of work. i just feel like im being selfish and lazy, and im not sure what else to do. nothing seems to motivate me. if anyone can help, that would mean the world to me. thank you."
150,"I’m seeing a lot of posts on this forum from people who have attempted to taper off their antidepressants only to go through horrible discontinuation syndrome, and/or have to go back on their medication. If you’ve been on an antidepressant for a number of years you can’t just taper off over a couple of weeks or months because your brain has now become dependent on that antidepressant and it needs time to learn to function without it. You should be thinking in terms of years. The vast majority of doctors are not aware of this and will tell you to taper off way too fast. If you go too fast, you are very likely to get discontinuation syndrome which is basically hell on earth. You want to try and avoid that at all costs. It is entirely possible to get off antidepressants and stay off them, and it is well worth doing, but you must do it slowly. I have been antidepressant free for nearly 3 years now and my life is better in so many ways, but it is not a quick or easy journey. If you can go into it realising that, and set yourself up for success with a proper tapering protocol, you’ll have an easier time of it. I wish I’d known these forums existed before I started to taper off my antidepressants. I hope this can help others. Please take care of yourselves"
151,"The Wall I Build Weights are pressing, pulling me down,I am drowning, lost where no light is found.Darkness whispers, it seeps through my skin,Not sadness now—something deeper within. I push the world back, it feels safer this way,A wall of stone shields the night from the day.I tell myself pain won’t reach me again,So I harden my heart, think only of gain. But love in others is salt on my wound,Their laughter feels cruel, their joy ill-tuned.I stand in shadows, brittle and weak,A broken soul the daylight won’t seek.I am tired of pain—always the same. My veins run heavy with, hatred and anger , a venomous thought . I push away love, for safety, for breath,Building strong walls that resemble my death. Yet somewhere inside, a flicker remains,A fragile ember beneath all the chains.Though darkness has worn me, and silence has grown,I dream of a place where I’m not alone."
152,"Hi Guys,Firstly, let me just say, I've been on and off this forum for years and even though I wish we all didn't have to be here...it's nice to know I'm not alone. Talking on here makes me feel like I can relate to people. I was telling a girl at work about the forums and how it's not a 'you'll be fine, give it time' kind of thing. People actually help you.I've been struggling a lot over the last few months. I broke up with my boyfriend who I love and a week later, my Aunty passed away. I am seeing a hypnotherapist who has helped in some ways but I find I have days where I don't want to talk to anyone but at the same time, when I am alone, my brain does not shut up.I was thinking about antidepressants....but I'm hoping for something natural. I've tried St Johns Wort in the past but I don't think it helps me at all.Can anyone recommend anything?Thank you"
153,"(trigger warning for dugs, self harm, and mentions of suicide) I don't really know what to do with my life, or how to function anymore. I haven't cleaned my room in months (you can't even see the floor) and it's getting harder and harder to keep up with assignments. My parents divorced a few years ago and my mum started spiralling and became depressed so I went to live with my dad for a few months. I later found out that she was and (I think) is using some type of drugs to cope (some kind that makes you productive?). Now I live half the time with each parent, and my mum is better I think, but our house still stinks from the mess and... I don't really know what's happening in the other area. My dad is OK but very distant and strict. A couple months ago his girlfriend moved in with us and brought her 3 kids, so the house is very cramped with 7 of us (I also have a little sister). My stepsister and younger stepbrother are nice, and I'm particularly close with the girl, but my older stepbrother is a bit, well I don't really know how to put this but a bad person, he has ADHD and I get that's a struggle, but I am autistic and (I think) I'm still a nice person. Our parents (dad+step-mum) started rationing food and he always takes food out of everyone else's boxes, so now we don't have enough to eat lunch at school. And he will have these outbursts in which he threatens to kill everyone, honestly his mum coddles him and he has way less chores and more allowance than the rest of us, but that is what it is. About a year ago I turned to self harm to deal with it all, well actually that's a lie, I don't really know why I do it, but I guess I'm just addicted now, I don't actually want to stop and I think that's what scares me, the only person I can really talk to is my stepsister because I know she wouldn't tell anyone. I've been really depressed lately and just don't have the energy to do anything. I have tried to KMS a couple times when I was younger (we don't talk about year 3) but there's no way I would do something like that again. I'm lacking motivation for school, which really sucks cause I pride myself on my grades. This is mainly just a rant, but if you have any advice on how to have energy I'm all ears!"
154,"42 year old Male in a relationship rut? Partner of 12 years is present and says she is happy in relationship. But her actions speak differently. Her Physical intimacy - gone. No signs of spark or desireHer desire of (general 1v1 time) are goneI often feel with everything (kids, work, homelife) I am last place in her eyes I feel like I give my all Physically and emotionally within the relationship. But no matter how many times I raise my issues (namely the above) I feel like they are ignored Life can be difficult, and issues exhasibated with everything life throws (and 2 x teenage kids) i get that. But am I being naive and is this 'house mate' feeling I've had now for a few years. Really the writing on the walls that I've been trying so hard to push past?"
155,"i dont know. maybe i just want to have someone i can talk to. i dont have anyone in my life i can confide in. i keep going in circles and end up here again. i cant seem to relax or destress and it just builds up. i dont feel rested or energised. im losing more and more control over my emotions. all i can do is bottle how i feel up. i dont have any way to deal with my emotions healthily and it just comes out as anger. i journal and write how i feel in an exercise book but its gotten to the point where writing down how i feel makes me feel frustrated and angry and annoyed and i end up tearing the page with the pen im using. i dont like how it feels to lose control. i stopped going for walks, everything outside feels hostile. cars always zooming by, the path is always crooked and uneven branches keep hanging in my face and people dont smile back. i havent been doing mindfulness and meditation. i cant detach from my thoughts. my thoughts dont want to leave my head. ive been trying to listen to relaxing stories to fall asleep but they dont work. i need to find something that works for me but nothing works. im an idiot that knows i need to improve my health but nothing sticks. stopped going to the gym because i could do the 40 minute walk on a good day but not on a bad one and the bad days keep on happening. ive started cooking my own food but im eating less and less because i cant find space to cook undisturbed. cant do anything without hearing someone complain"
156,"Hi all, Things that used to bring me comfort dont seem to be working anymore. My job can be emotionally stressful, and lately ive been facing many big emotions such as grief, doubt, fear and more doubt. In times like this I reach for comfort. I am low on ideas though. So I would love to hear what others do when feeling these things and wanting to cope and learn from these emotions and experiences rather than push it all away. My usual is candles or hugs or cups of tea but as I said its just not really working anymore"
157,"OK, I had enough! (no I'm not suicidal). But I'm tired of being dismissed or overlooked. I'm not sure why this happens but it is killing me.I seem to not belong anywhere or any group. I can have hours of good conversations with people, but eventually I seem to fade away. Specially in groups. It not seem to matter how much effort I put in it, I eventually just become a white noise in the background. People seem to hit very well so often and so easily in the first time they have a conversation. But not me. In groups - whether it is at work or team mates form sports, or even close friends - I always end up by myself somehow. It may start great but somehow it just ends.I'm always trying to do the best to everyone, and I'm always the one who does a lot - but I do quietly - and people simply don't see it. If I'm not there doing, things would go astray in so many ways, but the other dude who does much lesser gets all credits because people note them, but not me.One thing that was always against me is that I get bored of most people. I find most people get talking about the same ordinary things and telling the same old jokes. I simply can't interact like this for too long.I'm confused of how my mind is now, after facing so much disappointment, frustration and this feeling of not belonging. I think what I'm asking him help on how to deal with that. More specifically, how to continue having motivation to perform at works, compete in teams, spending time with friends - or cultivating friends, if all I get is distance, being ignored, overlooked, undervalued etc. In the end, I keep feeling the pressure of having to overperformance on everything to be at least accepted."
158,"i feel depressed but i don’t know if i am, i haven’t felt the same and im always sad, sometimes im happy but someone says something wrong to me and im back to being sad, i dont know what’s wrong with me and i was wondering i could be diagnosed with a mental health issue"
159,"I won't be able to go completely in depth because it would take a long time, but I use to hang out with some people I went to college with, but we weren't close, they did invite me to their parties though. After a few years, I sort of outgrew the friendships (I thought they were still nice though) so I started distancing myself and stopped joining their parties. One day, one of the girls in the group asked me if I wanted to join her and her guy friend for a meal which I did. A day or two later, she invited me and some other people in a group chat if we wanted to see a movie and I told her that I was busy. She then sent me a message letting me know that she was there for me, but as far as our friendship went, she was taking a step back because she knew that I wanted space, which was kind of her, but I didn't know what she meant and thought that she thought that I was annoyed at her. I didn't want her to think that so I told her that I was just going through a hard time and maybe we could catch up sometime. I caught up with her and her guy friend a few times and I think this may have even gone on for about a year, but I can't remember. I was confused because part of me thought that maybe I should stay friends with them because I liked them and they were really nice, but another part of me felt we would probably be more compatible as acquaintances because I didn't feel like I could completely be myself with them, but it still would be nice to talk to them sometimes. I was worried about distancing myself again or just letting them know that I would like to be acquaintances instead because I thought it would hurt their feelings. I remembered my sister's telling me that it's okay to delete people on Facebook, so I did because I just panicked. 3-6 months later, I got a message from both of them asking me why I deleted them. I responded to the girl letting her know that I just didn't really feel a connection (I didn't know what connection meant back then) and she responded very upset, saying things like have fun. I didn't know she was saying that because she felt hurt so I was wondering why she was telling me to f off and so I was really annoyed and said wow, I don't have to be friends with you, I didn't do anything wrong. She said she didn't know what she did either and I was thinking I never said you did anything wrong, I just grew out of the friendship? She later sent me another message saying, ""thanks for using me"" and blocked me again. It gets worse..."
160,"Hi, i am Male 42 and i have accomplished nothing in my life. I am lonely, i feel so empty. I do battle every day trying to understand why i was born into the world, i have no purpose or meaning in my life. I didn't do well at school, i had difficulty keeping jobs. I always thought that i was just unlucky that i wasn't smart, intelligent or skilled at anything. I never married or had children, i was hopeless at absolutely everything and i gave up so easily when things got to hard. I was always weak. I used to drive a car and 1 day i just stopped, years past and i lost a lot of confidence as a result of it. I have a lot of fears that greatly effect daily life. I've lost feeling, i have no motivation or get up and go. I hate my life, i hate who i am and what i became. I am not suicidal, i would never hurt myself but i do constantly wish for something bad to happen to me, a health condition that would end me quickly. No suffering, just instant because i have nothing in my life, nothing at all. I feel like i am in a deep, dark hole and i am trapped and there is no way out of it. Everyday is the same, i wake up every morning and look at myself in the mirror and i hate what i see. I wasn't meant for this world, i sort of knew early in my life that i was never going to amount to anything. I was addicted to video games in my youth and it destroyed me in a lot of ways, i only wish i had seen it sooner but the damage was done. I wasted so much of my life and i am paying the price for it now. If only we could turn back time, i never would have touched games knowing what they were going to do to me."
161,"I'm not sure where to start here. I've never been a fantastic sleeper - I feel that subconsiously, stress contributes to this. Around 3 weeks ago I started to get a bout of insomnia - struggling to get to sleep, stay asleep, and then stressing during the day about going to sleep at night. The last week or so, this seems to have developed into a period of depression - where I feel like I can tear up easily, and everything is an effort. I have a wonderfully supportive wife, 2 great adult aged kids (still at home), work for myself and am financially secure - so don't have anything to worry about. I don't feel like the insomnia really worries me, but worry (there's that word again) that this is contributing to my mental wellbeing. I am reluctant to talk to my GP about it, and don't feel like speaking to a professional will help (I personally don't believe in things like mindfulness etc.)Has anybody experienced this before, and found any techniques that help through self-help? Has getting back into a regular sleep pattern, relieved the depression? Having suffered from a brief period of depression around 7 or 8 years ago, that was related to employment, I recognise the symptoms, but aren't sure what to do about it."
162,"Hi Everyone, I'm the partner of my girlfriend of 6 years (who is also my best friend) who has been diagnosed with treament-resistant major depression. We recently moved out of home together, thinking we were both able to support a life together, after having endured living apart and with difficult family home situations for 4+ years of our relationship. Unfortunately not long after moving out my partner started suffering what she says is the worst mental health downswing she's had in her adult life. She's mentioned having some before as a teenager, but this time has been so long (been majorly depressed for more than 2 years) and more difficult than ever.She had a decent chunk of savings (over 15k) before getting unwell, but almost all of this has gone toward medical expenses and rent/unpaid leave at her work which she now works at remote 2 days a week. I've really struggled watching her suffer, and feeling her push me away over these two years. During this time she's almost succeeded in ending her life twice, with also having a severe medical reaction to one of her depression medications which was also life threatening. I can't imagine how hard it's been on her. I've been feeling anxiety and hypervigilance as to me it feels like my decisions have saved her life multiple times and it's too much pressure for my conscience to bear that if something had gone even a little differently and I hadn't been hypervigilant she might be dead now. I've also been working and studying at the same time, with 50-60hr a week commitment to hopefully improve our lives. During this period I've just been feeling more and more burnt out in every sense trying to force our lives to function. Some of this was from difficult work, and also in trying to do house tasks, but most of this has shown up in me as deep emotional fatigue, trying to empathise and support her while struggling through my own immense workload. And feeling like I have no real support for this that makes a difference (even though I've started seeing a psychologist and have family for emotional support). I suppose the question I want to ask to everyone is, now that my partner has drained her emergency funds, how on earth is she supposed to look after herself, and how should I be looking after her to also protect my own/our financial futures. The amount of psychologist, dental (oh god the dental costs we can't afford), and psychiatrist bills on top of all the other mounting issues with affording general adult life seem impossible to overcome. With it being a treatment resistant (she's tried over 5 ADs at this point some of which were in an inpatient stay) there doesn't seem to be any hope on the horizon. I don't know how we're supposed to manage, especially at the start of our adult lives.So much of the time I feel like giving up, I can't imagine how she feels being the one to experience these issues in her own body and mind. I feel like I am captor to someone that doesn't want to be here (alive) or to try anymore. I've gone through so many waves of grief at her mortality and attitude toward life, it's a getting harder to still stand and try to push forward, this being even harder now that her financial resources have dwindled.I could probably fund everything she needs for her care, but she's also made clear she doesn't want to place that burden on me. I also don't know (I know this is unjustified and I feel like a horrible human being writing it) that if it came to me doing this for all her expenses, that I wouldn't resent her for the opportunity cost of our lives and financial futures. I don't want to break up with her as I care about her immensely and she would realistically have nobody to turn to. Such a large part of me is absolutely shattered that these are the decisions we've come to with all of our life potential - that we are forced indefinitely to pay into a system that admits so far it cannot help her (treatment resistant) and that I am somehow supposed to sacrifice so much of my/our financial futures for something that feels like a hopeless battle. I don't know what to do, writing this is in some ways a last resort. How are we expected to upfront these costs and live through these difficulties.I feel like it's just a waiting game before we have nothing left to return to and we both have no choice but to give up. Treatment resistant depression is horrible."
163,I am suffering feel very unmotivated No joy feel lonely no connection anywhere I do have a daughter grandkids But I don't want to burden her
164,"I am a married mum of two and I am just feeling so flat. Really stuck in a rut and am not finding happiness in anything at the moment. On paper everything is perfect two great kids, a supportive husband a great life. But nothing is making me happy. I’m angry all the time, I’m not motivated to do anything. I just sit on my phone or watch tv. I don’t feel an attraction to my husband anymore which is putting a strain on our relationship even though he is understanding and wants to help me I can tell it’s affecting him. I want to be the best mum and wife and I just feel like I’m drowning. How do you get out of the rut?"
165,"I've turned 22 as of the 5th of August.... And just by going by my last few posts things still are not going well for me.. I haven't been able to celebrate with the people I've wished to have... And to be honest I haven't seen that many people for a couple of months now.. not in my community, people I know or for the people who'd bother to come look for me... I just want one year before I go out... where I feel truly loved, accepted and cared for all that I am.. but people have always just seen me for my surface.. no matter how much I open up for them.... I'm trans and I've been for as long as I can remember.. I've been trying for some time now.. and the only reason why I'm making my first steps is if I don't do it now.... I feel I won't be alive long enough to see this even if it's just to myself.. I'm scared that I won't have anyone to support me in all of this........."
166,"I have been diagnosed with bipolar effective disorder/schizoeffective disorder bipolar type. I take my medicine daily without fail. I know I’m not experiencing psychosis. I’ve been on and off depressed for the last maybe 18 months or so. I’m not sure if there’s an actual problem or not or if it’s just typical bipolar. I have no strong friends or family that I can rely on. I have family and friends but not the strongest ties. I have no real career trajectory and no real way of getting a car and license. I’m here for my cats, I don’t know what I’d do without them. I can be fine one minute and not the next. I don’t know what to do or if this is just my life now. I have a plan but no intention on acting on it. I tell everyone I’m fine but never really how I truly feel. What should I do? mindfulness and all that isn’t going to help, distractions can help but they don’t change the fact I have no friends and no career trajectory."
167,Im getting my tubes tied and I dont want to. My boyfriend doesent want kids anymore and wants me to be pain free from my PCOS and said I need to go ahead and my my insides fixed. Meanwhile I know I want a kid but I love him so im now killing a part of my life to give him what he wants and make him happy. I love him and seems im willing to end my future in a big way. Does he care no his playing fortnite with his headphones on. Yet ill kill this part of me for him
168,"This is hard for me to talk about I’ve never posted anything like this before. I believe I’m not a bad person I’ve never hurt anybody purposely. It would seem I make a lot of poor decisions and say bad things in the midst of an arguments these things my wife reminds me of regularly, the biggest is my mother lives with us in a separate granny flat due to my father cheating on her and she had nobody this sometimes puts a strain on things. I feel like my wife would be better off without me, I’m seriously considering running away and never coming back, she will be upset by this but she will get over it and eventually move on into a happier life I want what’s best for her I believe I owe it to her she is a good person. This may seem a little radical but I think it’s best for her."
169,"Hello, I am currently working in as a fixed term contract employee (i took the job for a personal reason, when it served me well), but was never happy nor enjoy the work. I feel guilty getting paid, when deep down I know I am not putting my best effort to fulfill my duties. I am very anxious about telling my manager that I want to end the contract, but keep on getting dragged to the same situation and the anxiety goes away for some time and then creeps back again and again , and I am under chronic stress because of this. Anyone experineced a simillar situation in life?"
170,"How does one deal with the guilt of wanting more from life but restricted due to being a carer? For context, both teenage children have recently been diagnosed with autism and adhd. Husband of 20 years disabled from a fall about 5 years ago, as well as recently diagnosed with autism and adhd. I am carer for all of them. I am the kid’s ‘safe’ person, they want me to take them to all the appointments etc, they come to me with their troubles. Husband doesn’t have much of a relationship with them. He can’t connect with on their level and ends up lashing out at them for having different beliefs and values as him. Husband was a tradie, the main breadwinner, the man of the house, the protector. He slipped in a shopping centre one day. His injuries meant he could no longer work as a tradie. His health has declined to the point that he can no longer work in any capacity, gets around with a walking stick, in constant pain, always medicated on strong pain killers, low mood. As a result of the constant arguing between him and the kids, him lashing out from the pain and being frustrated not being able to contribute anything, our marriage is suffering. All relationships are suffering. I work full time. I want to drop back my hours to enable me to look after everybody, take them to appointments etc but as I am now the breadwinner, and Centrelink say I earn too much, we are living off my wage, so I can’t drop back my hours. They don’t take into account how much specialist appointments or medicines cost. The kids are having issues with schooling. I’d love to home school them. I’d also love to study, but this costs $ and requires time off work. I had dreams of travel (I’m 40). My dream holiday of bushwalks with the husband has gone, he can barely walk. I feel so ripped off that my life is gone because of them but then I feel guilty because they cannot help having their disabilities, and it’s my responsibility to care for them. I’m tired of sacrificing everything for no thanks, I want to run away but then the guilt comes back. How do I get over this guilt?"
171,"I recently found out that staring a lot/not blinking much can be a sign of anti-social personality disorder and I've heard a few people say that I stare at people. I don't think this is the only reason why I might have this disorder especially since my Auntie who is really sweet use to stare a lot and get distracted when talking to people easily (her mental health wasn't good), but also because I also recently read that a lot of the things I use to do could be considered anti-social such as often playing victim and snitching and dobbing on people (which I feel really bad about now). I didn't realize that doing those things were as bad as they are. The reason why I say I think I might have a semi-serious problem instead of a serious problem is because I use to think that anti-social people did extremely bad things such as going around unaliving innocent people all the time and really insane things like that. I would never try to unalive someone so I know my problem isn't as extreme as it could be. But I am still worried about it. I try to be a good person and do the right thing. I don't know how to get help with this particular thing plus, a lot of people who specialize in this field seem to talk really meanly about people with this problem instead of focusing on ways to help them that are honest but not mean. My current psychologist has helped me a lot with my vulnerable narcissism problem, and she doesn't even know that I have it (she says that I seem really lovely), but I don't know how to get help with possible ASD as well? Are narcissism and ASD sort of similar? While I am worried that I might have this problem, I am glad that it is not as bad as it could be because I know that I have some empathy at least and I don't want to physically harm anyone, especially people who haven't even done anything to me. I also definitely can experience genuine happiness, in fact, I often experience it and very easily (even if I just see a nice plant or animal or remember something nice or funny that happened, it makes me happy) and I've heard that some people with ASD don't experience happiness like that?"
172,"August is coming up which means I'm going to be 22 soon.... And despite all that has come to past I've been coming back to celebrating alone... Again.. I know my message and story wouldn't reach the people I'd just wished I've gotten to share with... But I've really been at a braking point on just feeling this hopeless in being the person I want to be... I know by the end of this I won't have the people who'd just stayed back for me.. but I can die smiling in understanding that all the love, compassion and acceptance I showed for the people I cared for.. has still led me to having to feel like this on my own....."
173,"Hi everyone! I've googled and googled, but all the info I find is about 'brain zaps when coming off medication'.I'm experiencing this while commencing the med. Wondering if anyone else has experienced the brain zaps while first starting out and if so, how long did it last please? (days? weeks?).... Thanks kindly"
174,"Hi everyone, I am just new to the anonymous forum but I just wanted to get some advice from some strangers with a more objective point of view and vent a little. I am a high school student that is struggling with feelings of depression that more often comes than goes. I hate my high school and have practically no friends. I have tried sitting with so many different people but none of them seem that interested in being friends with me and I don't particularly click with any of them and I feel constantly lonely. I don't really have anyone to talk to about how I am feeling, which often makes me feel even more empty and depressed. I have been excluded from formal tables that I thought I would be able to sit at and have lots of assignments due as well as lots of exams coming up soon that I am dreading. Although I already have early entry into a uni, I just really do not have the motivation to study, so everything combined with exams I just don't want to do is horrible. I find myself thinking nothing is enjoyable anymore, and even when I go to go home from school, I find it quite pointless because nothing interests me or makes me feel relieved from leaving school (I used to like wasting time on youtube but now that doesn't even seem appealing anymore so nothing is), and I feel like I have no friends to talk to. I have a therapist and have medication but am unsure if this clearly is even helping. I have a fairly chill/ok job that often takes up some of my weekends and has a longer drive that takes a little while, and I feel obligated to be busy all the time to be successful I guess and the rest of my family is busy as well. I have now been offered a new job a bit closer to home. I am not sure what to do with this either, and I am going for an interview soon but unsure whether I am bothered to even work at a new job anymore, since everything already feels a bit overwhelming, but maybe if I take only one shift a week? (the job situation is simplified I have no characters left). This all seems insignificant, a bit like I shouldn't really be having problems and not feeling ok but honestly everything is really draining and I don't know what to do. Does anyone have any suggestions or advice on what to do?"
175,"Hi everyone, new to posting here still but I wanted to reach back out again. I am so stuck and unsure of my life right now. I've always had depression and bad anxiety throughout my life (I'm 27 now) but at the moment it's really affecting me the most. I'm in so much pain and unhappiness. I feel sick most of the time, unable to keep food down or feel hungry. I'm throwing up after eating half a meal and can't stomach anything else. I have this constant pain in my chest and nausea in my stomach.I get terrible sleep and can barely keep energy. I've also recently started feeling unhappy in my 7 year relationship. It feels like things have shifted and we arent connected anymore. I'm constantly thinking about where I stand and how my partner feels about me, that he will leave. My needs feel no longer met. We've talked about this and he has assured me it's not how he feels, that everything seems fine as always. I don't feel this in my gut though. I don't know if this is throwing me further into a spiral or if I am just freaking out for nothing. I have no energy and feel so sick that I've been calling out of work because I just don't have the energy or wellbeing to be there and do my job properly. I've started going to a psychologist and am looking forward to that assistance but I just can't beat this excruciating pain I feel all the time. How can I work past it and feel some comfort again? I don't know where to start or what I can do. I just don't want to keep feeling a painful feeling in my chest anymore. I wish I could turn a switch off in my head and it make me feel no more pain. I'm trying so many grounding techniques (walking, deep breaths, sitting in the pain, etc) but nothing helps. Any help?"
176,"Does anyone else's mental health take a nosedive whenever they get physically ill? I'm asking as I'm currently stuck in bed with what I'm pretty sure is a bad flu, and it's caused my depression to really hit a low point. Obviously it's not the only factor- I'd been feeling emotionally down for a couple of weeks for a variety of reasons, however the last couple of days things have gotten much worse. Usually I'd try to fight it off by staying physically active and spending time around other people, however neither of those are really an option right now for obvious reasons. I also think that part of it is due to general hangups I have around my health. Obviously it's not my fault, these things happen. However I still find myself beating myself up over it, as if catching a common disease is somehow a moral judgement of my personhood. Does anyone else feel the same way, and have any advice to cope with it?"
177,"I am very worried about our 24 yr old son. He lives with us as he just works 5mins down the road. We live in a rural area with basically no other men his age..town is 25mins away again with limited social opportunities. He has no friends just work acquaintances and his 3 siblings and all other family members are at least 3hrs away. Since covid lockdown he goes out only very occasionally..in last 10 months he has lost a lot of weight he is extremely skinny..he struggles to communicate and never smiles like he used to. He goes to the gym 3 times a week. I am not sure how to suggest to him that he might have depression and may need to talk with someone, and as he is basically otherwise healthy he has not been to a doctor in over 6 years and out here no doctors are taking on new patients.. just want to see him happy again but it is almost like he tries hard not to be. I am nearly certain he is not on any drugs and we are a Christian family...any suggestions would be helpful"
178,"Hi all, I'm 20 years old and ever since I was a child I've struggled with a lack of motivation, and depressive thoughts. I'm not diagnosed with depression though I am diagnosed with generalised anxiety and PTSD. Plus I was told I shown symptoms of a personality disorder. I recently booked a doctors appointment in hopes that I'll be able to get a referral to a psychiatrist. I saw a psychologist in the past who helped me find ways to manage these feelings, though it feels like nothing I do helps me in the end. I know the methods in which to soothe myself but I can never apply them properly. And if I do, it only temporarily helps me. I'm at a war with my own brain, and I don't know how to stop it. I've never properly seen a psychiatrist, the only time being when I was admitted to hospital. I'd love a job to help get me out of the house, to earn some money and start building my future but my track record shows that i've left all of my jobs in the past for mental health reasons. I also need a job to even be able to afford seeing a psychiatrist which is another whole problem - I'd ask my mum for money, but we already are struggling for money at home.Everyone tells me they admire that I'm taking my time to heal but I DESPISE It. I don't feel like i'm healing and I want to do things that everyone else is doing I just cant. Something feels very lost inside of me.I know by even taking the step to make an appointment is admirable! But what happens when this sudden burst of care for myself and general motivation goes away again. It always has and then I fall back in to bad habits again. It's a really draining cycle of trying to get help, failing and falling back through the cracks."
179,"Guilt and/or a sense of not doing what I should have done has consumed my conscience for a few years now. I haven’t been present in life since that feeling showed up, it’s difficult to feel good and confident and engage in life when you feel responsible for bad things happening. I wish I had been more privy to what that guilt feeling was trying to tell me. I can put some blame on a lack of awareness but I still feel the guilt so I must’ve known I was doing something wrong, I did something against my code and I feel bad for it, I feel bad about the consequences. I wish I had acted on the guilt feeling instead of trying to sidestep it. I can’t change what has happened but maybe I can balance things out in another way. I guess that’s the only option I have."
180,I've been feeling like this for the better of 4-3 years now... growing up I really struggled in makeing a lot of long lasting friendships with my peers because of how different I was even then.. I tried to change into more like everyone so I can just feel accepted.... But now I'm just alone in everything I have to feel.
181,"I feel like everything about me changes day to day. My appearance changes so sometimes I like the way I look and other days I look bad and this can even change throughout the day and it's not even just me who thinks this because people from school also say my appearance changes a lot and they critique the way I look and say things like ""She looks a bit better than she did a few years ago, but not by much."" I have something wrong with my voice, so my voice changes a lot (I think it's the tone that changes). I feel like a lot of the time, at home, I probably sound like Daria because I don't get along with my parents, but when I moved out by myself for a few months a couple of years ago, I was able to sound the way I wanted to sound most of the time without being too quiet. I feel best when my voice sounds gentle and ""feminine""/girly rather than sounding weird. I also get compliments for my voice when it sounds the way I want it to sound whereas I feel like people think I sound strange when my voice sounds... strange? I don't know why my voice sounded better when I moved out from my parents' house temporarily, but maybe I felt better? Apparently even my personality changes? People from school say they think I have some type of DID. +Sometimes I have self-awareness and other times I don't. Also, sometimes I am straight, and other times I'm bisexual/biromantic/curious. Up until I was about 23 I think, I was predominantly straight. I sometimes thought about other women when I would ""you know what"", but I had no attraction to them in real life. I would walk past them without any attraction at all. I thought they were cool and all, but yeah, no attraction until one day, I felt bad about it (even though there's nothing wrong with it, it's just ""you know what"") so I tried to feel romantically attracted to women and then it got a bit weird because I started feeling romantically attracted to tons of people and I had to try to calm the farm a bit. For the most part now, I've gone back to feeling predominantly straight, but I still have moments where I feel romantically attracted to some other women (just a few this time though). I still don't want to have sex with them though even though I still ""you know what"", but I don't want to do that sort of thing in real life? Sometimes I wonder what it would be like to kiss another woman. I don't know if I would like it or it would just feel, okay? But yeah, everything changes about me a lot and it can be very stressful."
182,So I’ve been seeing this girl for a few weeks now that I'm really into and things are going well. The issues are that she has a 5 year old daughter and also does topless waitressing on the weekends. I’m really not sure what I should do cause she’s really into me as well. Whenever she cancels plans or prioritises her other job it gets me into a really depressed mood. I’m really not sure what I should do because if it doesn’t work out I’m not sure how I’m going to handle it. I have lots of family stuff going on as well which doesn’t help.
183,Hi In so much distress. Specialist said I am in the midst of severe depression. I have never felt so low. This morning I couldn't get out of bed. Please tell me relief is coming soon. I am on double dose of medications now. I have lost interest in everything. Eating is hard. Its so hard to maintain healthy routine right now. How does one cultivate hope when The low feelings are quite intense.
184,"I decided to write here mainly to rant and to hopefully get advise on what to do I started university in 2023 to study social work unsure if it was really right for me as I was always terrible at writing assignments and academia was never much of a passion, though I always wanted to help people so I thought this was a good pathway to follow, I also chose criminology as I have an interest in this field. now I’m 2 and a half years into my 5 year dual degree and I’m just starting classes again this week. Every new semester I feel dread. Like the passion is being sucked away from me through long assignments, long commutes, decent but not outstanding grades, and overall the high and mighty people I study alongside. Not to mention the soon to start placement which I am dreading due to imposter syndrome. Now that I am so far along my degrees I feel trapped behind a mountain of Hex debt in a field I’ve lost all my passion for, wishing I had just done a trade instead. The advice I always hear is have a good self-care regiment, but I exercise, have a social life, I work, my life is good apart from University. People tell me I should take a semester off but that will just leave me further behind and won’t remove the overall issue. I talk to my partner about my issues but it stresses me out even more when confronting them. Like it makes me realise the weight of this burden. Dropping out isn’t an option as I do want to finish, partly because I’m so deep in the hole of debt but because deep down I know this is what I want to do, but the structure of university is just so difficult and stressful. Even writing this now all I can think about is how long the assignments are, how painful placement will be. And how after uni I may not even use my degree in my field of work. I’m half way done and feeling unaccomplished with my life, as I feel life revolves around university even when it’s the first week of holidays. I feel like I’m missing out on life even though I know I’m not. I don’t know what the best course of action is even though I do for most other aspects of my life. Watching other people graduating in just a semester makes me feel even more trapped and I don’t want to watch people start their careers while I’m just starting unpaid placement. But I also think my issues are caused by the social construct of live to work and not work to live. I just want to be free from having to work until I’m too old to work anymore just to be too tired to live. I want to be young I want to explore the world I want to enjoy the company of my friends. I’m just sick of the pressure that uni has placed on me in what is supposed to be the prime of my life. To clarify how I feel. I genuinely enjoy working as it gives me a sense of purpose, I love my life and the people who surround me. But when I have to get in my computer and write 3000 words about a fake person I feel like I’m wasting the prime years of my life. Like I’m not helping anyone or anything. These assignments, these lecture and tutorials they feel empty, like I can just get all this information online, which is literally 95% of how I get the information I need for these assignments. I feel university is just a waste of thousands of dollar and years of my life, just to be told I know how to google sources for information I know through common sense. I’m sorry for such a long rant but I just can’t keep these feelings to myself anymore and typing them out it so much easier and more thorough for me to express than actually speaking without tearing up. So if anyone has advice as to how I can bring back some joy into my university life. I would really appreciate it. Thank you for reading"
185,"I am a couple of months off turning the big 5-0 and I was actually looking forward to it! But over the past few weeks, life has taken a turn to Craptown!In January, i was fired from my job after 10 years of loyal service. Its a rather long story, which i won't get into, but basically, I was bullied for a long period of time (more than 5 years) by team leaders. This caused extreme depression and anxiety which affected my ability to do the job to the standards expected. Every person in power ignored my pleas for help. I guess I became too much to handle, so they fired me. I have applied for so many jobs since January. I either get no responses, or i am told ""we've decided to go with someone more experienced""... These are customer service roles which i have done for 30 years! How much experience do you need?!! I did have a 2nd interview with a company that was very promising, but it was a group interview. I suffer severe social anxiety, so did not interact in the group as much as they liked, so i missed out on the job. I am now in the position where I have no income and cannot pay rent, or bills or even food! My housemate come home today and told me she will be moving out this week. SO, my only option is to move back home to mum. Moving is also a worry. Without an income, I am unable to move my furniture out of here. Nor do i have anywhere to store a whole house of furniture.On top of that, my parents are both fighting illness, family members are struggling with mental health issues of their own and I am trying to be there to help them all. I do not have any friends - they all got married and had kids and we lost contact. I have never felt lonely. I enjoy being on my own. i have family who are there when I need someone. But now, I feel alone. I feel like life is just getting harder. I am embarrassed at having to crawl home at my age... I am sad. i am disappointed in my housemate for dropping the bomb on me today. Although, i don't blame her. She's a single mum and needs to do what's right for her child. I want to cry. I want to scream. My feelings are everywhere and i don't know what to do. I am so tired. Emotionally and mentally.I am trying to remain positive, but the more ""thanks but no thanks"" job rejections i get, the more anxious and depressed i get. I thought 2025 and turning 50 would be the best year of my life. How wrong was I?!IT will get better, right? Sorry for such a long post!"
186,"HiHow are you? Sorry for coming here again.I need to talk, I was going okay this morning.I should be happy, as I got a job & getting paid, but my job, the management doesn't really do anything. We've had no good changes, just staff movements.It's because of money, we don't have the money to do stuff. I don't know how other places do it.Getting angry, & have admitted it, which is good. And the type of people they are, they're not proactive people, so they're never going to do it.But my brain still doesn't get that & I get upset.I wish I was like the other staff there & who don't give a s*** & just want to be paid.I don't even have proof that our management is abit hopeless, just my gut feeling. It doesn't help, that they act nice, so it makes me feel worse, they're unproductive, but they're nice. Having a cry. Am looking for another job, hopefully somewhere where they give a s*** & actually want to work & do some progress & change & evolution"
187,"I'm in my mid-20s now and I feel like for years now I've been stuck in the same spot with zero progression made, and in a lot of ways I've even regressed.For a multitude of reasons I have been very reluctant to go out of the house or do anything, most of my days (99.9% of them) consist of me waking up, getting on my computer, watching YouTube videos and playing games all day to keep my mind off of things, and then I go to bed. Maybe a few times a month I will get outside of the house to see a friend who lives down the road or to go to the shops, but I always find myself being super stressed when doing so and would much rather just be at home. And I feel stuck, because I obviously need professional help, and was recently seeing a Psychiatrist, but I simply cannot afford to see them as things are right now. It's something like $300 for a 1 hour visit where it feels like I make barely any progress done, and my only source of income is Centerlink Jobseeker as I obviously can't work if I can't even get myself out of the house, so seeing a Psychiatrist instantly uses up all the money I have after paying for my portion of rent. So I'm in what feels like a never ending cycle of needing money to get the help I need, but not having that money because I need help to even be able to work in the first place.And Centerlink is zero help either, as I've tried to get a disability claim approved by them for over half a decade now with no success, because apparently *all* of the shit going on for me still doesn't qualify as being disabled! Woohoo! It's like the government is telling me to just ""suck it up and get on with it"" like I have no issues at all. I'm just stuck. I don't know what to do. I don't have the money to get myself help, and I can't get money without first getting myself help... so what the hell am I meant to do? It's an oxymoron. I'm lost."
188,"Hi there, I struggle with loneliness along side or because of my major depressive disorder. I am talking about emotional lonliness, not being able to connect with people and be open. I feel that this stunts any progress because keeping up appearances and trying to please everyone by not ‘complaining’ leads to resentment. I use music to feel a connection but I miss being connected to another human being. Those who I was closest to are now dead. Can anyone relate to this?"
189,I really can’t breathe ..well not without a knot in my stomach! I don’t even get a break even when I sleep I’m drained.i have to put a sile on just for work and it’s like I’m wasting energy on my mouth muscles! I don’t talk to anyone I did once and all these memories started coming back ! The worst thing is I don’t believe anything is real ..so why I’m I writing this ..no one can help me I won’t believe they are real !
190,"Hey internet humans. I've never used forums before, or anything like them, I'm a little nervous and unsure where to start. I think I'm looking for advice and/or personal stories of hope.I've been dealing with depression in one form or another since I was a kid, for well over 20 years. I additionally found out that I have borderline personality disorder a couple of years ago, which put a lot of my teens into perspective. It's been a hard ride, particularly with romantic relationships. I find this particularly so because I think by nature I'm a really optimistic and hopeful person and I genuinely feel like I have so much to be grateful for. My experience of depression conflicts with who I feel I am. It's as though my emotions sit in total contrast from the way that I think.I've been on SSRIs for eight years and tried to come off them several times because I feel like there are parts of myself I don't have access to when I'm on them. I lost an immediate family member to suicide and I feel like I haven't even been able to grieve properly. At the moment my external circumstances are really solid- my girlfriend is the most incredibly supportive, kind human that I've ever met, and we have such a healthy relationship in every way. We've just gotten engaged and I feel so unbelievably happy for that. I felt like now was the right time to come off medication, because I have never felt more safe, and I feel that if I don't come off meds now then I never will. I've been working on my self-care strategies for a long time now, and I think I'm more capable and tuned into myself than I've ever been too.It's been three weeks, and I'm a mess. I knew withdrawing would be hard, hopefully harder than it would be when my body has settled. But the bad days are brutal, and I feel like I'm numb to the wonderful parts of my life, and can't feel anything properly except sadness. I don't feel as excited about my relationship with my partner, I find it hard to connect with her, and I'm in a state of frequent anxiety about every little thing, constantly worrying that something has changed between us, when the rational part of my brain knows that the thing that has changed is my brain. I feel helpless and hopeless. I feel like I don't get to be myself with meds, and I feel like without them I return to being a shell of a human that I remember being in the past. Has anyone got success stories of coming off medication and ways that they've managed to do without?"
191,"I'm living at my dads house with him and his wife, not my mum who passed away in 95. Anyway stepmother is real piece of work and we DO NOT get along, we are oil and water. I have epilepsy and clinical depression, take something like 12-13 meds daily, 3 of which are antidepressants and my room is always an absolute pigsty as I never feel like cleaning and my dad keeps telling me to clean up which tbh just makes me least inclined to do anything. He thinks it's just laziness Am I lazy?, is it the depression? Or does my dad not understand how depression effects people? Please help"
192,"Hey everyone,I’m currently backpacking in south east Asia with my friend but am really struggling with my mental health. I’ve been so excited for this trip for a long time but have been struggling with depression and loneliness for some time. I started seeing someone about it recently and I still feel like I’ve got a long way to go. It’s hard because I don’t feel like I can talk about it with my friend and we are doing all these amazing things and seeing these amazing places but most of the time I just feel sad. Sometimes I am able to get past it and really enjoy the moment, and have had some genuinely great times and memories so far. Though still at the end of the day and in the quiet moments when I’m not distracted or the moment doesn’t feel special enough I am incredibly sad and feel lonely even when surrounded by my friend and all these great people we are meeting. I think it’s extra hard tonight because I’ve gotten food poisoning and have to stay in a hotel by myself tonight instead of the hostel with my friend and all my loved ones at home are asleep. I was wondering if anyone has any advice for me and I hope to feel better about it by getting the words out."
193,"Hi, I'm new to beyond blue forums. I have suffered with depression and anxiety on and off most of my life. Currently things have gotten a lot worse as we are in the worst financial position and I don't know how to go on. My husband and I own our own business and it is sinking fast. We have so much debt owing on the business, numerous unpaid bills and owe all of our family members money including a couple of our kids. I guess I'm just venting I don't think there is an answer but as I sit here in bed crying unable to sleep yet again as I can't stop thinking of where the money to survive another day is going to come from. Then in a few hours I have to get up to go to work and start the day all over again. Tonight I did some more research and have found a place that may be able to help with the debt possibly. But I feel so bad at my failure I never thought I would be in such a bad situation and feel so low all of the time. I'm on the strongest possible anti depressant and anxiety tablets but I don't feel they help anymore. But I'm to scared to stop them cause goodness knows what that would look like. I have spoken to my GP and he has put me on a health plan to see a psychologist. However one I need money for that and we can't afford for me to go and two I have tried counselling before and it has never helped me. So instead here I am hoping talking to others who know what I am going through may help."
194,"I am back. I still am not better but I have done a real test and my therapist didn't believe that it was depression and just thought that it was just stress. I honestly just can't vent. I just started year 7 way tougher than my other school that enver pushed me. They didn't care much. Ignored me when i said that people were bullying me, would constantly just not make accomodations for me because I am actually mentally disabled. And on top of that, they just didn't listen to my parents when they said that my mental health was deteriorating and they still wouldn't talk to the family and they would just tell her to apologise. Oh and i kept the ""formal"" apology she'd written me. She wrote about how the time when she full on blamed me for my sister moving schools and said it was all my fault. Nobody stood up for me. the teachers moved on like everything was normal except for one kid she asked me if i was okay and then had to get off the bus. I still hate that girl who bullied me i won't ever forget her. OR the teachers that helped her."
195,"Hi, Im 15 years old and im going through depression I don’t have my family’s support but I have an amazing bf that I have been with for nearly three years now he has helped me so much but I feel like lately it’s been to much for me and him to handle I'm trying out this website to see if I can build up my mental health. any tips on how to control emotions better I just wanna be the best for him, I also have trust issues and fear he’s gonna get with another girl better then me can anyone relate or used to fear this but got over it…"
196,"Hello Everyone..This is probably one of the hardest things I have ever had to do - and I write this from my office desk, whilst my mind is running off in a direction of its own.I am 34, living in Sydney, enjoy my job (has its moments), and is generally a Happy go lucky person.I'd say my mental health struggled the most when I moved back home for 10months in 2024, I thought it would be easy moving back home and spending time with my parents etc - this was not the case, and it threw me into a spiral of sorts where there were weeks I would only leave the house on Tues/Wed to travel from the Central Coast into Sydney (office days). I don't know if it was a generational gap or stubbornness on ones part but the same feeling and downward thoughts are happening again (and, I have relocated back to Sydney in Jan2025). I could possibly pinpoint the moments and interactions that just throw my mind out, but over the last few months it's as though there is a darkness that just overhangs, from face value I am always smiling - it's on the inside where I know and can feel that something isn't right - when I try and detach myself away from my family, it just gets worse. I am not going to lie, however there are days when I get back home I just want to black out and not wake up to do it all again.I am open to mindfullness tips, de-stress techniques etc, it just feels like I am carrying so much weight to the point that I can't go on and continue, I am tired of it all. Thank you in advance, for anyone that reaches out."
197,"Been going to therapy and taking meds for years since I was 6 and nothing has worked for me and I genuinly think I am not going to get better nor do I deserve it, I stopped going to therapy and taking my meds since the start of the year am I better? no but I wasn't better with them either, am I doomed to just be a mess up? is this it cause if so this is not living this is just a drawn out punishment that I don't wanna deal with anymore. I don't really have any family and those that I do have I don't share much with them anyway so I'm posting here for whatever reason."
198,"My parents act like they are so much better than me in every way including with food even though my Mum eats so much junk food and a lot more of it than me. When I eat vegetables or fruit which I do every day, they don't notice, but when I eat something unhealthy, even if it's small and right after eating something healthy, they definitely notice that, and they only focus on it. My Mum is overweight, and she says that I eat too much unhealthy stuff like pasta, and I asked her when the last time was, I ate pasta because I can't even remember the last time, I ate it, and she said, ""I see you eat it a lot"" and then I said like when? I didn't eat it yesterday, I didn't eat it the day before and I was going to keep going but then she stopped me to say ""well, if you only haven't eating it for two days..."" and then I said that I haven't eaten it in ages. It's been at least a month since I've had it and I only had it once or twice last month which isn't much or over doing it in anyway, but she just fixates on it. I'm never rude to her about all the junk food she eats. She keeps talking about her weight everyday which I really don't care about, and she says it's because of all the food that she eats that is making her big even though it's actually all the JUNK food that she eats so it's really annoying having her treat me like I eat too much unhealthy food when that's what she does! This morning, she told me that she bought lots of salad that I could have some of and I could tell that she was trying to say that I was being unhealthy without actually saying it so I told her that I JUST had some broccoli and she said ""That's good"" and I said that it felt like she was trying to say that I eat too much junk food and she said ""well, I do worry about it"" and then I said ""But what have I been eating?"" and then she said that I eat too much pasta which is when we had the pasta argument, and I got really upset and she said ""and now I have to have this blow up. You asked me a question, and I answered,"" and then I said ""But you're not talking to me about it, you're just trying to escape, and I never tell you that you eat too much junk food and you're a hypocrite! She would also say things like ""You need to go to the gym"" to my younger sister who is really fit (my Dad says things like that too). It's really annoying being treated by my parents like this when they aren't even healthy themselves, especially my Mum. I'm a healthy weight and I watch what I eat and exercise."
199,"Hey everyone, it's been a while since I put a post up here and so I've been really struggling with my depression lately and when my arthritis and sciatica play up my depression joins in and then I feel like crap . I have no motivation and feel low, and I just like a statue. I have my husband but he has depression and anxiety too but he tries look after me the best way he can. All I wanted to say is that I have been struggling big time with my depression:("
200,"Hi! I’m a young teen and quite nervous to talk about how I feel but love how you can stay anonymous. For the past few years I have been dealing with my ocd, adhd, and severe anxiety. However, for the past year I have been feeling not like myself and very sad. Sometimes I’ll be sad with no reason I guess. I don’t like doing my hobbies and I would rather sit in bed all day and watch tv than go to one of my friends house. Lately, school has been tough. My school has very high educational standards. I would say I am quite smart, however my scores haven’t been reflecting that and I feel like I am letting myself down (which I am) but at the same time I have absolutely no motivation whatsoever to study. My adhd affects the way I study, for example after 10 minutes I will have to go for a walk to reset my mind, which can make studying sessions twice as long as they should be. I also am very hard on myself and I always have been but it’s getting worse. If I get a 60 percent on my test, I feel like the roof is going to cave in, and I won’t have any shot to get into uni. I’m in my last year of middle school and I know it won’t affect me but my anxiety is telling me it will. A lot of people say I am too young to understand emotions, which is silly because firstly, there’s no minimum age of understanding your emotions, and also I find that I am quite mature. Another thing I have noticed is I have been so paranoid at night, like someone is going to break in. I live in one of the safest neighbourhoods and it won’t happen, but I have these thoughts about it happening. My ocd makes me lock the doors 12 times every night and open and close the windows 8 times, which still happens, but it has been getting worse because of my paranoia. I have some amazing friends but I feel so lonely. I’m trapped in a bubble that is suffocating me with every step I take and word I say. I don’t know why I am feeling so sad. I cry myself to sleep and I can’t tell any of my friends or family because I don’t want to be that one person that always cries and is a burden. At school, no one would ever pick me to be struggling. I make everyone laugh, and always have a smile on my face. However, inside, I am crying. Sorry if this is a long paragraph. I’ve never done one of these forums and really hoping someone responds. Hopefully someone can understand! Thanks guys and I hope you are doing well!"
201,"Hi all, Just curious as to what I should do. For a few years I believe I haven't felt properly energetic towards anything. Early years of highschool I was pretty emotional, self-harmed a few times and pretty pathetically attempted suicide, but then moved on from that when I got a girlfriend as she supported me through whatever I was dealing with. For years now I believe I haven't felt proper emotional responses towards things, and time kinda just passes on. I still enjoy doing things and in the moment I feel, but it passes really quickly and my memory of everything diminishes. My girlfriend is really understanding but it can get pretty annoying when I am constantly forgetting things. The reason I am writing on this discussion board is because today my great grandad passed away after 100 years of life, and my family was upset and we all hugged, but I simply wasn't able to produce any sort of emotional response as everyone else was crying. It made me realise I should probably look into it further because I have known I struggle with empathy and emotional responses for years. After some light research I am curious as to whether suppressing my responses growing up has anything to do with why I feel so numb now. I know that when confronted with something I would always breakdown in highschool and at home. At home I forced myself to suppress everything and not breakdown so that the moment would pass quicker and my parents would send me off to bed. So my question is, is it possible to teach yourself to suppress emotions and not express anything? Will this lead to a lack of empathy for people? Even as I write this I feel like letting something out but I am telling myself not to because it's a waste of time. I believe I do not have time to waste on figuring this out, but I would also love some closure on why I lack emotion. If anyone has some good knowledge to share on this please do. Thankyou in advance."
202,"Recently me and my bestfriend decided not to be friends anymore and I got hit with a wave of depression. I feel useless. Like nobody wants me, likes me. My new friends seem to hate me some days and they aren't as fun as my old friends were. I find myself stalking my ex-bestfriends social media. I really just want to be friends again but everything is so different. She hates me and has new friends. I wanted to know if this has happened to anyone else and what sort of problem I'm having? Is it just depression or grief or what is it?"
203,"Hi, sorry if this is a long post and if it doesn’t make too much sense and I’m bouncing from topic to topic. age 16 I was put on antidepressants & antipsychotics due to major depression and psychotic symptoms. Over the 15 years (I’m 31 now, nearly 32) I’ve been on many antidepressants which I felt just made me worse. Before starting them I never had an attempt on my own life, and not long after starting them I had my first attempt. It’s like my whole personality changed on them, I became this angry, impulsive, chronically suicidal girl for 15 years. Many hospital visits with so many different diagnosis’ from so many different doctors. I got schizoaffective disorder, paranoid schizophrenia, major depression, anxiety, bpd, cptsd, antisocial personality disorder (which I think is the biggest misdiagnosis of them all), bipolar a couple of times there, but nothing really 100% sticked, mainly it was schizoaffective or bpd. I’ve also been diagnosed with autism in 2016, got the offical diagnosis which cost a lot. In June last year I gave up completely and stopped antidepressants and antipsychotics, I was on them for 15 years. Obviously not the same med for 15 years but tried many.I stopped both medications suddenly, which I now understand wasn’t safe. I experienced some really difficult withdrawal effects for a few months, was in hospital for a severe depressive episode the first few weeks off them, couldn’t even eat and had to have a feeding tube. But after a few months off them it was like I was a different person, like my whole personality changed. My suicidal impulsiveness was gone, intense anger gone. No therapy or anything. I’m just different. It was definitely the antidepressants that made me feel worse mentally, very dull but all that came out was anger, antipsychotics made me quite physically unwell that’s why I stopped them. I’ve been off them a year now. I have deep depressive episodes, some last weeks, some last a couple of months or more. I don’t shower, look after myself, lay in bed, cancel all my community supports and appointments, I’m losing weight fast, don’t find enjoyment in the sport I play anymore when in an episode, and it’s the only thing I enjoy in life, also experience suicidal thoughts that become really difficult to manage, and often find myself feeling overwhelmed and withdrawn. But I’ve also been having what I call ‘high periods’. I come out of my deep depression and then I don’t sleep at all, am impulsive with spending, my poor bank card declines a lot now :(, I have a lot of energy, last week I decided to clean my bathroom randomly, then my kitchen, then my whole house, just went on a huge cleaning spree, I play loud outgoing music, I went online looking for jobs to apply for, I also applied for a tafe course. I’ve realised I’ve actually being doing this kind of stuff for years, eg a couple of years ago I spent over $4000 on after pay, which my brother paid off for me and I’m still paying him back. I’d get random hobbies/interests for them not to last, eg I’ve tried motocross, bmx (just bought a bike never did it) a $3000 electric drum kit (never used). I just have all these great ideas and lots of energy when I’m high, no need for sleep, apparently I annoy everyone because I talk fast and switch between subjects, and message my sister online in the middle of the night taking and sending so many messages on different subjects before she can even answer. The high can last from anywhere between 5 days to a week or even more, depressive episodes are 2 weeks or more, usually longer for me. Right now I’ve come out of my high that lasted about 11 days (I bought 4 lotto tickets for the same draw last week because I was 100% convinced I was going to win) I’m now not high nor majorly depressed just in the middle, I wonder what’s next deep depression for weeks or back to being high with no sleep or money? I was just wondering if this sounds like bipolar 2, as I knew antidepressants made me worse and they can make bipolar (diagnosed or undiagnosed) worse as I just found out. I’m seeing a medical dr next Tuesday, he’s never seen me before, he works at a community mental health clinic, I have to get an ecg from my gp before I see him because apparently they want to put me on antidepressants (they only know about my major depression episodes) that’s why I’m going there because people have flagged my deep depression and want me to get help for it. But I’m seeing other issues here. Could it be bipolar 2? And antidepressants for 15 years kind of made it worse and now it’s showing it’s true colours? sorry if this is too long, just looking for info/advice thanks!!!"
204,"im slowly coming into the realisation that i likely have depression and its kinda just. wrecking me rn.it just feels like. idk. i cant ever be just satsfied with myself. that no matter how hard i try i cant just. like myself. or even stand to be with myself alone. those days where im locked into my own brain with nobody to talk to are exhausting and leave me irate, paranoid and overwhelmedi have everything i could want atm. i have an incredible partner who's willing to support me, and understands what im going through. i have good friends, close ones even, people that care about me and love me. but somehow in the end all my fucking brain ever sees is how theyll leave me, how ill drag them down with my bullshit how ill just. ruin it all myself. sabotage everything. it sucks. now that i have something to lose it feels all the more worse that im stuck like this. i feel empty. but i also feel overwhelmed. its all too much but im also so understimulated. i hate it here"
205,"I was diagnosed with chronic dysthymia 15 years ago by a psychiatrist. What a relief to have a name for the reason l was different to those around me an a full page description that explained my life. Prior to this I had many jobs, moved many times never seeming settled and unknowingly self sabotaging my relationship. The instigator of being diagnosed was my withdrawal from my dream course as l was filled with self doubt. My diagnosis was genetic. So nothing caused this and l have lived my whole life this way. I am reaching out to find other people with this disorder who understand the social implications and if anyone knows of any support or meeting groups for Dysthymia/ Persistent Depressive Disorder."
206,"I’m a successful guys, a loving g partner if 17 years but can tell him anything that I’m going through. I never want to disappoint those closes to me so I’m screwed when it comes to support. I had a couple bad experience over the weekend and had my first ever “this is the time”. Would be great to just understand I’m not the only crazy person that’s whinging even though they have a privileged life"
207,"Hi, I'm 39-year-old. I got injured in Nov 2024 while working at a supermarket, It's a WorkCover claim. Since then, I've been stuck dealing with chronic pain, numbness in my leg, and serious mobility issues. I can't stand for more than 10 minutes, driving is limited to short trips, even basic errands wipe me out. Sitting hurts after 20 to 30 minutes, so I spend most of my time lying in bed on my side. The pain is constant. Sometimes it's burning numbness down my leg mixed with lightning bolts of nerve pain, sometimes it feels like someone’s jamming a piece of rebar into my spine. I’ve been on Palexia, Tramadol, Celebrex. I’ve done physio, hydro, and just had a nerve conduction study. I get the results in a week. That test was rough. Some parts of my leg lit up and made me swear out loud, other spots like the groin down my thigh to my knee were completely dead. He cranked the voltage to max and I didn’t even flinch. The specialist said if he hadn’t met me, based on the MRI and CT, he’d think he was looking at a 60-year-old’s spine. My nerves are misfiring constantly and the pain runs from my back all the way down both legs. Despite all that, WorkCover keeps pushing me to go back to work. They ignore what my body’s telling me and even take things my doctors say out of context just to tick boxes. I've had to fight for every bit of support. The IME said I’m at 40% capacity, but they’re twisting his words to say I’m ready for work. This whole process has smashed my mental health. I can’t sleep properly, I'm up at random hours, never more than 3 or 4 hours at a time. I’m dealing with anxiety, depression, burnout and PTSD. I’ve been bounced between GPs, psychs, pain specialists, and every time I try to stand up for myself, I get treated like a problem or flagged for drug seeking. Even when I flat out refuse certain meds because I hate feeling high. I'm scared they're going to force me back into a job I can't physically do. I'm tired of justifying my pain to people who don't live with it. I can't even lift my 3-year-old daughter for a cuddle. I can't be intimate with my partner. I see a psych, she's nice, but too polite. I don’t want sugarcoated sympathy, I want honesty. I want someone who doesn’t blink when I say I’m barely holding on. I don’t want to be told to do breathing exercises. I want answers. I need help. I’m at my limit. I don’t know how much longer I can do this. p.s. I had chatgpt shorten my post as i was at 3400 characters long."
208,"I don't know how to be normal. Being normal is something I have always wanted, since being a child I have been called weird or strange. Now I'm an adult and it feels like my brain is wired in a way to self-destruct my own life. As though I can't allow myself to ever be happy or at peace. Ever since I was young i have always loved love, now I hate it. I hate being in love. I love my boyfriend but there's moments where he slightly irriatates me and it's like i switch to someone else. I start screaming and yelling saying I hate him and I just saw the most awful stuff. 2 hours later I'm sat there wondering why I just told the only person I feel like I have ever truly loved to harm himself? Who does that? That's not even the worst of it. Sometimes it will just be that a female his type has come up on the tv and then there it goes my mind starts racing thinking about everything he has ever done, lied about or whatever. I just can't escape my mind. And i just hate myself sooooooooooo much. I've never hated anything more. But then I want help but how do I get help. I know I suffer from really bad anxiety and that definitely weighs on the relationship and myself. But there has to be something else wrong with me. Otherwise I'm just a terrible person."
209,"I feel like I'm just soo done with everything. Like I'm so tired of everything not physically but in my head, and I feel so stupid that I feel this way bc my problems are like so small compared to other people so idek why I feel like this. I feel so confused like I don't see a point in anything anymore like I feel like no matter how hard I try I'll never feel like how I used too. I feel like I'm so in my head and it's exhausting. I feel so alone even tho I'm literally not. Sometimes I feel like my thoughts aren't mine and that scares me. I'm starting to realise I don't care what happens to me anymore. I feel like everyday is just a never ending cycle that I can't escape from, and I'm constantly waiting for things to past even though I try to enjoy the present. I feel left behind no matter how hard I try to be better than I was yesterday. I feel so confused and idk what's happening. I feel everything and so numb at the same time. This sounds rlly dumb but i feel like something is missing from my life. I feel like I've wasted all my potential even though I try so hard and I don't love the things I used to anymore which makes me sad. I don't have the drive and the passion for the things that I used to. Ik that was alot but im just so confused."
210,"So, you know the app Titok? Well, a little while ago I thought I'd go on it to watch tiktoks and let's just say I didn't know about the ""live"" thing. I watched a few Tiktoks and one of them was a live and I was just watching these two people because I thought it was just a regular video and after a while they started looking at me a bit confused, but I just scrolled and didn't think too much into it because I still thought that it was probably just a Tiktok for some reason. I kept looking through Tiktoks and I was watching one with someone from ""Love on the Spectrum"" and I was looking through the comments with my hand on my face and shoulder on the table and smiling then I went to look at another Tiktok and it again came up with that live thing and I think I was still looking at where those comments usually are and then I looked at the ""TikTok"" and I think I was still smiling and I still had my hand on my face and I saw this girl and we looked at each other for a few seconds and then she sighed and rolled her eyes and then I realized that that Tiktok wasn't exactly a Tiktok, but more of a ""live"" thing like it said and that she could probably see me too and that on those things you're supposed to talk to the person or something? I quickly scrolled again and tried to process what happened. The worst part is I think it might be someone who knows me because she looked familiar, so this really is quite awkward. Even if it wasn't someone who knew me it's still awkward, especially because of how she reacted. If she does know me, she's so going to tell everyone about it and then it will become even more awkward. I really wish I knew about the ""live"" thing because I thought it was all just videos that you watch. I'm getting kind of stressed now. I guess there isn't really anything I can do about it, but at least I know not to go on Tikok anymore. My sister has a Tiktok account, and she has never said anything about the ""live"" thing. Has anyone else experienced something like this? It also doesn't help that it was early in the morning and I'm wearing a hoodie covering my head, so I probably look really weird. I hope it's not possible that this ""live"" thing could be saved? :(((((((((((((("
211,"Hi. My husband had a major heart attack 3 months ago. He is well and truly on the mend now .. looking and feeling really well, but I am struggling. He is a joyful character and takes great enjoyment in telling his story to anyone who will listen. I’m finding it really hard to listen to his story over and over. I’m so happy he is feeling well again but feel miserable within myself. He occasionally makes mention of his smoking that he has given up but jokes about taking it up again and it really destroys me every time I hear it. i don’t know what to do. I’m know he doesn’t mean to upset me but I’m still terrified of losing him. He’s only 55. He always uses humour to get through any difficult situation but I’m struggling to find him funny at the moment. I try to exercise when I can and eat well. I’ve always worked and enjoy working but can’t seem to find the joy in anything at the moment. I just want to be alone and not talk to anyone. Is there anyone else out there feeling like this? I feel selfish for feeling miserable as it was he who had the heart attack not me."
212,i've had depression for 7 years.
213,"Hi i've suffered from depression my whole life,up and downs.At the moment my depression is really bad,I cry everyday.I don't have any friends.Iknow people say this and have friends but i dont.I've agorophobia for 28 yrs and only being able to leave my house the last few year with a support person.My 2 support persons i used to have have gone.The first support person left for personal reasons which she explained.The secong person just pulled the rug,things were great the day before,then i get a message that she has quit the company.We were really close having her home phone number and met her boyfriend abd been to her house.Iknow behind the scenes she was overcharging on support and i have an inkling this is why she left.Sounds strange but we were really close.She is no responding on Facebook,messanger,phone or text.My support workers are like my only friends,i see them 4 times a week and have done for a long time.I really don't have any friends to talk to,because i was agorophobic for 28 yrs i didn't get the chance to make any.I just feel so lonley and disconnected, Iwish i had a friend to talk to and maybe go for a coffee.I can't leave the house without someone with me"
214,"In January of this year I found out I was pregnant. I’m not even 20 yet. I knew I wanted kids at some point and I’ve been with my partner for 2 years, but I’m only halfway through my undergrad and have a masters and phd left to do still. I remember the day I found out so clearly, I knew something was wrong, I had missed my period by a couple weeks, I was nauseous and fatigued all the time, I just knew what it was. The test came back pretty quickly and I called my partner to tell him then went to his house that night. It wasn’t like I hadn’t prepared for this possibility, I knew the decision I would have to make if it ever happened. But when I drove home all I could think about was that I had a baby, something that came from me and came from love, something that would be both of us. I don’t know how to explain it other than the world before that moment felt meaningless and I had a purpose. I loved my baby more than anything else in the world. Still, I felt pressured by my own expectations and the expectations of those around me to make the decision that was going to most benefit me. We got an ultrasound and saw the heartbeat and got the due date and I decided my baby was a boy and I named him and I just loved him so much. I guess the stress of everything got to me because I ended up miscarrying before I could make that decision about what I wanted to do. I have been devastated ever since, it feels like the world has lost its colour, I think about my baby every day and how much I failed him, how I’ll never get to meet the person he could’ve been or told him that I loved him or even just held him once. My partner doesn’t get it, he’s sad about it as well, but not in the same way. I just feel like I have no one I can talk to about it because I have all this grief and I don’t know where to put it and I feel invalid in it because I only knew about him for such a short amount of time and before that a baby was not a near possibility. I wish I could know if he hates me, or if he at least knows I love him and I tried my best. Will this feeling ever go away? Or will the world be dark forever because I honestly haven’t felt happy for a single day since. I just feel so guilty all of the time, and I feel so alone in my guilt and my grief and I don’t know what to do anymore."
215,"What do you do if you just feel numb all of the time. I used to feel sad a lot and really depressed, but now I just feel nothing. I match everyone’s energy when I’m around people, so they don’t think something is wrong. Should I be worried because I feel nothing? Or is it better?"
216,Our son no passed away unexpectedly almost a year ago and I’m still finding it hard
217,"Things have been going so bad for me lately. I am autistic and I have adhd. Also a crap tonn of trauma (and probably ptsd) from growing up in an emotionally unavailable and abusive household. Idk what to do anymore. I am currently living with my mother. We have very bad fights like all the time. She takes a lot of my emotions personally, says that I am constantly (verbally) attacking and terrorising her (not true) etc. She even called me an abuser when I tried to pack my bags and leave. Said a bunch of stuff like ""you can't do this to me"" etc. I don't understand what I am doing wrong anymore. I just wanna live my life in peace. Yesterday I had a bad meltdown (which lead to me having a horrible fight with my mum again and i ended up having a panic attack) cause I honestly i can't handle this shit anymore. I have no money, no car/licence no job, no luck and no energy to get a job. And my plans to go to uni where ruined by absolutely horrible burnout. This is not how i planned things to go. I feel stuck, idk what to do. I even tried contacting the beyond blue counciling and that didn't work cause there was a point where it stopped sending my messages rendering the whole thing useless. I have no money for a therapist. I don't have anyone to talk to. And I can't talk to my mother cause she will just yell at me again. I honestly just wanna leave and never speak with my mother again. I did that with my father who was a narcissist. But thats not really an option right now as I have no job or money and nowhere to go. I also still wanna go to uni and if I do that I will have to give up on that. Honestly with how bad things have been going for me i genually think I shouldn't even be alife at this point. Idk what do I do? How do I help myself? I feel so tired and alone."
218,"Hi to all.Some will know l've had my ups and downs for sure but l wanted to start this as a new and separate thread bc the old one wound up all about gf ex.Just for the most that won't know though and happen to drop in, l got rid of of my place 6mths back and went caravaning 51/2 mths, just couldn't deal with another place at the time and just felt like a bloody good break and rest first.Wasn't sure how l'd feel about it but it wasn't bad and at times really nice just being free for a bit but later 50s there were also the worries of what to do when l get back. Well back now is too my other place it's not really that l had two houses the second one is just a country block with a cabin in a tiny town that l just rent out, never lived there. Well the tenant moved out so that's where l've come back to, l need to fix it up and sell it toward my new place.This little town this whole thing , not doing me any good at all in this stage of life. l did have to get out of my other place don't regret it it had to be done but it's just been such a huge last 10yrs or so. Divorce and all thenlater on just broken up with later new gf now ex just last yr and now all this and here l am in this place- and then l'll be somewhere else to where l'm thinking of moving to, maybe even building . lf so it'll only be small and minimalist buttt, ldkJust feel like total bs it's all too much and it's like what in the hell am l even doing especially here right now and at this age but ldk how else l could've done things.l had to get out of my last place, l have to be here to fix up this one and it's somewhere at least to stay, it'll be a few mths.Been coming here 20yrs keeping this place up and all the same people are still here couples been together and still here all that time and still sitting in their homes watching tv and doing their lives together.The total opposite lives to mine and now l;m even single and here doing this and then wherever later restarting again andddd, it's all just sooooo, words l can't use here. rx"
219,"When I started my well-being journey and I discovered self compassion and mindfulness I started to feel good about myself for the first time in years. I thought I had no reason not to love myself because I had no reason to believe I wasn’t a good person but then I remembered certain mistakes from my past and I started to feel bad about feeling good. My mind doesn’t let me feel good because it deems it as unfair because of my past mistakes. If I move on from those mistakes then that would make me a bad person my mind says. They were mistakes made in a time when I had less awareness but those mistakes still exist and It feels wrong to forget about them. They’re always at the back of my mind. I can’t even think clearly because my mind sees mindfulness as a form of self love and it stops it. Any amount of “feeling good” is denied by my mind saying that is unfair. I’m trapped in my head and I have been for a while. I’m on autopilot, I’m not present, my actions are just muscle memory, when I have to make a decision i struggle, I’m mindless, I mask through interactions, I’m not living my life. I feel numb. I need help."
220,"idk if something is wrong or not with me. i feel so low and tired everyday. i have no interest in anything and have had no hobbies at all for ages. all i have the energy for is uni and one shift a week for work but even that’s fizzing away but it doesn’t matter because i’ll push myself to do the work anyway because i don’t want to fail and be even more worthless than i already am. i cry so often and my body hurts with ache a lot of the time but i have to keep doing things or i’ll be a failure. im so afraid of making connections anymore and when i do make a friend i usually have break downs about it later. i just want to isolate as now i see socialising as too taxing on top of uni and work. i just want to be alone. i live alone and just started my first year of uni. i’m constantly stressed out of my mind that i’m losing sleep and overeating. i keep hurting myself almost daily and on the only day i have free in my week, the night before it i binge drink until i pass out. i cant tell if this is a problem or not but either way i don’t think i could ever get help because i don’t want people to worry about me. it would hurt too much to burden others so i don’t think i can ever do that no matter how much people say i wouldn’t be a burden. i’m too horrible to deserve support anyway i need to pay for existing right? i don’t know how to fix myself. i’ve tried working on myself before but it just ends up being a distraction or leans into other self destructive behaviours (such a restricting food and over exercising) anyway do you think i can keep living like this and it’ll just get better by itself? i’m worried that i’ll get worse but the thing is if i do get worse i still am unable to reach out. i just don’t know what to do. maybe it’s all fine and i’m overreacting about normal things. sorry if i am. anyway yeah i’m really sorry i just wanted to get my thoughts out i don’t even really know what i’m asking at this point. i’m so sorry."
221,"Apparently I am bipolar according to two therapists and a doctor, but here's the thing, self care is not my strong suit so I cycle in and out of feeling pretty much nothing to feeling everything. You'd think I would be better at coping with life by now but it's just the same thing over and over. I hate myself because why can't I deal with just ordinary things people deal with everyday? Why do I have to be broken?"
222,Hey I'm Lexi and I'm in a relationship with a girl that I love with my whole heart but at the moment I am invisible to her and have been ignored by her for 2 days now and on going. I have never reached out before but I have now because I'm scared of how this may end.
223,"I feel like life just cannot get better from here and I’ll always be 2 steps behind everyone. I had 3 jobs, one ghosted me, the other I quit because I was terrified to go to work, the other mass laid off every casual, and the one I had lined up had budget cuts and didn’t hire me after I signed my contract. I think normally it would’ve been fine but I’ve realised lately that I have no one to talk to. I spend 8 hours in a day at university and I don’t talk to anyone the whole day. I barely keep in touch with my friends. I feel like I can’t talk to my family. I only have my boyfriend and he just doesn’t understand. It’s like there’s this massive barrier between me and other people and it’s impossible to get over it. I have always been exceptional, I have a 142 IQ and I was told that when I got older people would be more similar to me and it would easy, but I’m older now and nothing has changed and I just can’t socialise. I’ve never faced failure of any kind before and now I feel alone and stupid, I’ve lost the competition and I can’t function if I’m not winning. And I can’t even help myself because I feel like if someone else buried me alive, why do I have to do all the work to dig myself out? Why can’t someone else pick up a shovel? I’ve done everything correctly and I still feel like people who have done everything wrong and cheated are beating me, like I’m being punished and I’m the only one. I don’t want to just be average and get by, I truly feel like I’m supposed to do and have more, and now I don’t know what to do. My brain is hurting me every day, I see patterns in everything, my senses are on fire, my thoughts scream at me over the top of each other in a cacophony of madness, it’s starting to become too much for me to handle. I know great minds often fall into madness, I’m starting to think my psychiatrist lied or I fluked my IQ test, I don’t feel like a genius I feel like a madman, and it is taking everything in me to not turn to vices that will help silence the noise. I’ve felt like this my whole life and I don’t know if I can continue to feel this way anymore, I don’t want to fight my own brain forever, I don’t want to constantly be drowning in the noise of my own thoughts or to see things as vividly as I see them. I don’t quite want to die, but I think if it was as easy as flipping a switch I would. Sometimes I want to cut that thread connecting me to reality and fall into my head completely because I’m safe there and I have friends I talk to in my own world in my mind and they understand me and I don’t have to try. Idk, this was mostly a vent, any advice on making friends as an adult who is pretending to be introverted to avoid rejection would be greatly appreciated."
224,"Hello this is my first time,I am in my late 50's and I have depression anxiety and ADHD. It was a shock being diagnosed with ADHD a couple of years ago. It hit me regarding my life around family and friends and emplyment. I have had so many jobs and medical issues. After being diagnosed with ADHD, I was born with this as my specialist doctor revealed. I was prescribed medications to help with my condition some worked and some did not. Then I started reading books about it. As I was reading books it was like I was reading my past, it was a real shock to my mind. I had alot of therapy and group sessions helping with my condition.This is why I had trouble having friends and stay in employment and socialising. I have tried an transport jobs it took me a while to work out what I needed to do. I gave myself time to think and I went back to my roots and worked out doors commercial mowing."
225,"I'm not sure when it started, or how it happened, but I've had almost all of the symptoms for depression. Like,,, you know the basic stuff yeah? Feeling uncontrollable sadness, bursts of anger, and hopelessness, or an increase in an irritable/annoyed mood. Even losing pleasure in the hobbies I used to love. I feel like I was hit by a freight train full of apathy and drowned myself in it, I don't know. I just want someone to confirm my feelings and someone I can talk to because I don't think I can hold this in any longer."
226,"BACK GROUND STUFF - So at school there was this beyond blue seminar that I found really helpful, and I’m here cause maybe someone out there can relate to me. In the past I haven’t had many friends, and only til a few years ago I really had myself. Then during covid I had to juggle school work and take care of my mum, who was going in and out of hospital a lot and couldn’t really walk or get up easy. So I didn’t have anyone to talk to. On top of that I was also extremely bullied back at school by a certain person who said I should die and that no one liked me. I stuffed all those feelings away, I think because no one wanted to talk to me and I didn’t know what I was going through. Then the next year I forgot about all that and joined a really toxic friend group cause I didn’t know what having friends was like, I thought it was normal to be shut down and ignored. anyways, I started to just be sick of feeling so much that I started to feel nothing, to the point were I was completely numb and didn’t care if I died because I thought no one cared. I don’t know if I had depression, but I did used to purposefully hurt myself to feel something. Since then, I’ve found my way to God and realised I have a purpose, left that friend group, made new friends and started a ‘new chapter’ where I can feel happier. TO NOW - lately though, I’ve been trying to move on, but it’s been hard. I keep on wondering if things might have changed or if I really was depressed because I think I might have been and now I overthinking about that. And now I’ve been really anxious, I don’t know why, but I keep getting thoughts about: my parents dying people hating me failing school losing friends scared of talking in case I’m shut down zoning out and imagining terrible scenarios which has caused me to do: - getting chronic headaches - itching - fiddling - breathing fast - nausea - dizziness - weakness/fatigue for standing up - splitting headaches - biting my lip i know these things effect me from time to time but now they’re making my life difficult and causing me to leave in class by pretending to go to the bathroom, when in reality I feel like I’m going to breakdown crying or have a panic attack or puke. I hate that I haven’t told anyone but I want some advice like who should I tell, or how should I tell someone? Because I’m scared things will get even worse and no one will notice. I know people care but I don’t know if they can notice in time if that makes sense. i know no-one’s life is easy but I don’t think my life is good enough right now to considered ‘functioning’. I’m just not sure how to talk to my friends because they haven’t noticed at all and I’m scared they think I don’t trust them because I really do. I really hope if someone is reading this they can feel less alone, because it would be nice to know if I’m not completely alone in these feelings. Stay safe, much love<3"
227,"I feel like an imposter in this group. I have had an amazing 50 year career in nursing, owned my own home nursing business and several others. Been the manager at many community and aged care facilities. Always a go getter, confident person. As I got older I started to get anxiety. My marriage failed and I had to cope on my own. Which I did. I decided to move to NW QLD from NSW to be closer to my grandkids and great grandkids. They bring so much to my life. I've since retired, own my home and a new car. I should have it all, right? Then why do I wake up anxious every morning, no energy to face the day, struggle to maintain my house. I have 2 beautiful dogs that love exercise. I force myself to take them for walks. I can't sleep at night. Not unusual to be still up at 2am. I drink too much wine, thinking it will help me sleep and then feel like shit the next day. I got booked for low range DUI and lost my license for a month. So humiliating. That's when I realized I'd hit rock bottom. I'm seeing my GP, I've contacted a counseling service. I'm having major eye surgery in Townsville later this month and booked in to see a deep mind therapist to hopefully help with my fears and my addictions.I'm doing all I can to get back my life. I have so much to live for, but I sometimes wish I wasn't here any more. I can't live the rest of my life living like this."
228,"hello, I'm in my final year of highschool this year, so year 12. I been struggling a lot with managing everything. I grew up in an household where my parents always fought, since the day that I could remember, and I don't really have the best relationship with my parents and sibling. I also had a really traumatic incident happen to me a few months ago and I haven't really healed from it to the point that my hands are constantly shaking because of it. I keep everything to myself because I don't want to burden others but I currently just don't feel present. I feel like I'm just floating and observing everyone and everything. Nothing feels real and I'm at a point where I'm not doing my school assignments. I used to be very studious and loved school and it was my escape from my home life but now I hate it. I really don't know what to do because as much as I want to do my work, I open it up but nothing comes to my brain. Does anyone have any advice on how to help with me feeling like nothing's real?"
229,"I’m not sure on where to start as I struggle with expressing my thoughts and feelings. I feel like I’ve been struck in this unhappiness for a while, it’s hard for me to explain it my partner what I’ve been experiencing internally. I find it an effort to try explain when I don’t really understand why I’m feeling the way I do. I have no motivation to do daily tasks as I’m waking up to a sense of dread, I don’t really have a sense of purpose and worry I’m thinking too much about what it would be like to just move on and not really do this anymore. I want to feel connected but I struggle with being vulnerable or when I do try to reach out, it’s been misunderstood and I’m feeling alone again."
230,"I was in a six year relationship with my partner. We had what I thought was a loving, stable and solid relationship. When my partner became depressed the relationship also ended as they broke it off without much warning. My question is, do depressed partners come back once they’ve recovered and they can access emotions such as love again? Do they disappear or come back for a friendship or to the relationship they once had?"
231,"This is getting unbearable now. I am nearly 67 and have had Depressive Episodes ALL of my life. I never feel like I have enough energy to do anything. I can’t escape because I can’t hurt the people that I love like that, but waking up everyday to this constant overwhelm, irritation & anger and sadness is so draining. Battling my mental health seems pointless sometimes. I see how others live. They don’t all have these issues. I don’t mean to be selfish or pitiful, but why me? Being alive just doesn’t seem to make sense to me. I haven’t ever felt “normal” whatever that is...just waking up each morning with some kind of joy or anticipation would be a start. I have been married for 46 years but want to separate from my husband. Ive had enough of his gaslighting and selfesh ways but i cannot financially support myself. I am nearly at Pension Age but that's probably not enough for me to manage an independent life with a roof over my head. I live for my children and grandchildren but they all live in different cities. I have lived here for 31 years but even though i know quite a few people i do NOT have a friend. Nope not one...not here...I do have one but she does not live here, although we are in contact weekly. I have too many things wrong with me to fix. IVe tried all kinds of therapy and medications and although they have helped a little at the time nothing has worked. I read about this new treatment coming available soon and I maybe can try that BUT I live in the Country NSW - so you think there will be a trained person to oversee this here...NOPE again I will miss out. I""ve had enough...I am exhausted and sick and tired of my life and my husband and my future."
232,Hi I am about to undergo an assessment for whole person impairment as part of my work cover compensation case. I ve been told I need to be classified as 30% impaired and that this is difficult. My injury is psychiatric and I'm in Victoria. Has anyone been through this?
233,"I'm in my 20's and yet cannot figure out what I will do with my life. I'm not diagnosed with depression or anxiety (never went to the doctor's for it) but ever since I was a 10 I've been very sad and anxious with everyone and everything around me. I guess I can say I was abused by my dad at a very young age and my mum hand no power to stop him so the abuse sorta continued until I reached highschool where I realized that I can report to my teachers if I'm being mistreated at home. But unfortunately I've never reported it. My parents don't physically abuse me but sometimes there's a few verbal abuse especially from my eldest sibling whom I don't know why always lashes onto me and guilt trips me. I am emotionally sensitive since I was young and I would feel like crying every time none says anything bad about me or hits me. I guess all that trauma that I've built up till now is making me doubt what I want to be in the future as there's a lot of negativity in my household. I also avoid men (mostly middle aged ones) due to many horrible encounters I have as a child just made be afraid of them. They say that if you're in your 20s you should explore with different career paths but I was shamed by most of everyone I know (even my friends) for wanting to do culinary at tafe so right now I'm in university, feeling miserable and burnt out, doing a degree I have zero passion on. I feel like if I dif have supportive parents and if I lived in a positive household I would really enjoy life to its fullest. Anyways I might make another post about my life and emotional problems since I cannot really vent out to anyone close to me."
234,"To anyone who is reading I really need your help. I’m Grace and I suffer from depression and anxiety. I have the thoughts of I have no purpose, what’s the point, constant boredom, but also because of the fact the I work casual retail at a pet store that I just started at. I used to work full time at Just Jeans and it was awful. I think that’s why my depression got so bad, my managers were up and down with moods, it was the same day over and over and constant pressure. I don’t want that same experience. I’m now stuck feeling completely little motivation for anything I do, going to bed is one of the best things to do because I’m away from life. My favourite thing to do is actually watching movies because I can distract myself from my constant feeling of this depression. My parents are really supportive and I do love them, but they’re getting more and more irritating. I’ve found that the last 2 weeks or 3 weeks have been hard around them because they’re trying to tell me what to do or they’ll say something so small to advise or guide me and then I shut off completely in a salty way. I don’t know why, it’s just like I don’t want to talk about it, and then I don’t want to talk to them. I really don’t know what to do. And I think there’s something wrong with me. Today I really struggled because they told me that it’s like walking on eggshells with me, and I don’t want that. I feel like I’m being a brat and being really difficult with them but when they talk to me I just don’t want to talk about that particular subject because it freaks me out so much and then I shut off. I feel like there’s really something wrong with me and now I don’t have anyone to talk to. I don’t want to talk to my parents anymore because I feel this way and it always ends badly. And I don’t want them to think that I’m an a attention seeker that goes “I have depression fake it easy on me” or “I have mental struggles at the moment please don’t talk to me at the moment about that stuff”. Like I don’t want them to think I’m using it as an excuse, but like it’s hard because it’s to talk about those fears and I don’t want to talk about it and I don’t really want to be around my parents. And I really am struggling (which they do know) and I’m stuck and don’t know what to do half the time and I’m just trying to do the best but like I don’t earn a lot of money, and so I have a lot of financial stress and worries. I find it hard to go out and seek for a job, force myself to socialise or do things because I don’t have the motivation. Honestly I just don’t know what to do?"
235,"- In 2024, my wife lost her job - I have been the sole income earner for this time - I am near bankruptcy. We have been trying to sell our house for over 8 months. We have only months left. - I have constant suicidal thoughts, with only external people or pets being the reason I dont - Whilst I run businesses, I constantly make mistakes. - Recently, a client who I made millions of dollars, was upset I work for a competitor so that I could keep us afloat. Whilse she has a $5m home. - Some nights, we share a single steak between my wife, myself and our child - I work at great volumes, but can never achieve my goals - My wife applies for jobs, and maybe does 2 hours a day of projects. If shes not minding the kid, she is playing games or puzzles or things I have just had the weight of the world on my shoulders for too long I pray to god everynight I can never seem to turn the chapter"
236,"Hi. I don't really know if I'm going to get much of anyone to talk to here, but I don't want to burden the workers of BeyondBlue, nor am I financially able to see my therapist for the time being. I don't even know where to start with my problems, but I know that I have them and bottling them up isn't the best. I think to put it simply, I'm feeling hopeless in my life, that I have little to feel towards myself. I guess I'll start by breaking things down; I'm struggling to find employment no matter my best efforts, same with trying to get into secondary education such as tafe or a traineeship, I'm struggling financially because I waste my money on needless/momentary things or for other people, I feel isolated by those I once deemed as friends and by my family, and lately, been swallowed whole by past experiences and trauma that makes me feel worse to my core. And it sucks that I don't really know who to turn to because I feel distant from my family unless I'm needed to do something, I don't have any friends to enjoy the comfort of their presence, I don't want to burden online friends because frankly I don't feel that close to any of them, and the more I feel worse about myself, the less I feel motivated to do anything. It's getting to a point where all I can blame is myself, because that's the one consistent factor on how/why things have gone bad for me that honestly it's a crossroad which I feel I have to choose between the path where I just keep going and hoping that whatever primordial being there is gives me a bone for all my best efforts, or I just eliminate the one core value that keeps holding me back."
237,"Someone once said that, ""it's like he cannot concieve of another person's thoughts"" and it hurt alot. And it's honestly true. I've always struggled to describe the people around me. Even my family or best friends. Its hard to describe anything about them other than surface level traits. I struggle to understand people's motivations. Why do people do things? what would my friend do in this scenario? what would they say? I don't see anyone as less than me, if anything, I feel like the opposite is true sometimes, though I'm trying to get better at telling myself its not. And I've found that I don't dislike people either. I think that they're cool, I like when people have strong passions especially if its music and hearing how excited they get. I like seeing people in their element, and I like the things that people make. But I don't always trust even my closest friends. I suppose that, my logic always has been, ""I dont know what they think of me, so I have to assume the worst in them so that when they leave me it wont hurt"". I've hurt and pushed away the people around me because I thought that I couldn't trust them, that they were out to get me, and even when I did trust them, I just burdened them with my constant worry that they were going to abandon me or were trying to hurt me. And I'd lash out alot. I never understood the toll that my actions took on them and I just refuse to forgive myself for hurting them. I don't talk to many people at the moment. I try not to have any real conversations. I talk to my family but for the most part I spend my time in the library doing Uni work and I try not to spend much time at home. I'm looking into roles after uni that could be meaningful so that I could at least try and be useful to the world in some form if im still alive, but i worry I dont deserve a chance. Right now I have one friend who I talk to consistently and I enjoy it. I like playing Limbus with the guy. But i'm scared that if I keep hanging out with him I'll make his life worse. I always tell myself that even the most evil person in the world can do the right thing if they just choose to. It may not change who they are inside, but at least someone benefits right? But sometimes I think that I might be broken if I cannot comprehend what people are thinking. If understanding other people is a part of being a person, can I really even call myself human? I don't know. Right now I dont even feel like this body is mine. I dont feel human at all."
238,"Hey alli lost my job 6 months ago and since then have been applying for jobs. I have been trying different options/areas but not been successful. I have had a couple of interviews and have been close but they have gone with someone else. I have been left disappointed each time and now feel im falling apart and am not good enough. Im anxious waiting on an interview i had last week..i hate the waiting and not knowing. I do my best, but either thats not good enough or im not the right fit. I do my research/preparation- that in itself is a little stressful. I am at that point where ive said to myself - do i want to put myself through that interview stress again thinking that ill be disappointed again? (i keep doing it as i need a job for the money and self confidence). Trying to keep myself occupied by watching dvds and playing games, but even doing something that usually makes me smile/laugh is not working. When i usually feel “down” i watch some funny videos, but even this is not helping. Feeling sick with worry. All i need right now is a job, someone to believe in me and support. People try and be helpful by saying “something will come up” but that’s not helping cant afford to go to a counsellor either, as my finances are low due to above situation stress."
239,"Imt scared and feeling very alone right now and I don't really have anyone I feel I can turn to right now to talk with. My husband has already been diagnosed with depression and anxiety as well as having Asperger's. Last night he told me that he feels like he's having a midlife crisis, and that his depression is worse than ever. He's had thoughts of self harm but not acted on them. He said he's also developed a crush on a work friend who I think he sees as both an exciting new relationship, not necessarily romantic, and also as a motherly figure since he didn't really have a loving mother growing up. He said his head is all messed up and doesn't know how he feels right now. He's also just started going to the gym regularly in an aim to improve his health, but he always feels depressed after working out. He feels like the chemicals in his head are all messed up and causing him to feel worse. I love him and want to support him and get him help but he's said he not really yet and I am feeling scared for him and also our relationship. I don't know what to do. I don't know what I'm expecting to happen from posting this but I guess I just wanted to put my situation out there and see what happens."
240,Hi I’m not sure what to say or ask but here we go i have been told by my doctor that I have PTSD anxiety and depression all steaming from a work place incident was treat an have had a sold few years of being ok now the nightmares are back I feel crap most days can’t remember basic stuff is this normal to relapse after a period of calm I suppose you could call it not sure I have it in me to do this again or that’s the depression talking the road to recovery this time feels like a bridge to far thanks
241,"Not sure how to cope, when being alone at home. I have some friends i see and as soon as they leave, i feel alone and sad and seen to eat myself to sleep, eating like a bad breakup. I feel like a am dependent on them. If i don't make people happy i feel worthless. Need advice."
242,"I’ve been struggling with depression for the last 3-4 years. I feel like no matter who I talk to, they won’t understand how to feel or how to help me. I feel so isolated from my family and friends, and it’s so hard to just communicate with them. I’m having such a hard time just taking care of myself and I don’t know what to do. Everything feels so difficult and daunting that I just end up laying in bed doing nothing. I’ve tried doing the basics like eating healthy and exercising. But I don’t have any motivation to continue those habits. I feel like my medication isn’t making a difference and I want to go to a therapist but it’s so hard to find free time in my schedule. I’m so scared of failing at uni as i’m not keeping up with my studies or assignments. I worked really hard to get to where I am but I don’t feel satisfied with my life. I just constantly question if I’ll ever my satisfied and content with my life or will I always be wanting more and more. I’d just like some advice on how to go from here, if anyone’s been in a similar position and what worked from them."
243,"hey, my name is casper. im a trans man in an all female catholic school and im in year 10. i have audhd, depression, gad, ocd, and im sure some others. i like to draw and i like anime, and i want to be a voice actor or a 3d animator. lately im been close to failing every one of my classes. I do have support from therapists and friends, but lately its been the same thing over and over ""ypull get better! it takes time! you need to put in more effort!"" when i cannot really do those things. My parents are somewhat supportive, my dad is very strict and doesnt want me to go down the same path he did, he scares me, and my mum is trying to support me mentally. i do try to do work with the support i have, but i just cannot motivate myself, i can barely get out of bed or do basic hygiene some days. even with all this support i have im still getting worse and i dont know whats wrong with me. ive tried to go to homework classes but i cannot do anything. i recently failed digital tech, which is one of the only things im good at. i think im also developing some form of psycosis or something, im staring to see and panic over things that just are not there. i feel invalid because i dont think ive even had trauma, i had a normal childhood. ive been having suicidal thoughts almost daily but i cant act on them because im scared to hurt someone even though it seems that no one cares. I feel like im going crazy and no one understands me. i just want to stop doing school all together and just stay in my room forever. i dont know what to do anymore, i feel useless, if anyone can, please help me"
244,I am 12 and i just started year 7 and i have severe depression after taking the k10 depression test multiple times over the cours of a couple of months the battery on the phone has gradually gotten lower and recently my parents went on a cruise for their anniversary and i SH myself but i got addicted and when my parents got back my right hand had scars on them and one of my friends at school noticed and so did my other friends but this one friend knew immediately what it was and i told the others it was my dog and they (i think) believed me. but i just dont feel the same and im not sure what to do because i feel that if im left alone for too long i will SH again and respiral out of control. i want to go to the psych ward near me to help myself but im scared of the costs and what my nit picky older brother would think. e would probably say it was for attention but i think i need help but i just dont know what to do and all areas are blocked and i just cant find a way out. please someone anyone im spiralling and i cant help myself or let anyone else know whats going on please help me.
245,"This isn't the first, second or third time in my life I've felt like this. I feel like my friends don't understand and even when they say they do I don't want to be around them, I'm so sad all the time, last week I spent most of the days in bed and didn't tell anyone and when I did finally disclose how horrible the feelings were making me I felt supported for one whole day. I get everyone has their own stuff going on but I feel so alone. When they do say they want to come see me, I find myself making excuses not to hang out with them, I feel myself screaming inside my head, I want to be around them but I don't know if it's my pride or my depression that takes over and doesn't let me be with them. I feel so trapped in my life, but I don't know what to do to shift my mindset. Lately the self harming thoughts have slowly been creeping in, so much so I have to physically force myself to stay in bed so I don't do anything bad. I need help but it's such an effort and I kinda feel like why am I bothering, in a year everyone will forget I was even alive if I ever did anything. I don't see the point anymore. I need an escape but would that even really help or is that just a band-aid until the feelings wash back into my head. What do I do??"
246,"Hi, I (20F) have been struggling for a few years now but I don't know exactly what's going on. I've been experiencing depressive symptoms since I was little but my hypomanic symptoms only began 2 years ago. I fit so much of the criteria for bp2 but the timing doesn't seem to really match up with what I've heard about bipolar, well at least the hypomanic part of it. My depressive episodes will last for weeks to months at a time. No questioning that but what confuses me is that then all of a sudden seemingly without a trigger I experience something that ticks a lot of the boxes for hypomania. Like the elevated mood, hypersexuality, excessive spending, risk taking behaviours, more talkative, increased self esteem, racing thoughts. Like on paper it sounds like hypomania but then it only lasts sometimes half a day to 2-3 days but I've heard for it to be bipolar it needs to be longer than that. And to make it confusing in that ""hypomanic state"" I can also have a really bad low all of a sudden and then 5 minutes later be back to my really amazing high and continue on with the ""hypomanic"" episode. So now I'm so confused what's going on with me and because of the timing of everything my psychologist is unsure whether I have bp2 or not. I'm struggling so bad with these mood swings and I feel so out of control and unpredictable. I'd really appreciate if anyone shared their thoughts about this. I just want to know if anyone else has experienced this or heard of something like this."
247,"I am already 24 this year and still got no girlfriend, meanwhile, many of my friends have their girlfriends and even some of them are gonna get married soon. Not only I feel I am left far behind by them but I also feel myself is much worse than others since I couldn’t have a girlfriend.i feel like I am a loser, no girls ever liked me, no one wants to have relationship with me, feel bloody depressed"
248,"I try and put on a happy face, hiding that I might have severe depression, but it's never enough for people! My mother claims I only care about myself, but I actually put people before my own needs! If my friends are sad, I'll cheer them up before even THINKING about myself! I hate when my friends joke about mental illness, knowing I'm not really doing well right now, the only people who actually care is my bf and my 2 bsf. I can't look at myself the same way I used to. I can't look at my parents without knowing they will yell at me for every little thing I do."
249,"One month ago I gave birth to our first child. Instantly I fell in love with her and despite a challenging post birth recovery my first week wasn’t too bad. However, as the weeks have gone on it’s gotten harder. Being a first time mum the sleep deprivation, breastfeeding challenges and navigating being a parent has been difficult to say the least. I constantly feel like an imposter and the anxiety is exhausting. My biggest issue is not wanting to admit I might have postpartum depression. My wife expressed her concern about me getting it during pregnancy. And sure enough I think she was right, but I don’t want to admit it. I’m crying secretly to myself all day, I feel constant anxiety and I’m starting to feel disconnected from our baby. Her concern came from my history of anxiety and depression. First time mums constantly talk about not feeling themselves but for me it’s worse. It’s that all too familiar feeling of anxiety and depression that scares me into feeling like this is what it’s always going to be like for me. And that I won’t get what I hoped for in this new journey with our child."
250,"Hello I am reaching out because it has been really hard for me to live with my partner. I am thinking of quiting after supporting him for 2 years through a lot of darkness, his suicidal ideation, job changes, financial issues, addiction, civil court, mood swings. Lately we have been having a lot of fights and even after we talked it out, I feel like I am the only person making effort to rekindle the intimacy, while he just use depression as his reason for not able to provide any affection. On reflection, I have been living in hypervigilance, e.g make sure what I watch on Netflix does not trigger his trauma and spiral him into depression; or when we go get grocery I am worried if he's going to snap at others. He has taken his medication and seek therapy but I dont know how long I should support him while putting my mental health at risk. One day I woke up feeling great then dragged down by his low mood. Yesterday we had another argument and he told me ""you do realise this is going to put me into another crash right"". Please give me advice on what I should do."
