post_id,post
1,"CW* CSAI, like the title very much suggests, feel like I should be entitled to some kind of compensation for my C-PTSD and the fact that because of it I have not and will not be able to work or function in society. I was CSA by no less than eight people, four of them being adults, from practically birth to 17. Pictures were taken of me and that fact haunts me to this day. My mother was also CSA by some of the same people, one was her foster father. Because it happened to her in foster care she was able to access the national redress and get a payout and an apology from the government. But guess what?? She left me there. She left me in that situation with her foster father, who might or might not be my biological father, and she just left. It wasn't until I was 11 and he was imprisoned that I was able to get out. She got money and lives guilt free despite what she brought me into. I don't think I qualify for the national regress because I wasn't in foster care myself. And I don't think I qualify for a TPD payout because I never worked to begin with. I feel stuck and alone and angry and sad and tired and I wish she had just aborted me rather than let me grow up like that."
2,"Oh shit. Ever since mum came across my father in the ED in march last year and then seeing on the news his company logo sponsoring his football team, then learning its their charity and involved with a well known charity that runs their program and then them doing how he gives back and highlighting just him and trying to work out what to do about this and how the ivo ends in may this year…. Time has not felt normal. How is it that I havent seen my gp since august last year? Or my other doctor for my sleep meds the consult was from feb last year? Im kinda freaked out. Time has felt frozen for me but I feel like its dragging me along with it. How do I explain this to my gp next time or the other doctor? No wonder around july I stopped doing stuff like going out as much or my board game group. I mean every-time I go outside I automatically scan and imagine him walking up to me or I see him. It’s like purgatory. I hate it. It feels like he’s everywhere. I mean he will contest my application for another IVO(avo in other states) and I cant go through that. I can’t. He is like slenderman that’s what it feels like. Im also like, freaked out by the news and stuff and dont feel safe in my state or country anymore honestly. Mum turns 60 in a few days and it just reminds me how fast time is going and Im not ready or feel stuck. Im 21 and yes I have a learning disability and like a bit developmentally delayed so I’m behind peers my age I guess but I cant get over 2018 was like 7 years ago I think? Like it freaks me out. Anyway. Sorry its so all over the place my post.See less"
3,"Hi everyone, After the heartbreaking events at Bondi Beach on Sunday night, we know many people in our community may be feeling shaken, distressed, or unsure how to make sense of what has happened. Religious and political violence has no place is Australia and we extend our heartfelt condolences to the individuals and families affected by this tragedy. We wanted to create a space where you can share whatever you’re feeling - whether that’s fear, shock, grief, or anything else that has come up for you. If you need support from others in the community, please feel welcome to post here. Violence and acts of terror can bring feelings of shock, grief, profound sadness, anger and fear. It’s normal to experience these emotions while trying to make sense of distressing events. It may take time for these feelings to ease, but it’s never too early to seek support if you are feeling distressed. Beyond Blue is here for you anytime, by phone on 1300 224 636 or via webchat: https://www.beyondblue.org.au/get-support/talk-to-a-counsellor You can also support those around you by being available to them and listening. Thank you for being such an important part of this community, and for the kindness, honesty, and wisdom you continue to share with each other. We remind the community that Beyond Blue is here for all people in Australia, no matter what you believe, how you live or who you worship. Kind regards Sophie M"
4,"Chat gpt wrote this for me, im quite distressed and needed it summarised. Hi everyone,I’m posting because I’m really shaken tonight and struggling to ground myself, and I could use some support or perspective. I live in a very small apartment with my mum, and both of us are currently sick with the flu. Tonight, something that was emotionally important to me broke suddenly and loudly right in front of me while I was already vulnerable and calm for the first time in a while. My body went into shock – shaking, freezing, crying – and I asked for help. What followed was an argument where things escalated quickly. I asked for space in my room multiple times, but it wasn’t respected, and voices were raised. Because of my past trauma, having my personal space invaded is extremely triggering for me. It sent me straight into a trauma response. During the conflict, I was called “abusive” because I swore while highly dysregulated. That word has hit me very deeply, as it links directly to past abuse I’ve experienced. I now feel overwhelmed with shame, fear, and confusion, and my nervous system feels completely overloaded. I want to be very clear: I did not threaten anyone, I did not try to control anyone, and I was trying to get space to feel safe. But right now my brain keeps looping on the accusation, and I’m struggling to calm down or trust myself. On top of that, the apartment is tiny, neighbours are having a loud party, and I feel trapped with nowhere quiet to regulate. I’m safe physically, but emotionally I feel shattered and on edge. I guess I’m posting because: I need reassurance that trauma responses and boundary panic aren’t the same as being an abusive personI’m struggling with shock and emotional fallout after conflict at homeI feel really alone and flooded right now If anyone has been through something similar – being triggered by family conflict, being mislabelled during dysregulation, or feeling unsafe in your own space – I’d really appreciate hearing how you got through it or what helped. Thank you for reading. Even writing this out helps a little. i even feel bad using ai"
5,"I'm a victim of organized harassment - this is another term for ""gang stalking"" but has been respectfully and appropriately termed ""organised harassment"" in order to remove stigmatization and any persecutory or pathological references involving the victim. My position is officially termed the ""targeted individual"" or TI. The techniques employed in an organized harassment campaign were originally developed by British Intelligence and are designed to wear down an individual's resilience, resulting in suicide or self-harm - what is termed a ""long slow murder"", involving psychological torture and torment, the isolation of an individual by way of the erosion of social, community and familial relationships and connections, the repeated interference, destruction and sabotage of an individual's goals, aspirations and efforts to better themselves through education, employment, community involvement or the development of new friendships or relationships. An individual will be blocked from advancing in any direction that is not prescribed by the control group, known as ""operatives"". Presently I am ""blocked"" from studying at university, from shopping at my preferred stores and mall having been herded or ""corralled"" and ""contained"" within my local neighbourhood, from attending my previous bulk billing clinic and seeing my familiar, general practitioner where I was poorly treated and made to feel confused and expelled by doctor, nurses and reception, from attending the local hospital where I've already been terrorized and where I'll be subjected to disbelief and discredited by staff and specialists, from attending Imaging services for essential tests, and from seeking services and supports in countless other organizations, such as my preferred Pharmacy, the NDIS, The Department of Housing, Australia Post, Victoria Police, etc. etc. etc. I understand that my wellbeing, my health and my safety are my own concern and my responsibility, but how is a person expected to continue when an entire population of some thousands of brainwashed and misguided people make a hobby and a pastime out of formulating new and continuous plots designed to destroy my happiness, my personal strength, to impact my physical health, to erode my sense of safety and belonging, my self-esteem, my beliefs and value system, and to undermine me in any and all manner they can derive in undetectable ways that confound and distort and even have the professionals fooled? It is called Organized Harassment"
6,"Hi, There’s probably a lot to unpack here tbh, but the sum of it is basically 2 years ago my family and I were homeless. While living in temp accomodation, I walked in on my then partner of 12 years sexually assaulting our oldest child. I can’t go into too much detail with that because it’s still within the courts. Since then, my children and I have finally gotten a home, but are constantly harassed and tormented by the ex and his family/friends who all support/encourage what he did to my child. I get ridiculed for supporting my child to make their police report, for my child being put through a medical examination that day. I have no idea what is in my child’s statement at all. I have ASD, adhd and various other mental health, and my children have various disabilities. It’s a lot. Trying to support my child, I’m lost in that regard. They can’t talk to me about that day until I’ve testified in court, I can’t talk to them. They’ve already testified as a pre recording but the other party keeps pushing court back with his lawyer not being ready (despite having 2 years to get ready!). literally today someone told me to go kill myself before they organise it to be done themselves. I don’t see the point in calling police and reporting it anymore, 2 years his family and friends have gotten away with this stuff directed towards me and my child despite an avo. My child spoke up and I got blasted on social media because they spoke up. I’m being accused of bullying a teenager(my child’s paternal cousin) who has literally physically assaulted my child. I have random people who are his friends putting stuff online and locally, I don’t want to move again and be homeless again, or move away from my entire family. how do I go forward and keep supporting my child through their trauma when I don’t know how to keep going myself. I haven’t had any counselling yet for the day our life went to shit(still waiting on victims services and availability). on top of my child’s trauma, I was also being financially and emotionally manipulated by the ex who was and is an extreme narcissist and stole thousands from me, pushed my family away even though I rely on them, hated that my former best friend and I were so close( his brother in law). He couldn’t handle that our children respected me over him and loved me more, and always tried to poison them against me. He would be physical with them all, over minor issues that could be dealt with by talking to the children."
7,"Hi Everyone,I would like some advice how to control my anger . I’ve always been a shy quiet person, but for the last 2 or so months, things have been difficult to talk to others. I have seen my GP recently to change my ADHD meds thinking this would help me change my emotions. But nothing has worked as yet. It’s affecting my relationship with my wife and children’s ( mind you two out of the three children I have had ADHD too )and l think anxiety is starting to set in. I would be most appreciative if someone out there can help me with this situation I have. I’m seeing my psychiatrist on the weekend for some advice and to change my meds again…. Thanks"
8,"Hi everyone,I’m currently in a phase where life feels deeply confusing and meaningless to me.I can’t wrap my head around why we’re here or what we’re supposed to be doing, and these thoughts sometimes trigger panic and intense anxiety. I’ve lost my sense of joy and purpose, and even the things I used to love don’t reach me anymore. If you’ve ever felt this way, how did you deal with these existential thoughts without feeling overwhelmed by them?"
9,"People think I am suicidal, but I am always like this - whenever I have any restriction of any freedom, I freak out, it doesnt matter whatever is prescribed, or even if I am not on any medication as approved by a clinic. As soon as dad and stepmom started talking about pek chai and ah gau years ago, making weird rude names to install onto people, and when I knew there was such thing as affordable broadband and I was stuck on dial up, and I didn’t get to eat a sunny side up egg everyday, I was always going to be upset. (Trust me, I can recall every single thing that makes me upset, my brain does work differently) Some call it suicidal, but people think I am weird, call me names, because I am like a computer, only seeking a version of existence that I am comfortable with, but that is also rude and racist. So what if there are fixed items: flavours, things, tactile, sensations I need to feel happier? Any restriction of those if done by others is an unwarranted experiment, at worse deprivation of liberty. But if not, and I can’t find those myself, then it’s still items I require to have or feel in order to function. And when I attain a level of comfort, even if I don't blame others, it feels like gets taken away for no reason? What is so wrong about my thinking? Why can’t I just be allowed to be me? Why are vetting case managers so weird with neurodiversity? It is not childish. Every single adult is different and unique. It is not an indicator of illness. How can I talk to my counsellor about things so that I can be released from this place where I do not belong? What are my legal rights as a Victorian and Australian?"
10,My heart is in my throat. My partner of 5 years sexually assaulted my 14 year old while he was intoxicated. The mandatory processes are in place And he says he doesn't remember. I asked him to leave the house as soon as I found out and my daughter is safe. He knows he can't come back My heart aches for my little girl. And I feel so messed up because I am grieving our relationship and I feel so guilty. Please help me get through this
11,"Okay. Basically I’m in a weird situation not many would understand. I grew up with an emotionally, financially and coercive control abusive parent. Who also was a major reason I’m an only child. It put my family into poverty and many times had to be worried where we would sleep at night. The abuser often, used their passion for their favourite sport team as their weapon of choice. If the team lost it was a scary time. Basically me being their daughter meant nothing to them. So this sports team is deeply triggering to me.The abuser is now fully blown rich now and this team are now having them and their company as a partnership and made a highlight article about how they give back and want to stop poverty and involved with a charity. I feel sick, I have used this charity for support before because of this abuser but no longer can feel safe to .Basically the news of this partnership and how it keeps getting so messed up makes me feel sick, plus we gotta move soon cause our rent is going up, meanwhile the abuser has millions of dollars. I’m safe. Just had to include that."
12,"I want to share how 2025 has been a mostly kind and good year for me. For context, in 2020 a death in my family triggered BD and I endured multiple relapses, being sent to psych wards a few times. After BD I got an ASD diagnosis - 'late diagnosed' female, woohoo...thanks. Therefore, when I made my first post here I was in the absolute slumps. These bizarre experiences of a disorder that made me see hallucinations and have delusions not only had shattered my world, but after my illness, I seemed to have lost a bulk of my cognitive capabilities to make 'art' at a high quality level like I used to. My psychiatrist still doesn't know what caused it; it could be depression? Or the meds? We tried everything. I has been a loss for me. I grieved a past me. My self esteem was in the gutter for years. I couldn't face old friends. My legs shook with dread when I tried to draw in the evening like I used to love to do. With years, the C-PTSD has faded. I made new friends, and a lot of them always end up saying they love my art - the art I can do now. I am also proudly graduating uni in March of next year a mature aged student. Also, most importantly as of this year, I am a new solo mum to a baby girl, and she is my world~ All these happy accomplishments have reconnected me with my self esteem I though I had completely lost after my psychotic break. But today was not one such OK day. I felt lonely and anxious about being a solo mum - especially whether I'll ever be a GOOD mum. I chatted with a Beyond Blue agent, but I just wound myself up As when I'm upset, I write more meladramatic and horrible things. TDLR; but I had a tough day. But I know that my bad days are fewer and far-er between this year. I don't know how and when life precisely got better for me, other than I just kept desiring to be free from the 'leg shaking out of dread' that used to hit me at 8:30pm on the dot every night, and weirdly, that shaking leg thing seemed to vanish for the most part this year! I also have kept a gratitude journal and a pen next to my bed and written in it most nights since 2021.Every night, I just write 1 line starting with 'I am grateful for'. At first I was fighting the idea (since a family member gifted me a journal and told me to start doing it lol). But somehow, this has become a cherished ritual. No, journaling hasn't fixed me, but when I flip through the book, I may not always see an awesome perfect day, but I see that I am someone who always keeps trying. Thanks for reading."
13,"Hi, here’s my story. I have spent the past 30 years working in the international oil & gas industry. I’ve worked all over the world but mostly in the Middle East and North Africa. I finished working a 5 year contract in Algeria a few months ago and have decided that I’m done with working away and will now semi retire and stay home. During the past 5 years I have paid off all our houses ($3 million worth), our super is very healthy and we have no debts. I recently discovered that over the past 5 years, all the money that I have sent back home to our joint accounts has been taken by my wife and put into a personal account in her name only. I discovered this in October when I had an accident with a table saw at home and required emergency surgery on my thumb. I had to pay $4000 up front for this surgery so asked my wife where all my money (around $250K) was and that I needed $4K to pay for the surgery. My wife refused to give me my money so I had to pay with a credit card. She flat out refuses to put the money back into a joint account, claiming that “you’ll waste it”. That is simply untrue. She has also been getting her pay deposited in a personal account, then transferring half of it to a joint account each fortnight. I have no idea where she’s hiding the rest. I also have no idea of exactly how much I have in savings, or where she’s keeping the money. A few weeks ago I went to the police to tell them my situation and asked where I stood legally and if they had any numbers I could call for support. The officer told me that I was being subjected to coercive control, which is a form of domestic violence. Therefore the police were duty bound to investigate and came to our home to question my wife. I wasn’t present during this interview but my adult daughter was and she later told me that her mother told the police a pack of lies. The parting words to me from the police sergeant was “get a lawyer mate”. Not a thing has happened to my wife. We have not spoken for close to 4 weeks now. She has moved out of our room and is sleeping in a spare bedroom (fine by me!) Ive also had legal advice which was pretty much useless. The way I see it at the moment is that she has gotten away with simply helping herself to a quarter million of my hard earned cash and there’s nothing I can do about it. My only option now is to officially separate from her. Then the courts will ask for full disclosure and she will have to show where the money is. I am totally under her control - I don’t have any access to MY money and she’s generously providing half her pay each fortnight. I can’t leave because I have no money to leave. Ive spent a lifetime working in 3rd world dumps and was finally looking forward to semi retirement. But that’s all out the window now because she’s forcing me to get back on a plane for the next 3rd world dump assignment. Im at my wits end and don’t know what to do."
14,"It has been years...But recently a supervisor off night shift..Has returned to dayshift...I lasted 4 days with his behaviour. I'm a senior fifo construction worker, I know my stuff, I enjoy the detail and pressure. His return, or for myself new exposure.I was warned He will throw you under the bus etc... So until these 4 days, I was happy loving my job.Since , I'm actually avoiding work, sending text messages drunk to my other supervisor.I am actually aware I have been triggered, but I Don't have total control.It's like an inner part of me is threatened, and yeah I'm doing the fight or flee response.Not happy..Don't want to quit job, Made a formal complaint, but that just triggered me more.. How do I navigate, the Hr stuff, whilst triggered as, supervisor has a history and knows exactly how to abuse or behave without actually invoking an obvious misuse of power or authority... It's been 8 yrs since I was last on here...This 1 has me rattled, like a narcissistic professional supervisor.... Any ideas?I'll quit my job, but why should I ?Not my Fault...??????"
15,"Hi, Im 24 & recieve a side income which i can live on with some frugality & minimalism, now i dont wanna metion what it is, however I did have many jobs thruout the past several years, & based on the interactions & burdency of having to keep a job nowadays & the toxicity youre forced to face on a daily basis just doesnt seems worth it & a waste of time, why can't we just do the things we enjoy without being judged or peer pressured to be like everybody else, oh you gotta get i high salary in order to be respected, you gotta be a doctor or a lieutenant for status purposes because if you dont society's gonna look down & sigh at you, the truth is i just dont care about any of that stuff i just wanna be me but for some reason when you live in a world full of dictatorship & gerontocracy its hopeless, when the majority can't stand the life they gotta live what else are they gonna do, our leaders dont give a dam, why would anybody wanna reproduce anyone to this fast paced dog eat dog atrophy reality. For example, rent & buying a home nowadays is out of the question, unless you wanna get approved for a loan which is gonna make you a slave to it eventually, utilities just keeps getting higher & higher where youre wages stay stagnant, if i were to tell my boss that im leaving under specific reasons they'll all of a sudden decide to give a raise, kinda cheeky is it, because corporations clearly dont give a dam about their employees no matter what they spew about how we're family, we're respectful to one another, we're a top establishment, everybodys happy to be here because a few personals said so yada yada yada. Then you got to put on a fake persona not because you want to but you have to, we're all forced into a realm that expects from us & to live up to the expectations created by plutocrats & oligarchs when deep down everybody's trying to not get fired & end up on the streets, i mean why else would they be doing what they're doing.I just wanna be me & thats all, I dont ask much, & I never needed to begin with, the only issue is if I continue with traditional employment for a long period of time, I can end up forfeiting that payment & might not get it back, if you were in this position like me with the pressure of joining with the traditional side of life with cons of being stressed out & unhappy all the time versus living freely by your own means even if im not getting much, but at peace & away from the drama that man kind had put upon themselves? Thanks"
16,"I am an Aussie currenlty overseas waiting on paperwork for rescue dogs who never found a home, to return to Australia with us. We have 11 dogs. Fifteen days ago, a large young dog, walked past our house in clear distress. He was a young dog, maybe a year old. He was pure skin and bones. I took him to the vet and they put him on a drip 2 days in a row, and gave him a shot of vitamins and painkilers straight to through the vein. The vet found sound ticks and becaues the dog had this head movement, he categorised that as a neurological response to a tick infection. He put him on antibiotics for 21 days. On day 14 his head movement got worse. I took him to another vet, they said it was distemper and that because of his head movement and being so malnourished, he would be unlikely to survive. That night he had a terrible night, couldn't breathe, all night. I stayed with hiim but could not do anything. The next day was Saturday. He did not want to eat and collapsed in the cage I had him when he tried to get up to drink water. He tried to eat but his jaw was clentched and he could not eat. I called to find a vet to come home to put him to sleep, I did not want him to go through another night like that the night before. I am in a rural town. No support system. Just my husband and I but my husbad was away for work, our only income is his. The vet came and before I could ask him about what was involved inthe procedure, he stabbed the dog with a needle straight to his skin and injected him with dedatives. I panicked because the dog already had trouble breathign and that made it worse. The dog stared to feel desperate, so did I. I had no vehicle to take him to a clinic so this guy just put another anesthetic same way and then put two needles in his heart AND I COULD NOT STOP ANY OF THIS, I was paralised like an idiot and then this guy try to hug me. I cannot stop crying even now. This happned just over 24 hours ago and I can't stop myself screaming in pain, shame, regret., anger, disgussed towards myself. This was such a lovely beautiful young dog, he did not resist any of this THAT I PUT HIM THROUGH. I feel gutted and have thought of taking my own life becuase I cannot stop relieving every minute of it, especially seeing that when he saw this guy, he got up and wagged its tail, even in the condition he was in. I put this animal through all this. I dont understand what happened to me, why didnt I react? The moral pain is unbearable, I never thoughtt I would put an animal through somethign like that. It was my job to protect him and I DIDNT. I should be in jail for negligence. I dont know what to do to pay for this pain I caused him. I LOVED THIS DOG he deserved so much better from me. I am not looking for simpathy. I just want to scream everywhere what a piece of garbage I am as a human being. There is no excuse for my reaction to that guy. No excuse. I took the dog in to protect hiim and ended up causeing him more pain in his last moments. That is unbearable shame. Just unbearable. I feel like I am going insane. Why didnt I do anything why?!! OMG, why?!"
17,"For 30 years I believed something was severely wrong with me. I spent my life chasing my mum’s approval and love, pushing myself until I completely burned out. This year everything collapsed, and I realised that the reason I’ve been so miserable for so long is because my mum has abused me for most of my life. She made me believe, in the cruellest ways, that I wasn’t worthy of love or of life at all.Whenever things got slightly tough for me, she would walk away from her role as a mum, sometimes even saying it out loud, showing no empathy, never checking in, and never apologising. Earlier this year things came to a breaking point for me, and honestly, I don’t understand how I couldn’t see this earlier?During a visit, which turned into an absolute nightmare, she became very aggressive and abusive toward me at the dinner table. Other people were there, and for no real reason, in my opinion, she started screaming at me the moment I sat down. Her reason was that I had held the map too long at a zoo we visited. There was only one map, but no one had asked for it, and I had even asked if anyone else wanted it. Her anger escalated so quickly, from the map to saying the cruellest things, that I was left in shock. When I started crying and shaking from fear, she seemed to get a thrill out of it. She even mocked me by imitating the sound of my crying...My husband stepped in to intervene, but she couldn’t understand that she had done anything wrong... the whole experience was a nightmare.The next day she deleted me from all social media, packed her things, and left, just like that. I thought I was going to die of a broken heart. That was the moment I finally saw the truth. This had happened before, many times. She has no empathy, no sense of responsibility, and truly sees me as the devil. She even told others in my family that I couldn’t be trusted, saying she had travelled so far to visit me and that this was how I treated her. She has never apologised or acknowledged the pain she caused and spent months sending me hate-filled messages, which I eventually stopped reading.Since then I have gone no contact for now and started therapy. I had to stop working for a while because I was barely sleeping, but therapy is helping a lot and I am finally sleeping again. I feel emotionally drained, exhausted, and lost. I’m trying to rediscover who I am, one small step at a time, but I’m heartbroken that my mum won’t apologise or even try to repair our relationship.It’s hard, especially since my dad passed away when I was young, and it often feels like I’m on my own. I do have a supportive husband, and I’m safe now. I was recently diagnosed with C-PTSD and am slowly finding my way back to myself.. Has anyone else been through something like this and would like to briefly share their story? I feel so alone in this sometimes. People mean well, but unless they have experienced it, they just don’t seem to understand. My husband has seen her behaviour first-hand, so he understands some of it, but it is still hard for others to truly relate."
18,HiI've recently let go of my toxic friends & now I have no friends.But I couldn't keep people in my life who didn't listen to me or dismissed me or really didn't give a crap.Thats exactly how I got treated growing up.And with my family I only have a superficial relationship with them because they tear u down if u open up & r honest & vulnerable.Im learning to have boundaries with people or just letting them go if they dont care about me.It's hard because I feel lonely & isolated but I remind myself that I dont want to keep feeling devalued or unworthy by having unhealthy connections.I also remind myself that if I keep to myself healing path I will attract loving supportive caring people in my life.I know I will have hard days but its harder to stay in places that u r not welcomed which has been all my life.I want to shift the paradigm because it wasn't my fault I was made to feel unlovable & not enough Children r born lovable & good enough but trauma reprograms them to feel otherwise so hence why im working to reprogram those distorted messages & love myself.
19,"Hi all I have been involved in a very sad traumatic event (I won’t go into details online). It has left me reliving the incident over and over and thinking about the things I wish I had done. I have also had some flashbacks. Very overwhelming and crushing. Now I am starting to feel numb like a zombie. I have found calling crisis lines and seeing a psychologist during the week helpful. I can’t see through it at the moment and feel like I will never be myself again. I have medication to help with sleep but it doesn’t get me through the night. I need to at least partially function for my family. I feel so detached from reality. My faith has helped. I have tried to get an early appointment this week with my psychologist to help. Not really sure why I am posting, but I think just to see if anyone else has gone through a traumatic event and how they are coping."
20,"Hi, it's hard to move on when your mind never lets go of dates and times that had traumatic events involved. I have worked hard to recover only to have those efforts undermined by my own subconscious. I suffer from cptsd and psychosis and have received treatment from everything from meds, meditation, mindfulness and CBT to ECT & TMS and I still can't regulate my emotions of mental stability when a significant anniversary arrives like my involvement in Iraq or being molested, the death of my parents or the narcissistic abuse, my mind just can't let go, I had just started to recover from my latest stress induced psychosis and all the shame and embarrassment that comes with being crazy in public or being put under the mental health act only to self sabotage myself with vivid dreams, depression and anxiety. And so the cycle continues"
21,I’m a 28 yr old Christian male with a huge porn addiction. I love porn so much I tend to watch porn for hours and even can’t sleep. Need help.
22,"Hi all, I am a teenager in australia and have been going through a disorder called Hereditary Hemorrhagic Telangiectasia, or hht, which is when you bleed internally, and I have it in my stomach. Some of you may be wondering why this is under trauma, well since I was 12 months old I have been thru MRI's, blood tests, needles, anaesthetic, blood infusions, one colonoscopy, one surgery and a treatment that started early 2025. Because of this, I haven't been able to live a normal life, or I have managed to pretend long enough until know. Recently I have found out I need another colonoscopy sometime in 2026, and along with that I may need to restart the treatment, which terrifies me. To put this simply, I would rather die than do that ever again. I know it's for my health, and I can't control it, but it sucks and has made me unable to live a normal teen life with the mental issues this has caused me. I can no longer think of sleep as normal, I can no longer look at needles without thinking of blood, I can no longer talk about surgeries normally. This has damaged me in more ways than possible, and I hope that you all can support me."
23,"I've been waking up in sweat lately, I find myself crying over the past as if it would change the outcome of today. I mourn for my innocence, I yearn for my childhood & desire peace in lonliness. I look at my family and a sea of nothingness washes over. I HAVE 0 Love left in me. Cutting ties and connections have felt like the equivalent of having open wounds then squeezing lemon juice on top to bring instant and quick relief from pain that didn't have to be there to begin with, however I have no ability to release this emotion in a healthier way because of that patterns that came embedded in me its all i know.STAY quiet.Dont Complain.Its In the PAST.WHAT DO YOU WANT ME TO DO ABOUT ITNOW? Your still not over it?I Called my dad when my brother inlaw forced himself on me. I cried a pool of tears as I trembled and voiced my fears. ""DAD, I left in such a rush because I was so scared, I forgot to take my keys can I come stay with you? What if he comes here?"". .. I was met with a response that only tore my already broken pieces into crumbs. ""well! Who told you to go there? That's what happens when you don't stay put!. You'll be fine"". I gripped that phone as if I had dug my hands into my chest and were pumping my own heart physically. I called my mum and her first response? "" Why would you call your dad? Now he's gonna think less off me? He doesn't deserve to know our family buisness. This is so embarassing"". I Apologiesed to my mother... for not being considerate enough. My sister; She chose to stay with that vile creature. She went on to justify that he had been heavily intoxicated. INTOXICATION DOES NOT EQUATE TO RAPE. Yet sure... let's blame the alcohol. In light of all of that. My family still chose to put a blanket over these disgusting acts, tuck it in and proceed with the facade of ""Happy family"". It's ironic really, people know us for being a 'big happy family' yet my fear of touching people STEMS from Those very seeds known as ""Family"". First it was my uncle - My mum called me a liar; My grandfather. - I was labelled 'young a naieve"" My older sister - She claimed I was insane - My brother - No one believed me & now my brother in law. putrid ! I hate my skin, I hate that when I sleep I need to barricade my door despite living alone. I scrub my skin till I am red because the thought that there is a trace of their skin that lingers on mine, repulses me. ?The ONE other sister I confided in, used me as a pawn in her attempt to reconnect with her ex husband as she belittled me. "" WHAT AM I SUPPOSED TO DO, Your such a winer,WHY ARE YOU SCARED? Your so DRAMATIC"".she said all of this in the car as I begged her to take me home running out of My older sisters house 2am in the morning barefoot abandoning everything i had arrived to her house with. I couldn't collect my thoughts fast enough I just cried. After she dropped me off to my house claiming she couldn't let me stay at hers because of a house guest I cried and stayed hidden in my wardrobe... the next day I've awoken to angry texts and calls & that same sister who claimed I had nothing to worry about is now saying""I texted [exhusband] let him know what happened because who else am I meant to call to protect us?""."
24,I know that in 24 hours I will have to be at the scene that triggered a trauma response. I’m anticipating that I will be triggered again and that it will add to the current trauma response I am experiencing. Has anyone been in a similar situation or had to regularly do something that triggers them?I am concerned that even the most minor thing will send my spiralling. Has this been anyone’s experience?
25,Awake and saying hello
26,"Dear All, After suffering trauma this year, my body had started to tense up and lock up. I was given a muscle-skeletal relaxant and that worked for a while,as I was in alot of pain. But now the pain has returned. I still take the medication. My Psychiatrist has suggested physiotherapy for the pain. Massage specifically. Has anyone else had pain of this type and what techniques or strategies did you use to manage it. I mostly feel the pain strongly in the base of my neck, my spine behind my belly button and where my spine meets my tailbone. I am starting to get regular headaches too. I feel like The Princess and the Pea, where I can feel everything underneath me when I sit. Any edges on fabrics and so on. Any replies would be appreciated.Thank-you,ABC01"
27,"Hey it’s been a while since I posted on here. I’m extremely distressed and I’m moving house too in the next week. Everytime I have a clear heart and mind I call my mother. Or people who I reach out too who i usually block. It’s like my body heart and mind wants closure so I reach out but these people are narcissistic. Having put me in that moment of distress in the first place. my Mother looks at conversations towards her as a competition. Instead of LISTENING To the words I’m expressing and conveying to her she listens to what she can get out of it and how it affects her. She thinks she’s being attacked so she has her guard up all the time. I could be expressing how much I loved my Country coastal trip and how I was abit worried about my cars Gears, but I had a good trip away, AND SHE’LL FOCUS ON MY NEGATIVE EVENTS. Which is NOT WHAT I WANTED TO TALK ABOUT. im 38 I’ve gone through a few domestic violence incidents one which was very traumatically VIOLENT. Then the other phycological more after he went to the remand centre. writing to people is hard when SO MANY NASTY NARCISSISTIC PEOPLE Have tried to make me react and say things to take from me. What I generally mean by that is that growing up in a single parent house hold even though my dad wanted to be with my mum. I Would always be told to do things I didn’t want to do my Other sister ran off one day when she was 14. And she didn’t come back. She hasn’t spoken to my mother since. shes 39. if I mistaked something I would get punished usually hit. im stressed right now due to strangers like plumbing technicians coming around to my place of rental to fix a plumbing Issue only to forcefully demanding and Outrageous. This happened yesterday. I’m moving out of this property. But it was disgusting. only word I can think of is Apporant. Behaviour. It’s time to go away. It’s time to focus on my own self and thoughts. It’s difficult when I’ve got horrible things my mother has said in the back of my mind. She needs to go away and let me be happy. I’ve always dreamt she’ll go away to live somewhere and let me us be happy. my sister has moved to Canada. She did when she was 28. I had a strong bond with my other little sister but she hasn’t spoken to me since me and my ex finished (she’s 27) I have another sibling who likes to control me. She’s 44. She my halfsister. my mother deposits small amounts into my bank account without me asking. So now I’ve had to block her recipient. I hope things do work for me"
28,"Two years ago I was raped while unconscious from drinking, by a close friend. I felt in my small town I couldn't talk about it, for fear of not being believed or honestly I couldn't imagine the rift that would bring n his family (who are lovely), and he is a popular person. I had bruises and people knew he had taken me there unconscious so I should have done something. I told only a couple close friends a month after it happened, and they were unfazed and still talk to him and are friends with him. I struggle to see him around and I have to fake being polite to him even though it kills me. Even my new boyfriend (who knows what happened) will maintain conversation with him. I have so many mixed feelings about this and would love someone to take me seriously when I talk about it."
29,"Hi everyone. So its been a while since i made a post in hopes of getitng some advice and guidance for everyone. So here we go. Since last month (September) I've been trying to apply for the DSP payment. I was on a 6 months medical exemption and it ended so yeah i was hoping I could just apply and thats it - but theres all these damn paperwork requirements that yeah are insanity. So fast forward to this month just before Halloween, ive had countless anxiety attacks, stressed out of my mind, trying to get help and guidance from my GP with no success and I ended up calling helplines multiple times cause im so stressed and triggered by this application process. I'm so done with this entire paperback that I want to rip it up, burn it and throw it in the bin. It's not benefiting me and only making my anxiety worse. So here I am guys - asking for advice and help. I am seriously struggling and I cant stay on jobseeker for the rest of my life, and I cant get a job either - i have serios mental health struggles (complex ptsd, severe anxiety and severe depression). I downplay my mental health because I am a victim of sexual assault and family abuse. I generally shut down due to safety reasons to protect myself. If your an abuse/assault victim you'd understand. It's my protective mode that makes it hard for me to communicate whats really going on. So yeah I know it doesnt help but sadly its my coping mechanism. So guys - what do I do? Cause im at the end of my string, I dont know who to turn to for help, who to call or who to help me with this entire mess. The paperback is literally driving me insane, im done with it. I dont want to approach my doctor anymore, he wont help and is sexist towards my gender. So guys - if your a woman and you've been through this process applying for DSP as a victim who did you turn to for support and help/guidance? Cause i personally cant do this on my own, its impossible. I'm exhausted mentally and physically. I need someone else to do this for me. It's that simple. What do I do guys? Help! (p.s. crying while writing this post)."
30,"My partner and I just went through a breakup, had it’s good and bad times, I was voicing what’s on my mind as we do and I said “thing you do make me feel like an option” the relationship ended the next day and made me the option.. where did I go wrong?"
31,"Hi guys, I just wanted to ask if anyone else has had a similar experience. A year ago, I broke my neck and was airlifted to hospital. My injury was extremely serious, I almost lost my ability to walk. A year later I am physically fully recovered, and never thought I was effected mentally. The other day a doctor was asking me details about it, and I broke down and I could barely speak about it. I've never cried about it before and now I'm feeling more affected by it than I was originally. I don't know if I have subconsciously suppressed how I really feel, or if I should have moved on by now. I don't know what to do with my feelings and everyone else in my life has moved on."
32,"Hello, this will sound like a lot of whining and complaining about my life, I'm very very sorry.Confronting the loss of my older brother has been a very hard thing for me to do. He is two years older than me, and comitted with I turned fourteen. I will never forget that day when my mother had screamed, crying while dropping me and my brother off to school, grabbing me by shoulders and asking if i was okay to go, ever since then she treats me differently, I can tell she is terrified that I'll do it too.I'm still not over what happened that day, in the next year, my older sister by 4 years had died to muscular dystrophy, this year, my eldest sister is suffering in hospital. The part that hurts the most, they're all my siblings but I never really got to meet them or speak to them properly due to being seperated. My mom promised me all those years ago, we will all get to live together, and as a child with at that time a single mother, the promise of a normal family felt too good to be true. Of course, it never happened because they died, it was terrifying, I keep thinking all the time selfishly if I'm next, if my mom is next, and if the family I now have will dissapear forever and leave me alone. These trash thoughts affect and influence my relationship with others, my depression and anxiety worsens and I feel like it's ruining my mind, and slowly driving me insane. I've never had a proper sense of stability, and every single day that I wake up and go to bed is the day I wonder what will be taken away from me next, what I'll do, how I will react, paranoid with every trip I make to school or go out.I hope one day I'll stop being like this, and I try my best to keep a smile on my face and push through the day."
33,"Hi, I am hoping to hear from other rape survivors in hope someone has been through what I have. When I reported my rape an officer encouraged me not to report 2 other assaults by this person because it sounded like ""risky sex"". This really hurt, because each time I was badly assaulted. I am wondering is anyone else who has reported rape in Australia has had bad experiences with police like me? I am finding it really hard to understand why not all victims are given the chance to go to court due to 'not enough evidence' as well. Of course rapists will deny it and I just cannot understand how this is all the system does before closing a case. Has anyone else struggled with not having 'enough evidence' to get a conviction and bad remarks from police officers? This has really deeply affected my trust in society. It just feels hard to understand the world when you are raised to believe these things are wrong, yet police support the rapist. Thank you for any insights. I have felt very alone in this and was wondering if there are others out there who have had similar bad experiences when reporting their rape?"
34,"I am 39, and my father has completely ruined my life. I am still stuck living with him on a daily basis now that he has retired... I am constantly fighting with him, I never feel at peace here and I'm stuck with him controlling me on a daily basis, but I have nowhere else to go or I will be homeless and living on the street. I can't even get a job now because my mental health is destroyed, suffering long-term anxiety disorders and major depression and I am socially isolated. Things which I am only now realising were largely caused by his selfish actions, and not being allowed to have a life and grow as a person. I've also been long-term unemployed now with no major skills or experience etc and feel as though I am old now and my life has been completely wasted. I never got to do anything I wanted to do in life!-He had to control everything growing up, and still does today. He controls me, he controls my mother, controlled my brother up until last year when he moved out with a friend of his. But basically everything he does he has to be in CONTROL. And if he doesn't get his own way with things he gets angry about it. Most of the time, we always have to eat what he wants, go where he wants, do what he wants. But other than that, he doesn't want me to go anywhere, he doesn't want me to do anything, he doesn't want me to have money, he doesn't want me to have a job. He just wants me to stay here for the rest of my life and do nothing. But I am going absolutely nuts and I am often snapping and yelling at him! Same with my mother. He doesn't want my mother to go anywhere or have a life of her own. Treats her like a domestic slave. He often wants to know where she goes, where she is etc, and the same with me. I look at her a lot of days and it looks like she's given up on life.-He basically kept us isolated growing up, and I missed out on having a lot of experiences that would've helped me grow as a person. We only ever went to the same places, did the same things probably about once or twice a year. He never took us anywhere or did anything with us as kids. He would go out and live his life and leave us home. My cousins went everywhere, and did a lot of things with their parents. They had a lot of things to talk about and found it easier to make friends. My dad took off in the car and was never home, and expected my mother to always stay home with us. But fortunately she worked, as he would never share his money with her. As a result, I barely had any friends growing up, always struggled to make and keep friends, couldn't form healthy relationships. I would go to school and we would have news day and the teacher would ask me what I did on the weekend and I would say ""nothing"". I never got to do or experience a lot of things that other people got to do and experience and missed out on A LOT in my life, and a lot of stuff that I never got to learn. Having autism doesn't help, as that isolated me even more and I was a regular target for bullying."
35,"When you're caught in the trap of fear and of violence,You'll cry lots of tears but you'll do it in silence,Your friends who most love you, will be pushed away,As you stand by the person who one day they'll pray,You realise the harm they are doing to you,As your beautiful face becomes black and blue, It makes them feel stronger and better and bigger,there's a choice of two endings, which one will you trigger? A survivor of domestic violence"
36,"Hi everyone,I’m reaching out because I’m struggling to make sense of what I’ve been through.I was in a long-term relationship of 9 years that, looking back, may have involved emotional, financial and psychological control. Over the years most of our money and all property were in my partner’s name, and I often felt I had little say in decisions or access to funds. She made me hide things and lie to her family, constantly went through my phone, accused me of things, continually kept me in financial hardship and had access to all my banks and money while I had no access to anything of hers, non of her banks or our mortgages, while she wasn't working as she received insurance payouts she held over me which left me feeling isolated and confused, depressed, I then turned to alcohol.Earlier this year we had a major incident that changed everything. I had 2 broken ribs and was on prescribed medication. She threw away the medication, denied it, and filmed me on and off for 8 hours then went to the police the next afternoon while saying she was too scared to come home. I became angry and verbally abusive. I never used physical violence, but I regret my words deeply.After that night police became involved and a DVO was put in place that excluded me from our family home we owned and lived in for 8 years. Since then I’ve been homeless, lost my office, unable to focus on running my business slowly going into financial hardship, trying to process what happened. I’m dealing with anxiety, insomnia, guilt, and depression, and I keep asking myself whether I was a victim of long-term coercion, or whether I became abusive, or somehow both. She stood to gain financially and apparently started a new relationship days after my arrest, she sold her land and kept the proceeds and I just finished the granny flat downstairs so she received 400 a week rent and we left the property in her name as I trusted her and she promised no matter what she would be fair. I pleaded guilty to the DVO as everyone I spoke to said there was nothing I could do because she recorded me and sat a video interview. I’m trying to understand my behavior and how to take responsibility for what was mine while also healing from what feels like years of manipulation and stress.If anyone has been through something similar or has advice on where to start with counseling or men’s behavior-change or trauma recovery programs, or legal suggestions I’d really appreciate hearing from you.Thanks for listening."
37,"I’ve been on the forum twice. Both for issues that arise in the moment, but something new always comes up. I would hesitate to change, change, flake and then the next issue would arise. That ‘flake’ always confused me, but I kept going on cause I thought that everyone goes through their ups and downs. That was until last week. There’s this friend of mine, a closer friend to my mate who’s a woman, that I’ve only met in 10 months compared to my other friends who I’ve know for 7-8 years. I had a 2 hour 1-1 conversation with, which I’ve never had with my guy friends, about some personal stuff that I would never see myself sharing. And that’s the thing, well I didn’t know it was the thing until today. I was talking to her about finances that had nothing to do with her but it did have to do with my mates. Was I a coward to not raise my issues and my feelings with my friends, perhaps. But then another idea came to my mind and I have to get it out before I forget to acknowledge it. And it’s strange because I’m a man. These feelings have made me feel more alone yes; but they also make me feel more safe, freer and happier. I don’t mind being more alone. But, I don’t want that resentment to fester further into the relationship with my dad or my friend. Part of me wants to believe that they are well meaning when they say “you deserve better” rather than pushing me away. Aside from self help, what are other methods I can use to navigate a) my trauma or b) my misandricism? I don’t want to close myself off."
38,"This might be a lil lengthy I’m 24 years old, female, and as I write this I’m currently 74 days sober (2 months 13 days), and before this I had been consuming alcohol and weed (especially weed) to deal with my issues. Roughly 2 months ago I came to the realisation that I was smoking cause I needed to but rather out of habit. So here I am 2 months later. I started smoking initially because when I was roughly 18, I was sexually assaulted (R*** first experience to sex- and that’s how it went down), when I was 20 I was sexually assaulted again (R***), when I was 20 I was assaulted, When I was 22 I was assaulted , when I was 23 I was sexually assaulted (R***). The first time it happened I ended up in hospital, police came to interview me but realise “there wasn’t enough evidence to proceed with a R*** Kit” - people around me found out quickly and was labeled a liar, attention seeker those were the soft blows. Family, friends…. My mom broke my heart the most the things she said to me whilst I was lying in hospital… I was alone. Second time it happened I told 2 close friends who were there for me. The other times it happened I kept it to myself. Years later with the help of weed, a lot of it - I was able to live a manageable life- if I thought about it I’d smoke, so it happened quite a lot. And drank a lot but smoking was my vice. Last year the new got out about the second guy and what he had done to me and because he was part of the friendship circle I was in, everyone including the girls that I’d been close with ( mind u we’d known each other longer and we were closer than them and that guy) they all turned their backs on me and called me a liar and all sorts of thing- my cousin (who was my best friend ever) was sleeping with him (mind u she was one of the two friends I had spoken to… she held me as I cried…and all that time they were sleeping together). Anyways when the new broke this man started to harass me, asking these so-called friends of mine where a lived, sent threading videos, sending videos of my house saying he knew where I lived, sent a bounty after me saying he will kill me or get me killed. It was a lot. I had to move. Moving in with my “aunty” (one of my friend’s mom) she took me in she didn’t really know what was happening… now this friends mom that I had moved in w went on holiday and when she was on holiday we briefly spoke about the assault she said she believed me and she had my back. Long story short she didn’t, she was using me for information. Me and my old friendship group ended ip at a cookout even last year and whilst I was there the mate who’s family I was staying with had just got back so we went together- and argument broke out between me and the other girls about the situation and then I left after a while… whilst on my way home this mate of my calls the guy and tells him where I am… I went together her house packed my stuff explained to her mom briefly and then left. I didn’t feel safe. Fast forward to now, I’m in my own space, trying this healing and sobriety thing and ITS HARD!!! I’ve been consuming substance for 3 years + and now by Gods grace I’m 2 months sober, everything I’ve been suppressing is coming back up and it’s hard to deal with so I just push it down. Forgiveness has been in my head, but how do you forgive people who aren’t sorry. And yes I know for the most part forgiveness is for you rather than them, but still. I’m struggling!!! Hopefully most of that made sense. But just to summarise I need help with forgiveness and dealing with all of this sober."
39,"Hi BB! I’ve been questioning recently whether or not I have schizoaffective.ive struggled with my mental health all my life and have a family history of bipolar,BPD, NPD, Clinical Depression and severe narcissistic trauma. I know a fair bit about mood and psychotic disorders as I used to study psychology before i got bad but lost the passion for it about three years ago. Since then I’ve not only lost passion for my hobbies but I’ve lost interest in having friends as I genuinely do not want to be around anyone as I feel they don’t understand. It’s not that I think people are dumb I just lack interest in talking about anything that isn’t something I’m passionate about. Maybe I’m a narcissist but I do care. I love my friends and family and I do feel empathy but only when I’m not having an episode. I got through phases of being amazing and honestly forgetting im unwell to not feeling anything at all to the point of almost committing. Either way I know I need help soon because it’s only getting worse. sorry for the ramble but can someone please help"
40,"hi everyone,im new on here, but im going to do my best to reach outim a full-time carer to my husband who has paranoia schizaphrenia , and now 7 years ago he has been diagnosed with FTD frontotemporal dementiahis only in his mid 50s , ive been on this journey for 8 years now and its becoming extremly tough nowi have no family supports , no close friends anymore , my husband cant get NDIS as his from NZ but ive managed to get him my age care his behaviour is now changing again, i have been under extreme stress, carer burnt out, lack of sleep, i have my own health issues im dealing through day by day, i suffer from PTSD for 20 years, ive reached out to carer gateway , respite places, other organizations , my local GP, nursing homes , my local MPgiven the fact my husband cant get NDIS i have limited supports for myself and my husbandim finding my caring role is becoming a real challenge now, as im now mothering my husband and im getting very depressed more, it makes me cry inside and how cruel life can be , im feeling very alone , nobody to talk to anymore that can understand a caring role that is very demanding and complex .ive recently been sexually assalted by my husband , ive lost my best friend due to my husbands behaviours , he has day respite where he can go 3 days a week, but this is changing also as my husband has now become fixated on a worker at his respite centre , which now gives me no break and not knowing what to do.im beyond trying to reach out to supports , my husband is under mental health also , which ive several times addressed my concerns and seeking advise, i dont have much faith in mental health they just want to give my husband more medications to make him sedated more which i refuse to, as he almost died 3 times from mental healthi have tried several times to get my husband into a nursing home for respite for 2 weeks, but nobody will accepted him due to his under 60 , and a history of self harms, and he tends to run away to return home to me.if anybody out there has any ideas or advise i love my husband dearly, he never asked for this to happen to him or our marriagebut im on this journey with him, for better or worse or sickness and in health"
41,"I originally posted this on a different place but someone suggested I am a narcissist which I am not, and that was the only response I got, with no actual help or answers to my questions. Now let me start this post with saying, I have ADHD, I am Autistic, and I have a lot of trauma from growing up undiagnosed and in an emotionally abusive and unavailable household, in fact one of my guardians (parent would be too generous of a word) was a narcissist so maybe the trait I am about to describe comes from them. I have this problem. No matter the environment, I feel this constant need to impress other people, prove that I am capable of doing great things and more. I am well aware that this comes from the childhood trauma as I pushed really hard as a kid to achieve a lot, and also punished for struggling. I had to constantly put 120% into everything to achieve maybe 50% of what other people could/expected of me and then I was told that I wasn't trying hard enough and that I was lazy. It doesn't help that unfortunately I do have a lot of skill and I did achieve things that people find impressing. (I get praise for some of my work all the time.) And just in general I feel like they way I come across to people is someone who should be capable of a lot more than I actually am. I feel like I cannot live up to the expectation people may have of me. I feel like a disappointment waiting to happen. Now I am uni, and I am finally studying something I am passionate about, however I am really struggling to focus on learning instead of getting good marks. I feel this need to be at the top of the class and to impress all of my teachers and classmates.(Also I am pretty sure a bunch of my classmates also have adhd a autism so I really feel that the pressure to not be struggling.) This is really interfering with my life and I had multiple meltdowns over this. Genuinely feel like i am gonna put a lot of effort into something (like my assignment) and my teacher telling that I should've tried harder. (This actually happened to me before).(Basically putting a lot of effort into something and its still not being good enough.) How do I deal with this?How do I stop trying to impress everyone and just focus on myself and my studies and my goals?How do I stop comparing myself to other people?How do I stop trying to live up to what I think is a perceived image others have of me?How do I not worry about wasting my energy on something that may not be good enough/approved by others in the end?"
42,"Hello! I’ve just over come my anxiety depression moods and thoughts of self doubt! I had severe depression and anxiety my whole life. And I bit the bullet and caught up with an old close friend that I hadnt been close to or hung out in ages. - I’ve experienced a lot of family neglect and anxiety, due to a lot of them not being around talking to my Mum. I don’t connect with society and instead of being asked to, I get criticized by Health Professionals. I just want TO LIVE, BREATH And be close To ppl."
43,"I’m a female in my mid 30s. I have children of my own. I was in an unhealthy relationship for many years. I had children with this person. During the relationship there were a lot of red flags that I should have payed more attention to but somehow ignored. A year or two into the relationship he had sexual intercourse with me whilst I was asleep. He didn’t physically hurt me but there definitely wasn’t consent. a year or so later I woke up to him a similar incident involving my face. Near the end of the relationship I woke up to him taking photos of me and touching me whilst I was sleeping. I was upset after each of these situations, we broke up shortly after the last one. A few years after we broke up (so fairly recently) I was looking at some digital photos he had given me and found a folder full of photos and videos he had taken of me whilst sleeping without consent. In some of them he’s touching me intimately. min some of them he’s moved my clothing to get a better “shot”. He’s also recorded us having sex without my knowledge or consent. Even though these photos were taken a few years ago and we have since broken up, I still feel really upset about it and violated. Some of these photos were taken at the beginning of the relationship and others were taken at the end of it so this has happened on a lot of occasions and has occurred over a long time. Ive searched online to see if I could connect with someone else who has been through a similar experience but can’t seem to find anyone? surely I’m not the only person this has happened to? I know that it’s illegal to take photos like this without someone’s consent but most of the info I can find focuses on the nonconsensual “sharing” of intimate images and says nothing about nonconsensual “taking of photos”. The ex and I did sometimes send consensual nudes to each other throughout the relationship but this feels completely different due to the violation of trust and privacy surrounding these photos/videos. I feel really hurt. My self esteem is affected. I feel like this has affected my self value negatively. I don’t know what to do about it from here. I don’t know if I would be taken seriously if I reported it? I’m worried that my ex would just lie and say that they were consensual if I report it? I feel so betrayed and disgusting."
44,I feel like this is a taboo subject and can't find much about it. I'm suffering from PTSD from violent and aggressive behaviours from various students in a main stream primary school. I always felt that I was trying my best and unfortunately it wasn't the case with managing consistent aggressive behaviours. Staff were conflicted with managing this behaviour. I have now lost my ability to work with children due to the exposure for over 4 years. I feel lost as I have been deemed to have no capacity to work with any children due to the level of exposure of violence I have endured. I feel lost and neglected.
45,"When I was 10 my best friend said ""how do you kiss?"" As a child I had no idea, but now being older I understand what she was really asking and i had even less of an idea how badly it would progress from there. Me, a teenage girl now looking back on little girl me that never knew if what was happening was assault or if it was nothing. Today I know my answer. Sadly i have delt with countless accounts of this situation with her and I have also had 2 occasions with a cousin. I talked to my mum, some friends, counsellor and 5 weeks ago I told a teacher and a stranger that comes to skls to talk about sex, consent, assault, and more. I now know my friend was not just curious but what she did was sexualising assault and rape.I am proud of myself for staying strong, for speaking up and getting the help I needed. I asked the questions that were eating me alive, discovered myself, my experiences and what I want to do. I do now feel like I'm alone, like people can't relate, and I feel like I'm branded. I don't remember being asked out by anyone since, and I feel like I'm untouchable and unlovable. I pray I'm not disgusting or something. But the girl who assaulted me said I should starve myself for 3 days exactly or more, I've been called flat chested, flat ass, and all other nicknames for both, I've been called skinny and fat, ugly and pretty, dumb, slow, annoying and a yapper. But I'm also called pretty, sweet, kind, an empath, and so now I wonder? Was it my fault, did I lead them on, how so? Am I pretty or not, lovable or not. Am I perfect, average, or a background character in everyone else's story. I'm happy with where I am and how far I've come, but there's still questions unanswered I want to know. The fears these people created about my personality and appearance. I don't know where I stand. I love myself, can't stand my own voice in my head, don't like how I look most days but my strength and personality keeps me going. Idk if anyone's reading this, I don't mind if you aren't really paying attention, but I'm here for you so is many others on this site, if you need help, no matter how scary, reach out. Some people may say nothing, others may say to much or the wrong thing, but someone will listen, someone will be there at the right time, in the right way. Goodluck stranger. You got this"
46,"Hi - I've been going to therapy and working on my healing for some years now. I'm making great progress and life is good. I have had bits and pieces of memories coming back though. They are fragmented and mostly sensory... but when I put them all together it paints a picture of child sexual abuse from my mother, to me as her daughter. My mother is quite disturbed, has a lot of trauma herself and was extremely dysregulated my entire upbringing - and still is to this day. She was very emotionally and psychologically abusive towards me. But this isn't the story that one hears as often and it's so hard to find information online. We're so used to hearing about the male abuser - I wanted to post to see if others had any stories of female abusers generally, and also sexual abuse from mothers - maybe female teachers or relatives too... Women can most definitely be abusers too - and they go about it very differently to men, potentially much more insidious."
47,"A few days ago, I was informed that one of my cousins had committed suicide due to bullying, I wasn't super close with my cousin but this hit really close to home as I had attempted due to bullying. These past few days I've just been trying to distract, but come nighttime when it's time to sleep, everything comes rushing in. I have thoughts of it and see images in my head (the way she passed and the way I planned to). It's a weird feeling, I feel numb and sad and confused. It's hard because I know exactly how she felt. I haven't been sleeping well lately, getting less than 5 hours of sleep, waking up during the night, waking up early, which is unusual as I'm normally a heavy sleeper, once I'm asleep, I'm out like a lightbulb. I'm also feeling really confused with my feelings, I don't know how to explain it or how to cope."
48,"I'm going to just get straight to the point. I don't want to trigger anyone, so I'll just summarise it with what my friend told me when I told her about my life: ""It sounds like a princess story before the good stuff. Like Cinderella when she was with the evil stepmother, y'know?"" Now my mum is sick, I've been rapidly declining in health (both physical and mental) and every time I tell people about it, they say it's just hormones or that it'll get better. Does it? I've tried everything I can think of. I've reached out, tried fixing it on my own, been as open as I can with others so that maybe they can help, and I even begged God for help every night for years, but nothing works... So does it get better??? We've been going through some financial issues, so that affects how much help I can get. Is it so bad to want that fantasy life that princesses have? I mean sure I know they're just stories, but if I look forward to having something similar (finding love or even just purpose in life), will I get better, or is it an unrealistic standard?"
49,"Hi everyone,I don’t really know what I’m doing here, but I just needed to let this out. My emotions are all over the place.I grew up in a strict and lonely childhood where I rarely got what I asked for, so I stopped asking altogether. Maybe that’s why I feel so low now.About 13 years ago, I entered into an arranged marriage. Since then, I’ve been living with my in-laws, who were very controlling, manipulative, and cruel. I wasn’t allowed to go anywhere without a male companion and went through years of mental abuse. When I told my parents, their response was “it’s your destiny, adjust and compromise.” So I tried to do just that.But it feels like I haven’t truly lived. My marriage is loveless and sexless. My husband says he loves me, but in 13 years he’s never bought me a gift, a flower, or even noticed simple things like my favorite color. Sometimes I wonder if he’s gay, asexual, or just uninterested.I have a 7-year-old child who means the world to me, but I still cry almost every day. I feel like I’m in a cage, with my wings and legs tied. I’m not financially independent, and I don’t know how to get out of this.I guess I just want to ask: does it ever get better, or am I going to feel trapped like this forever?"
50,"I’ve recently lost my job for the second time during probation period, it was a job I was after and had no issues leading to my dismissal, the boss was friendly at the stage and came off as supportive, I’ve got two kids as well and he’s got two kids as well, seemed like everything was fine and on trackUnexpectedly he gave me the flick final day of my probation and asked to return everything and said it was a business decision. Now I’m unemployed with two loving kids and a wife in distress and feel like giving it all up, I can’t cause my kids need a father but everyday I feel like what’s the point, I’ve been lied to, everything in my life crushed and falling apart, nothings working out for me but it’s like this everyday, waking up and being like I’m in this same pickle everyday, get a job, get lied to, go out have a go, people put you down cause you’re of different ethnicity, it’s all getting too much, what do I do? I feel like I can’t talk and trust people anymore and feel sad and what’s the point, can’t catch a break"
51,"When I was 5ish, my mum started dating a new guy. We moved in with him, but we as kids (2 girls <7) didn't move in as such, he had a bungalow out the back which was transformed into our 'bedroom'. Of a night, the back door was locked (deadbolt) we were only really allowed inside for meal times, (toilet/shower was put in in out-house laundry room) From age 8+ for myself I was expected to get myself to/from school, that was ok as it wasn't far away. Once I moved schools 9/10+, I then had to get public transport myself (to and from school) not only this, but we were reprimanded a lot from the bf. If we didn't do as told (ie water flowers before school, pick up dog poo, clean room etc) we were given PAGES, not just lines like they do in school, actual pages. 50+ if we did wrong (of lines), I barely had/allowed a social life... my father fought for quite a few years for better treatment of us, but ended up giving up (never came back and moved to Qld without a word) my mother allowed this treatment for 8+ years, 'she did her best'. We were left alone for a fair bit of time on continuous occassions. We would frequently be at a caravan park for 'holidays' a lot of the parents saw issues with this, with how we were treated. My mother only cares for social status, I have 3 kids and they have grown to learn that my mother only cares about what others thing, doesn't actually care for them as ppl (A lot more that I can't fit in to post occured) I'm now at the age of 39 and hubby is helping me see different. My mother and older sister see themselves as 'perfect' and don't do wrong. When I've in the past tried to approach the issue with my mum, I am met with 'sorry I was such a bad much' 'i did the best I could'. I don't know how to deal with/get over the trauma/issues I feel... I don't want to keep feeling broken."
52,"Been suffering with Panic attacks recently. Have suffered with them since I was a teenager. I have chosen to keep off the ale and certainly any drugs - why I thought they would help with my paranoia is beyond me. Anyway I spoke to my psychologist and he reminded me that healing from trauma is not a destination it is a lifelong process. You exercise your brain as you would your body in a gym. I know there are quite a number of people on here continuing to suffer, so as an almost 60 year old here is my advice to those like me who feel trapped in mental pain. 1. Dont bottle it up inside - speak to someone about how you feel without guilt or embarrassment. 2. Take advantage of the multitude of resources out there on the internet. Loads of podcasts, websites and audiobooks that will help you develop strategies to overcome your demons. 3. KEEP OFF the ale or any drug that provides only short term relief. Self medicating will only worsen your situation. 4. Get to your doctor sharpish and tell him how you feel. Anti-depressants plus a referral to a psych might be what you need. 5. Try and maintain a healthy lifestyle - exercise and diet are crucial. Meditation is also a great tool to help combat depression and anxiety. 6. You are not alone. There are millions suffering from mental health problems and the number grows each year. Do not be fearful of any stigma attached to mental health."
53,"Hey everyone, thanks for letting me join. I don’t usually post about this stuff, but I’m really struggling and honestly feel hopeless right now.Trigger warning: trauma, sexual assault, suicidal thoughts. Please take care reading.I’m 33, autistic, and my wife and I are doing IVF (near the end of our first cycle). We’re both asexual due to trauma, so her GP referred us to a bulk-billing clinic since we can’t have intercourse. My wife is handling her trauma incredibly well despite all the pain and discomfort of IVF. It’s me who’s falling apart.I’m a survivor of childhood sexual assault and kidnapping. When I was 5, I saw my mum drugged and brutalised while we were held for 4 days. I’ve carried this my whole life. Even after years of therapy, it sits under the surface, and when I get triggered, I spiral for weeks. There’s also a smaller trauma from age 9, I woke briefly during surgery and fought the nurses. It left me with a huge aversion to anesthesia. In 2 weeks, my wife has her egg collection. It involves anesthesia and a really invasive procedure. I’ve been terrified for months. I’m constantly in fight-or-flight, unable to socialise or get anything done, just catastrophising nonstop. What’s making it worse is the clinic. We disclosed our traumas upfront. They acknowledged hers and offered accommodations, but mine felt ignored. One doctor told me I’d “be fine” since I’m not the one having the procedure. The next acknowledged my trauma but said my requests (staying with my wife until she’s under, and being told immediately when it’s over) “aren’t possible due to protocol”. No apology, nothing. We had mandatory counselling, and the psychologist agreed I’d been alienated. She put a note in our file asking for reasonable accommodations. My therapist backed this up too. But in our latest nurse consult, she said she saw the “critical note” but that protocol makes it “too disruptive to change on the day.” I just shut down and left the call. Now my dread is only getting worse. My wife’s sore and irritable from the meds and can’t keep dealing with my breakdowns. I feel like I’m ruining this for her, making it all about me, and being punished for something I never chose. IVF was supposed to help us work around my trauma, but instead, it’s retraumatising me. If I get through egg collection at all, I’m seriously thinking of just leaving my sample and ending my life so she can keep going without me ruining her dream.Thanks for reading."
54,"Hello,Thank you for accepting me into the beyond blue support discussion. I have recently had open heart surgery. From the medical side I was not spoken to in detail from hospital staff about how the medical procedure would proceed. Also was not given any information that I could read and educate myself about the surgery and recovery. If I could turn back the clock to the day before surgery, I would. Why you may ask, so I could prepare myself for the trauma I was going to experience after the surgery in intensive care. And also for the start of recovery in coronary care. Completely left in the dark not knowing what to expect and how to proceed and process my long lonely road to recovery. Even to this day today, I have had no cardiac rehab and have definitely not had any support from the hospital/health system in regards to my physical/mental and emotional health. I am broken and can see ahead the darkness. I have an amazing support group of friends who contact and check in on me daily, sometimes multiple times a day. Forever and extremely greatful to them and I love them all so much. Their support is endless. I feel like a burden to them.Has anyone else had open heart surgery and willing to get in touch? Thank you for reading my post LostInDarkness"
55,In France this discovery of being raped while asleep was taken seriously I reported rape the man admits it the police man lied said he distant array him because I said not to this is not true I didn’t say that I did say sympathetically as I’m traumatised I do not think he would be good in jailthis is a man without ailments who visited doctors daily getting muscle relaxants I believe he spiked my drinks with I feel so stupid not getting it then I a roll through the rapist many text abusing me for not finishing my drink who does that no one forces you to drink your drink the man told police drinks were dear it’s lite cascade beer it’s $5 not something to abuse a lady over the man brags about being wealthy and is The rapist sent me a pornography story where he murdered me police also don’t care about this also has suspicious deaths around him I am disgusted we live in a rape accepted society I would never have reported the rape of his thought nothing would be done this man moved to my town I lived here since 1997 and now I’m a prisoner of my home this old 70 year old out at the beach oooglung his next victim
56,"Im in need of some advice when it comes to my ex's abuse towards me. He isnt diagnosed, but he shows clear signs of being narcissistic. And im not just saying that to be a ""crazy ex"". He has made my life spiral the last 16 months. Im a shell of who I used to be. I thought I was handling the situation by constantly trying to keep him in our sons life by any means possible and that ended up with me being arrested for contacting him too much about our son (harassment) and him having an ADVO put on me for that reason.. I should have reported the things he has done to me when they happened.. but I didn't because I have a massive fear of police. And I feel like if I put a historical report in now, that I'll just look like im a bitter ex wanting revenge, or that they wont believe me, or that they will laugh in my face, or that they will dismiss it, that I just wont be taken seriously. And then it makes me feel like its all in my head and maybe I am actually crazy, maybe everything he did was justified? That i bought it all on myself? I wont be able to put everything in here but a few of the things hes done include: - name calling - threats to hurt me, including very violent language and if I dont terminate our child then he will leave me, and more - flipping me off all the time - cutting me off, stonewalling, changing the subject if its something I feel is important to talk about, if I try to communicate with him - he would call me a baby, to drink a cup of concrete, im too sensitive - giving me the silent treatment - gaslighting and mind games - there was a point i was so distressed with what he was doing, I couldn't even work, I lost 9kg in the first trimester of pregnancy because of this - I now have nightmares several times per week - im now on different depression/anxiety meds because of it all - im paranoid that I'll see him or his car, that maybe he has someone following me, maybe hes told the police to follow me. Is it all in my head? Will I be laughed at if I go to the police with all this? Is this legitimately something i should be reporting? How do I do this? Are there any supports out there i can access(NSW)? Will those supports actually help me and believe me? I dont want another woman to go through this, I want him to be held accountable for his actions because he doesnt call it abuse, I want him to get help for his childhood trauma but he wont. And now I legally am not allowed to contact him for 2 years.. It feels like the narcissist has won.."
57,"Hi, I'm suffering thats it in a nutshell. My ptsd anxiety panic attacks has reared its ugly head again. I can't stop thinking of tge past awful things that have happened to me, and then my body starts to shake, my hands get pins and needles and I just can't function. Please if anyone has any suggestions on how I can stop this, I'd so appreciate it. I feel I am the only one going through this, which of course I know I'm not, but it feels so lonely. I see people out shopping, laughing and I try to put on a brave face but I'm dying inside."
58,"I was chatting with my PT today. We are about the same age, and we were talking about the challenges of bringing up our kids. I can't remember how we got there, but I started sharing some high school memories. It brought up so much. Just before I started high school I was run over by a car. No one would believe me that I was hurt because I managed to get myself home. I was only 12 years old. My school had a cross-country run. I told my PE teachers that my leg hurt. I even pointed to the jagged red line across my shin. They made me run the race, and it was agony. A few years ago, I went to the doctor because my leg had flared up again. Turned out my leg had been broken in that hit-and-run. I wish it that was the only negative experience, but it wasn't. In my second year of high school, the manual arts teacher laughed as the kids held me down and burned me with soldering irons. The PE teachers were the worst. They encouraged the bullies to attack me in the playground and openly sided with them in class. I had accidentally cut my wrist with a chisel at home. Despite having a doctor's certificate, they made me play volleyball until the stitches burst and I bled. I became very aggressive because I never knew where the next blow would come from. It's taken me years to shed my rage. I think in retrospect, I had PTSD because I lived in fear for those years. I'm calmer now. Next year is a significant anniversary of leaving school. I want to shed my angst. I'm done. They suck, and I want to live. I'm sending this into the void because sometimes you just need to say these things to get them out of you. I apologise if I cause you distress in the accidental reading. B"
59,"Hi,I'm struggling with cPTSD and am having panic attacks, low mood and anxiety. My partner was an alcoholic for over 10 years and apart from being a nightmare to live with, was verbally abusive to me and my daughter. After I walked out, they gave up. I have moved back home, but things aren't good. They are like a new person and have really sorted their life out, but I am suffering from small panic attacks in the night and sometimes during the day. We don't share a room yet. Sometimes I am fine when they are around me, but other times I am not. Is this going to stay with me forever or does it improve? I'm really trying to make it work."
60,"Content warning: mention of firearms Ok. So there is a topic I constantly and frequently have nightmares about. Well, I have done a bit of work on it and it's not quite as bad as it used to be. I frequently hear random gunshots in my head during in my sleep. It carries over into waking life. And there was a point where I'd go ballistic if people brought up the topic around me. The strange part is that the only bad experience I've had that is any way gun related was hearing one go off unexpectedly. That was a while back. It just feels disproportionate to react to that so badly. But here we are."
61,"Hi everyone! So yesterday I turned 34. Pretty exciting another year wider. Anyway.. so i had a great day. But... I got a card from my abusive famiky. And it brought up a million emotions. I cried. I felt angry. Everything. Grief all over again. I wanted to ask what do you think the reason was sending the card? I don't understand honestly. Plus its a huge invasion of privacy and I never actually asked for a card or disclosed my address to them. They have been stalking me for years online and found out somehow. So yeah. Look what are your thoughts guys!? Cause I don't know what to think. Its a strange card with ""love bombing"" language. I just cant even understand it. After all the abuse they caused - why act innocent."
62,"(Safe: in my room listening to music) How do you even move on from all the things people have told you as a child? Growing up, my parents weren’t involved in my life. They used to criticise me, say that I’m a bad person, and tell me that I have to do certain things to make them happy. They didn’t care to understand or show any empathy whenever I did something wrong. Even something as small as not finishing my dinner or breaking a glass would incite a lot of criticism. They’d ask me things like ‘why are you always like this?’ and ‘why can’t you be more careful?’ They’d make me feel like a bad person and that I could never change. They’d also make me feel like I was responsible for making them happy - like I had to do something in order to please them. If I didn’t do something, like get good grades in class, they’d withhold any form of affection and ask why I didn’t do any better. And then they tried justifying their abuse, saying that I should be grateful that they at least give me the basic necessities, like food and clothing. They said I shouldn’t feel upset because I could have had it worse, which made me doubt my emotions and feel like they weren’t valid. It’s not fair my parents broke my self-esteem. They made me believe I deserved to suffer, like I had to keep hurting myself because I didn’t deserve anything good. I’m angry that they made me feel I could never achieve anything no matter how hard I try. I’m sad that I struggle to even move on in life, while everyone else is in uni and getting jobs. I’m sad that I’m stuck cleaning up the mess they made.Because of them, I never got to have a proper youth. I never got the chance to explore new things or find new people. I kept to myself and pushed people away because I felt no one would ever listen or be there for me. I felt embarrassed for having any emotions, like it was somehow not right to cry whenever my parents abused me. I thought that I was a burden to everyone and that the whole world would be better off without me. It’s hard to move on from these feelings, let alone talk about them. You keep wanting to talk about these things and ask for help, but then some voice tells you ‘you can’t do it’ and ‘no one would understand.’ And so you give up."
63,I don't know what's wrong with me. I feel like I'm always on an emotional roller coaster. I'm new here. I feel like I've reached out to help from GP before and because I have a child that has high level autism I'm just dismissed with not much mental help I feel like I'm so alone qu I'm sick to trigger I have angry outburst. I cry a lot. I feel so defeated and so alone. I tried to say that I'm going to be better but I feel like I'm stuck in the same cycle and I want so much better for my kids but I just can't seem to get it together
64,"Hello, I am getting better , but have been through the mill . My credentials as a survivor of child hood sexual and physical abuse are there. As is my illness and many , many hospitalisations for mania over 30 years as a result . I saw Psychiatrists for 13 years , a PTSD Psychologist for 2 years and have been with my current Psychologist for 7 years . So, I have put in the hard yards . SO, I wanted to say - it is possible to become well - even I did . Yes, I am on 80 , webster packed , tablets a week - BUT - people need to know - YOU can get better ."
65,"Hi, I’ve been through a lot and I’ve a lot of my unwelcome family members tell me that I have no right to feel empowered. Well I’ve blocked and crossed them off. As I don’t need that. I’ve always had a fairly solitary adulthood. I had isolation from 16-26 but from 12 dealing with childhood and my parents divorcing. I met men and was clinging due to lack of affection and love from my family. The relationships ended usually after a year in disaster. I met men on dating sites. Back then flip phones had limited access to Dating Apps. I always went on chat. I felt I could connect on line. I would still go out. At 18-20 and meet guys in night clubs. But I would always want to talk online. I had a lasting relationship at 17-19 which ladted 2 years. I was kicked out by my parent so I had no choice but to move in with him. When we broke up I stopped seeing my friends. And I took the break up pretty hard. I was really isolated and became even worse so I was manipulated my my older sister to go live at home with my Mum. My mum is Evil. Witch. She feeds off my me falling in life. Not doing well. So she use to call the police on me and kick me out for doing the house work wrong. I was eventually kicked out and I had no choice but to go into a ShareHouse - At 22 - where I met a man who physically assaulted because he made fun of me for my life style. This went on where the Police were called at different properties for 3 Years. Up until 2012. I then went and searched back on line for another comforter and I met a 29 Year old called Joel. Where he assaulted me. And gave me Phycological breathing problems which affected my anxiety. He invited me back to his house. A 30 minute drive. Where he would call the Cops to kick me out, again. He insisted that I keep him as a boyfriend whilst I was trying to get away from him. He abused me through Emails, verbally and then applied to have an intervention order put on me because he abused me. I tried to keep away from him but he kept sending me emails knowing I’d check them, saying things like - I know where’s you live. I told my dad. And the police. My dad I was so estranged and distant from. But the authorities just told me to work on my own Self. I’ve copped it and gone through trauma. Plus been in hospitals and been mistreated for 10 years. I live at the beach. And I Want another reality. I Think. I’m 37."
66,"I've never done anything like this before. I think I just need to talk because so much of this just gets ignored at home.My dad was just diagnosed with stage 4 cancer the other day. He's been given at max 5 years to live. A random bump on his neck and BAMN... No more dad soon. I got told I wasn't allowed to be sad or cry. All he wants is for everyone to be happy and pretend everything is normal. It's not normal. My step mother refuses to admit it's there. Says I'm trying to cause problems by talking about it. Mind you it's been 3 days since the diagnosis. I'm the eldest of 5 kids (on my dad's side), being 20 years older than my youngest sibling. And the minute he told me all I can think about is how my little sister is going to grow up without a dad. Him and my step mother had been trying for another baby for a year before they had her. As much as I disagreed with my 55 year old father having a newborn it wasn't my say. But now it seems even more selfish. They want to try for another baby before he goes. And I just can't take it. They keep pretending like everything is fine. That they just want to experience life and have a big family. I'm 21 and have to cope with the fact I won't have a father anymore. How can they expect my 10 ye old and younger siblings to understand? He already wasn't going to see my sister graduate high school. Now he won't even get to see her go. They already didn't have the father I had growing up due to his age, and now they will have none. Anytime I try to acknowledge or talk about this they shut me down hard. Tell me I just need to ""think positively"". About all the good times we will have until then. But all I can think about is after. A life where I don't have my dad anymore. A life where my siblings will see a photo of him and have no idea that's their dad. I don't think I can smile and pretend everything is ok. Not when I'm the one driving him to surgeries and radiation. Not when my little siblings ask if dads ok. Not when all they want to talk about is trying to have another baby. I know they might just need more time to process what's happening, but I'm just so scared. And being quiet and smiling isn't helping."
67,"When i was 15 i was sexually assaulted by my boyfriend at the time on several occasions. I never pressed any charges against him because i was really young and scared of what would happen. Since then I've been drugged and taken advantage of by a number of guys since which has really destroyed my self worth and confidence. As a result of this I've developed generalised anxiety disorder which has further impacted my everyday life. I now go to uni and don't speak to anyone, stay in my room the majority of the time and it's been 4 years since it first happened. I've tried to get into relationships since but it feels like my brain always tries to pick apart every guy and find a reason not to trust them so I haven't been in one since because i usually end it before i can get hurt. I just want to be able to live a normal life again but reaching out and talking to actual people about this is way too hard for me to do still. I want to get better, but taking those steps feels impossible for me still. I just feel like I'm forever trapped in a loop of not being able to trust anyone, and picking apart good people for the smallest of reasons. Right now I'm talking to someone again who I really care about and I feel it happening again but I really don't want to ruin this again. I want to be able to trust this person but I'm terrified of enduring that abuse again. I just want to move on with my life but I don't know how to since I've never talked in depth about what i went through with anyone."
68,"Good evening everyone. Don’t know if I’m having a mid life crisis or that “thing” hidden in the closet is starting to creep out. im a 40s yr old male with steady job, lovely family with kids. My wife is brilliant with nurturing kids and looking after me. I am a very lucky man. couldn’t ask for a better life. However, my only darkest secret is that I’ve be exposed to sexual abuse as a child by family members and mentally physically abused by my step siblings. Been hopping to guardians one after the other due to parents not being committed. Not pointing any fingers but the shamefulness is real. On the surface level, I’m a well spoken, family oriented, fatherly figure man but on the inside, lack of self esteem, disengage and shameful I’m always trying to be positive in front of everyone and to my family. I do not want my children to experience what I have endured as a child. i’’m addicted to porn (daily basis) and tends to avoid my wife because i feel disgusted by myself. No one knows about my abuse history and addiction. i don’t have anyone to talk to and don’t have the courage to seek specialist. I’m currently applying ‘self diagnoses” by studying psychology related courses. I guess this is a head space for me to vent and a place to grasp for some air. Sorry to keep rambling but I’ve already feeling much better. please join in for discussion. Positivity shines and I believe we are powerfully to overcome our shadowed past. One step at a time."
69,"It's been a while since my last forum post about in the depression section but I can't seem to avoid drama in my life. I'm beginning to think it's a 'me' problem. I'm supposed to be cramming for my assignment but this topic weighs heavily on my mind. I have a sibling called S. I got into an argument over unintentionally provoking their dog in order to stop my dog from being chased and attacked. I know that S's dog is overly reactive to loud noises but adrenaline fully kicked in when I saw it mouth my dog on the neck and yelled because my dog has been attacked UNPROVOKED multiple times by this dog. Anyways, S yelled over me for shouting at the dog when I was trying to explain, then proceeded to walk towards me in an aggressive manner and shout pretty much in my face. I honestly thought that I would gonna get hit. After that I talked it out with S and apologised for my outburst; honestly told them what I thought about their dog not being muzzled trained even at home, being over-stimulated around guests and having a history of attacking my own dog and family members and they were calm at that point. Anyways, doesn't sound too violent right now so I'll mention what scares me. S has gotten mad in arguments before, to the point of breaking things. Things that don't belong to them. In fact, even my bedroom door is screwed - I'll leave that up to imagination. So, when S walked towards me, I honestly thought I was next to break. I know that I messed up massively with their dog, but at what point is walking up to someone to shout crossing the line when I can hear them perfectly from across the room? That being said, I am extremely tempted to call the police the next time they react like this over anything, even stress. I understand being crazy angry but I struggle to understand making someone feel unsafe even if they're reacting inappropriately towards your dog. Anyways, I know I'm a bum, but I feel like an unsafe bum? P.S. They also said that I was not acting my age after they slammed a chair down (the same type they broke previously) and walked into what I think is my personal space in retrospect . That seemed pretty hypocritical...unless I'm a real bumbum. Also I don't really think of them as a sibling after they called me retarded (I draw the line at that point) so I think there is some internal conflict about whether I care about getting authorities involved. Thanks for your time and please enlighten me with wisdom so I can act my age. Best wishes"
70,"So, when I was 4 I was put into a foster home. And I was abused awfully every day until I was almost 15. I spent almost 11 years in that House, this year I turn 18 and I’m not exactly sure how to cope with the sudden change in my environment. I feel like my trauma has made me more jumpy and less trusting. I have a new family now including an adorable younger brother and an amazing mother and father. but recently this abuse has come back to haunt me in ways I could never have imagined I’ve started acting out even to my parents and brother and I’m scared that I’m gonna do something to hurt them. I just wanna be a good daughter and sister but I feel like my trauma is corrupting me and making me a bad person. everyone I talk to about this doesn’t seem to understand that I do genuinely fear becoming like my abusers. I’ve gone to therapy and I’ve done the medication and the treatments. but I feel like at the end of the day it’s very much monkey See monkey do is there anything I can do to prevent myself from going down that path?"
71,"This is a long story but I’ll try sum it up.So basically 2 of my friends were dating and they broke up because the guy (Baxter) sexually assaulted my friend (Rosa) - it was a very heavy topic and I was on the phone to Baxter and went off at him because of doing such a terrible thing to my friend, and I didn’t release but he had people in his car listening in to everything I was saying. I then rang my friend Rosa back and told her I was going to go for a walk just to clear my head but stay on the phone to her in case anything bad happened as Baxter knew where I lived. I was scared but thought he most likely won’t come up here. I kept saying to Rosa on the phone “I feel like something bad is going to happen because he knows where I live, so I’m going to call my ex boyfriend (Jayden)” I then hung up and called Jayden and just said “hey can you meet me in the bottom of your street as Rosa and Baxter broke up and I feel something bad is going to happen but I’ll explain everything to you when we get there “ I hung up and called Rosa back, and by then I had noticed a red car following me around , it pulled up beside me and the back window rolled down and it was Baxter. I said “how did you know where I was as I don’t have my location on for anyone” and he just said oh don’t worry love we’re just going for a drive. Next minute him and two other boys jump out of the car and start circling in on me and backing me into a bush - they started throwing around all of these threats, luckily Jayden had showed up when he did because I don’t know what would’ve happened if he didn’t Is just it’s been so hard to navigate my feelings since it happened. Like it was really traumatic. I can’t sleep, I can’t eat and I can’t feel safe in my own house anymore because im scared their just going to show up at any point And I guess factoring my experience with men and abuse and sexual assault it just made it a lot worse"
72,"Teen child does not want contact with his father, teen has told father constantly via text,mother ( me) and child psychologist over and over he wants no contact at all with father.Issues from abusive/ grooming behaviour from father when we were a family unit. father has recently contacted child ,child’s reply to father was father should K himself. I sat down with teen and said that is not an appropriate thing to say to anyone, teen could have said he doesn’t want contact.teens reply was he has said it over and over 1000’s of times, his father doesn’t listen.I will let child psychologist know what has happened. what can I do in this situation??"
73,Abusive relationship survivor any support groups who understand narcissistic abuse please?
74,Hi im not sure wether this is in the right section or if there even is a right section. I find this hard to put out there for all to see but will try. Im 53yo male that has suffered seperation issues all my like due to being adopted. Dont get me wrong i was very lucky to get exception adoptive parents. I was sent to boarding school before my 12th birthday. So seperated again. Would run away from school on weekend into the city. Where i met a friend a few years older than me. He introduced me to drugs n other people that i then allowed to abuse me to get the drugs i needed. Im sorry if this doesnt make sence but nothing in my head does.
75,I separated from my husband the day he was charged - January 2025i am now living with my daughters.I miss my husband terribly and worry about how he is coping.i know contacting him is not the right thing to do but the pull is extremely strong.Has anyone been through anything similar and has some advice for me.It would be greatly appreciated
76,"I just wanted to get my story out there and see if could find someone to relate. I was t boned at an intersection by a road train at 75kms, that moment destroyed my entire life, left me with a brain injury and permanent disabilities. Along with that really bad ptsd and emotional regulation problems, since that moment I’ve felt alone, like no one fully understood me, I still feel that way now, I can’t work and I feel worthless. In the midst of my recovery I thought I had found a man who would help me through it, he seemed to understand and help me a lot. I trusted him to help me and I needed him to help me. Until he stopped, he started physically abusing me multiple times, on the last account he nearly killed me with a car when he was drunk. I have felt worthless, I have felt useless, unwanted and broken since all these things have happened to me. I can’t seem to stop feeling this way, like I should have died. I have people supporting me but it doesn’t help me, like I can’t seem to get what I need from them. I feel too broken to stop feeling this way and I don’t know if I’ll ever stop feeling like this. I just want to know if there is anyone out there who could relate, who knows how this all feels."
77,"Hi all I feel very alone as I haven't found anyone that has had a trauma where they have lost memories and had others shattered into pieces that could not be understood. I knew something was wrong 50 years ago when lots of people (counsellors) came into the classroom and talked about a boy that had drowned, I didn't know who he was and thought I should have. Then the boy next to me leaned over and told me ""he thought he was a pair of shorts hanging on the side of the pool "" I immediately had a picture in my head of this, it has never left me I have shards of memories that I could never put together or understand these are sharp and vivid. Being asked to go to a friend's place Talking about a P76 Leland car with him while walking to his place One of churning water this made no sense to me until about 5 years ago And the one of walking home but not knowing where I had come from I have thought about these everyday of my life and I could not understanding them. About 6 to 7 years ago I decided I was going to work them out. It led me to have a really bad brake down I found help with a Psychologist and a stint in SPP I got more memories back and on the memories and family evidence I sort of believe I was there. My question is are there others like me And how do you cope with the thoughts around are the recent memories real, I'm at 98 to 99 percent real, but that 1 or 2 percent just f--ks with me"
78,Hello
79,"I have not said anything for 3 years, it’s been a lonely and isolating experience and have cried my way home many nights, but after a physical injury at work where I ended up in hospital for the night I called my manager who shouted at me when I called to ask what I do with capacity form for worksafe, she accused me of self diagnosing by going to hospital.. I have been 4 weeks in sling with a deep tear in my left arm tendon (can’t self diagnose an ultrasound), her treatment after that of me is indicated of her and a handful of her long term employees treat staff. I feel you years and years of abuse, isolation, whispers of ho ( I’m a 65 yo grandma and a widow for 10years) old old woman, I have to work im alone, and actually very good at my job, previous receptionists have just fled but this time her treatment re the injury just triggered a meltdown .. I don’t want to leave the house I’m intermittently crying .. not like me I’m strong but this has taken so much from my self worth I don’t know if I can get back up again once my arm heals."
80,"Hi everyone. So im really struggling right now in my life. I feel like im stuck in a dark deep hole in the dark and I feel so alone. Context: I suffer PTSD and have suffered multiple terrible trauma experiences. I just feel so broken. I dont know what to do. I have no life direction and all my triggers are on high alert. I also struggle with anxiety/ depression which has become more severe recently due to triggers that are related to my trauma. I just feel like anytime I try to do something and put all my effort in, im always disappointed. I always end up getting rejected, hurt, or getting my hand burnt (hypothetically not literally). I just feel like nothing good is going to happen in my life. I just feel like I am a broken human being. I feel like no employer will take me on if I want to apply for a job - im so messed up mental health wise plus I dont like being around people. I get triggered SO easily I cant control it. I guess I am writing this post because I feel so alone right now in all of this. i dont know what decisions to make because right now avoidance is the best option for me. If I avoid making any life decision I'm not going to spiral more out of control. And right now my mental health is very delicate. Plus I recently had a fight with a friend and I'm not talking to him. He's been a huge support system for me and I feel he doesnt understand my mental state right now given the stress of timing of the year also regarding traumatic events. I just feel so alone and I want to never have to work again. I want to just be left in peace and deal with my broken version of myself after being sexually assaulted, abused by my ex and abused my family. I just dont know what to do. Does anyone else understand what I am saying. I just would love to know that I'm not the only person struggling with PTSD, trauma and mental health. I just want to curl in a ball and hide away from the world, in hopes that everyone will just leave me alone and allow me peace and quiet to figure out what the hell I am going to do with my life. I'm scared of living after all the awful life events I've faced and survived. I'm scared of trying again. Does anyone else relate? Id love to hear from you."
81,"I’m just not sure how to go forward.i found out my son was sexually assaulted by a teen neighbour when he was in lower primary school. I didn’t find this out until he was a teenager himself and we had long moved away. I myself was molested as a child and it was always some I thought I could protect my own kids from. But I have failed. I had a small baby at the time I found out and he is now 8 years old and he struggles. I know it’s because of me being so depressed after what I found out. Everything has suffered. I have been estranged from all my family since my kids born because I asked them for support and was never believed. I am also estranged from everyone in my life because I just hate myself so much. I can’t even hold a normal conversation anymore. Nobody at work likes me, my own partner hates me. My kids hate me. My in laws have also been no support and just call me a bitch. Now my partner wants me to leave. I understand and don’t blame him. I just have nowhere to go and nobody to talk to. Any advice"
82,"Growing up, I was made to feel unwanted. My teachers would constantly shout and criticise me whenever I made a mistake. My peers would exclude me and put me down. My parents would tell me I would never be good enough and that I deserved to suffer. Because of these things, I felt like I didn’t matter. I pushed people away and isolated myself because I didn’t think anyone would like me. I sabotaged my future and my chances of graduating because I didn’t believe I deserved success. I felt like people didn’t want me around and that the world would be better off if I was gone. Because of the things people have said about me, I’ve missed opportunities. I never got to have friends. I never got to feel wanted. I never got to feel like I deserved anything and I never go to feel like my life mattered. And now that all these things are gone, I can never go back and experience them. Those times are gone and I can never change what happened. Even if I work through my trauma now and undo all the things people have taught me, it will never change anything. It will never alleviate the pain. All that pain is going to stay with me in one form or another, and I will always be in a state of suffering. There is no hope. There is no future. The pain from what I have lost will always be a part of me. All that is left for me is a life full of eternal suffering."
83,"I hurt my friend multiple times and I know he is very stubborn. He might forgive but he will never forget and he no longer trusts me. I always have to initiate contact and he ignores me on mutual social platforms. should I just accept he no longer cares? I know it was all my fault, so perhaps I should take my punishment and move on?"
84,"Hello everyone, i'm gonna start off strong for this one. I’m still really hurt over a falling out I had with people I thought were my close friends. It started because of a disagreement and some uncomfortable situations involving another friend, but instead of working through it, they ended up twisting things and turning on me. I showed them the truth, but they ignored it. I was slowly pushed out of the group, isolated during one of the lowest points of my life, and made to feel like everything was my fault. My bestfriend even used personal things I had shared in confidence, getting her boyfriend to attack me with it, including my mental health, identity, body and life struggles. After everything I had been through, it was like i was hit by a truck. It still hurts me because I don’t fully understand how it got so bad or why I was treated that way. I feel like I lost people who meant the world to me, and it left a hole I haven’t been able to fill.Around the same time, I was also dealing with a toxic relationship. Someone I dated repeatedly ignored my boundaries and made sexual comments even when I wasn’t in a state to consent or push back. I had shared my past trauma with them, and they used that vulnerability to their advantage. Even though I know deep down I was manipulated and taken advantage of, I still blame myself sometimes. I feel confused, guilty, and honestly a little broken.I’ve been trying to move on, but it’s like I carry this invisible weight every day. I struggle to trust anyone anymore.. friends, partners, even myself. I second guess everything I say and do, like I’m always walking on eggshells, waiting for people to leave or hurt me. I want to heal, but I don’t know where to begin or how to stop feeling so alone."
85,My life is falling apart. I’m a 40 plus year old mum about to divorce due to toxic in-laws and my mental health is failing. I have lost all hope in life and am so lost. I no longer know what I want to do with my life and don’t know how to begin to start to heal from suspected PTSD due to narcissistic abuse sexual abuse and trauma.
86,"Hi, I'm new here & have PTSD Anxiety & Depression,I was in a DV relationship with a narcissist for 3 years & my ex-partner physically & mentally abused me.I lost contact with my friends I was isolated and thought I was going crazy. I have been suffering ever since. I have nightmares about the trauma caused and my mental health has deteriorated since. I keep thinking about it daily and can't get him out of my head. Some days are better than others and when I feel like this, I shut off from everyone. I don't speak to my sisters because they always blame me when something goes wrong as I have always been the black sheep of the family."
87,"Hello, l am reaching out have got PTSD and trauma every since a little girl in start. l would like to share stories with each other. l believed that anyone, who has had trauma, life changes understand each other better than anyone else ️ l am going through a rocky road with my partner's mum & Sister are got cancer and my partner is legally blind now. l don't know, if l should be putting this message up here, but l just needed to vent and, if anyone is reading my posts. That they are hearing me, where l at this moment in my life. We all have up and down in our journey. Love to hear everyone else stories.Love and Light ."
88,"I have been married for 24 years, and my husband's addiction to porn, alcohol and recently discovered his addiction to prostitutes. I have had a sexless marriage for 12 years, and my husband has been unemployed for the past 5 years. My husband has numerous DUIs and is on the interlock program and returned from Rehabilitation last year, which was court-ordered. I have spent most of my savings hiring lawyers for his DUI convictions to avoid incarceration. I recently discovered my husband has been seeing prostitutes whilst I was visiting my sick mother. A substantial amount of money disappeared from my bank account. I contacted the bank and found out my husband accessed the account. Upon investigating, I discovered my husband has been to the local Brothel. I am broken-hearted, all these years my husband's excuses for not having sex were poor erection problems, not formally diagnosed. I discovered 12 years ago his porn addiction and last year my husband subconsciously was caught in our CCTV footage mastubating at our front porch. I asked my husband if I could check his timeline for Google Maps, then realised he had been to other brothels. I have been faithful to my husband all these years, I feel betrayed. I confronted my husband initially denied, and he later confessed to adultery. My husband confessed this was his initial visit to the Brothel, and he was not aware he spent 6.5 hours with the Escort. He assured me he did not have intercourse as the prostitute was trying to help with the erection, and they talked for long periods. He then claimed the condom came off, and he failed to recall the events as he was intoxicated. Yet my husband could scan his card and access his PIN every hour, despite being intoxicated!. I requested my husband to be screened for STIs.I am traumatised, depressed, suffering from insomnia, low self-esteem, and poor appetite. I have taken time off from work to recuperate. I am exhausted.Over the years, my husband has broken my heart through neglect, yet I loved him with every broken piece. I cannot share the room with my husband anymore, My husband has requested not to take any drastic measures and to concentrate on my self-healing. I have morals, values and neglected my desires to make my husband happy. I am exhausted and do not know how to cope with the resentment and How do I recover from infidelity trauma?"
89,"I started writing this post detailing everything I've gone through and ended up with a lot of pages that won't fit in here.I tried to suicide for the 2nd time, this month.I was in the mental health ward for several days having discussions over and over of why I did it.I was referred to AODS where I have had to go through the traumas again. The Way Back service where I will have to do it all again.I am soooo tired of telling my story to different therapists. I found myself in my head again trying to write here why I feel there is no joy in life. That it is all a battle I'm very tired of fighting. I'm tired of working just to eat and sleep. Everything is so expensive. I have to move house soon. I just want to have a bonfire (I won't) of my stuff and curl up in my car.Having to recount my past traumas, my present ones over and over just leaves me a crying mess with a huge headache.Don't get me wrong, I am very grateful for the help offered. I'm just not feeling better with it."
90,"I (23F) was in a relationship with someone I really loved (24M) until recently that lasted about 3 years where we lived together… I had been in past relationships before this one that had been quite bad in terms of emotional and physical abuse, so I didn’t think that there was any issue with this one and I really thought I was going to marry him and have kids with him, so I feel utterly disillusioned. he had been very open with me about his previous relationships, and had detailed to me about six months or longer into the relationship that one of his previous partners had enjoyed watching porn with him and using adult toys to please himself, and that he liked that, and wanted to do it with me. I did not want to do this, but became quickly aware of the fact that this disappointed him, and he was upset with me and said I made him feel ashamed of himself… It was at this time that he also disclosed to me and showed me his extensive collection of porn DVDs, magazines, flashlights modelled off of porn actresses, and scrapbooks he made of porn actresses that resembled people he knew and were our friends. He had told me a lot of this had been because his ex-girlfriend had encouraged this. over time and after having struggles with him misplacing funds, lying about money, excessive gambling, and both of us having to skip meals, his porn collection grew and to an extent that I would estimate at about 500-600 porn DVDs. He had been open about wanting to please himself, and at the time I felt that this was only fair since I didn’t want him to feel stifled by me, and I felt that any feelings I had that were bad about it, were selfish and insecure, and any time I brought it up it made him very defensive and upset. this dynamic culminated in him sitting in the lounge room with a case of beer, a 2L tub of lube, and at least four fleshlights (that were correlated to the women he would watch) watching porn for days, at least twice a week, for about two years. This prevented me from having people over, opening the curtains, participating in any household task, or leaving my bedroom, and over time, made me feel like I had no control or choice. It became so much so, that I had multiple bad depressive episodes, all of which I felt ashamed about, and he called me ‘unattractive’ or ‘crazy’ for having, and would use this as an excuse to watch more and more porn. Since breaking up with him and losing my housing in the process, I feel so so lost."
91,"I was 8 when I was diagnosed with ADHD and 10 when I was diagnosed with Autism.In year 4 I just had this friend thing where one of my friends lets say her name is Molly. (this is privacy. not her real name) Molly and I were really close friends like we had been friends since preschool and so yeah this one day, one of my friends goes ""hey Mikhaela can't you just be invisible"" And like Molly goes into this kinda huddle thing and says something and, the whole next week she ignores me and says like when i'm trying to talk to her she goes ""oh it must be the wind"" or ""it's the abominable snowman again"" and yeah so that's a whole week of that. Then in year five my sister leaves the school, and my other frinpend lets say her name is grace not resl name. Grace is sad sbout my sister leaving the chool understandable, but she starts blaming me and for three terms she is constantly bugging me about how it was all my fault my sister left. she starts ig oring me making snide comments about me and rumors like it's all my fault my sister keft and Molly I only just started trusting againstarts believing the rumors and completely stabs me in the back, it's not true, and my sister wasn't getting a good enough education like her teacher wouldn't go over thing my sister didn't understand. yeah like grace and molly are just telling this new kid and feeding her the rumors and she believes them and soon there's no one at my school i can trust, not even the teachers. they don't do anything about this bullying. I find that molly ang grace both stole and ripped me of my identity and that i didn't deserve that. i just can believe it. then one day on the bus i catch grace is all in my face about how it's all my fault my sister left the school, and she keeps on insissting about its all my fault. im pretty sure it's not though.Am i in the wrong to be upset and traumitised wanting to take all days off school possible?"
92,"I’ve lived through multiple traumatic events since childhood, which have deeply shaped the way I see and interact with the world. Growing up with an emotionally absent mother, I learned to distrust authority figures, and that distrust has persisted into adulthood. Though I’ve been sober for seven years, certain situations still trigger emotional reactions, and I often find myself dissociating when faced with stress. At 48, I live with the lingering effects of those experiences. I tend to isolate myself, especially in social situations, and fear still has a strong hold over me. I’ve tried to break out of this cycle, but it’s difficult. I’ve had EMDR and various treatments along the way, but there are still some challenges—like the difficulty of being in a room with a therapist, which often triggers old wounds. Despite all of this, I’ve made progress. I’m in a better place now than I used to be, and I’m learning to navigate the complexities of my emotions. But there are days when it feels like a struggle, and I know that the way I’m living isn’t sustainable. I want more out of life, more connection, and more peace. It’s a journey, but I’m still moving forward, even if it’s not always easy. Single and living with chronic distrust, anxiety and people pleasing behaviours, lost my identity in the process. Would love to hear from anyone with similar experience? Thank you for listening."
93,"I have a psychological claim with Comcare that has been going on for years. I want to get away from them and out of the system, but they (and my awful employer) keep hounding me and sending me for multiple psychiatric exams and IMEs. They will not find me a job, will not give me a redundancy and will not put me forward for medical invalidity. I am just kept in constant limbo. The rehab consultants ignore all the medical advice and have not been able to find me a job. I have found the rehabilitation consultants to be the most useless nastiest pieces of work. They act like policemen telling me everyday to call up friends and beg for a job. They told me to do charity begging work even though I have poor social skills and anxiety. I am unable to approach people and beg for money. After 10 years of this ongoing crap, I am very unwell and don't know what to do anymore. Comcare said if I try to challenge anything or don't do what they say, they can go back and raise a debt against me for 10 years of payments (hundreds of thousands of dollars) so I am in a nightmare with no way out. Has anyone been through this? Can anyone offer advice or assistance as I need help. My anxiety is extreme and my doctor has prescribed sleeping pills to help me sleep as I lie away all night worrying. I am likely to end up jobless, cut off all benefits, and homeless, and the thought just makes me cry."
94,"In December 2024 i was visiting a friend and he collapsed in front of me,in my state of panic dialled 000 and was talked through into applying CPR for a total of 7 minutes…. i was on the phone line after checked my call log before a team of ambos arrived to continue to resuscitate.They worked on him for 40 minutes and unable to find a pulse and was given worse case scenario due to no heartbeat.They ambos continued whilst transferring him to hospital 3 minutes away with me fearing the worst.Arriving at emergency myself was told not to expect any miracles or his organs will shut down,brain damage etc etc after taking in the enormity of what had happened I’d braced myself that he was going to die.Over the course of the next week in a self induced coma he continued to improve and low and behold he regained consciousness and had a defibrillator fitted by day 13 and not long term side affects It continues to weigh on me that i actually helped saved his life and i have moments of what ifs and it seems surreal that he actually survived after i was told there was no hope just wondering if anyone else has had this happen and the after affects that one carries after witnessing the near death experience of losing someone"
95,"How do I know if a friendship is worth it? I told my online friend that I really loved and cared for him as a friend. He told me he liked and cared for me.After knowing him and sharing my darkest moments and secrets, it hurts that the emotional/energy level is not reciprocated. I know I have an anxious attachment style and my last girl friend never loved me back either. He knows about this and I have explained how much it hurts and how I worry that the same friendship dynamic is repeating.l'm tired of always being the one that cares more? Should I try to care less or just cut ties with my friend and move on? I'm aware I can't control his feelings but I find because I am going through a difficult time in my life already..it's really affecting my self esteem and mental health.He says he wants the friendship but I wonder if it's better to just cut ties and work on my anxious attachment style. So I can find a friend that I don't continually chase and the emotional investment is more equal.He use to reply and text all the time and now everything I say seems to irritate him and he never initiates contact. I try to get him to see the friendship is already over but he always repeats that he is fighting to keep me in his life.I know in every relationship that someone always feels more but after everything we have shared and the level of trust I put in to letting him see the ""real"" me...it just hurts that I know deep down that I am disposable to him and all the time spent and conversations meant nothing.Opening your heart and being vulnerable and feeling undervalued just hurts. I know I am the only one keeping the ""friendship"" alive because, that's not a friendship at all."
96,"I am not sure what to say, I need help, I am a 45 YO male and I have been verbally abused by my brother for 13 years now. I am at the end of my rope, and thinking of just ending it, but my sister is willing to let me stay with her, about an hour from where I am, I just need to figure out how to get there. The short version is I have never worked in my life, I have irritable bowl syndrome, it means I spend a lot of time in the toilet ( in my case cant stop), and it has made living any sort of normal life impossible, and as such I have had to live with my mum and dad (well mum since dad died in 2012), and so does my brother, although he has run a business but it is pretty much dead now. I guess I just don't know what to do beyond just fleeing and giving up on most of my stuff. What do I do when I get to my sisters place, its just 1bedroom unit but she wants to move. I am hoping a friend my help me escape, but what if he gets abusive, and I call the cops, would they even bother being male on male/brothers and not actually physical abuse. How do I go about getting help for all of this, especially the shame being a male, and the guilt, sadly my mum has been in hospital for almost 4 months, and will be bed ridden for the rest of her life, which is likely only months, and fleeing means it would be almost impossible to see her. How do I get help, he has been abusive not just to me, but also my sister, a friend who has his girlfriend but now just lives with us for his work, and she is almost 72, and uses our mums money for gambling.I know its dumb, but I really don't want to call the cops, I think that would make him worse."
97,"Hello to anyone reading, I have been diagnosed with schizoaffective disorder and I'm on medication of it.The problems is that when I was getting on lithium I started having these repressed memories or false memories of sexual abuse as a kid.These memories feel very real to me and during that time they were going on they were the only False memories or repressed memories I was experiencing I had no other symptoms.It's also true that I used to play rape with my toys as a kid and I knew to keep it a secret.These thoughts circle around my hand till they drive me crazy.Could there be some truth to them?"
98,"During Friday I was sitting alone, waiting for parent-teacher interviews to be over, you know as you do and i casually started thinking of how toxic it was back at my old school. I was there being all like ""wow i survived that i am strong"" but then realised that i was left with the scars of the old school *hem hem* eating disorder will not eat anything at school well i dont eat at school anymore because of how healthy it is at school because i am socialising in the library at lunch and recess and don't have enough time for food. But then not to mention I can't trust anyone anymore after grace* completely turned around and said one day ""you're not my friend because you are the reason natalie** left.""*Grace is not her real name because of privacy**Natalie is my sister and yet again is not her real nameIf anyone wants to talk i want someone to vent to"
99,"Hello Everyone, I have recently come to the knowledge and understanding that I was sexually assaulted a few years ago. I was at a work party and I had been drinking. At the end of the night, one of my work colleagues dropped me off at home and walked inside with me where we had sex. We were both over the age of legal consent. I just assumed that because we had both been drinking alcohol, it was not considered to be assault. In the last few days I have realised this is not the case. This person had been interested in me for a while at work and I had made it CRYSTAL clear that the feelings were NOT reciprocated and nothing was going to happen between us. I knew he was married which automatically made him off limits but also, I was just not interested. We lost touch for a couple of years but recently got in contact again. Since that night he has continued to make it very obvious that he is STILL interested, and I have continued to tell him that I am not. A friend pointed out to me a few days ago that he sexually assaulted me. They are 100% right. If I was sober, it NEVER would've happened. I barely remember a thing about that night and I hadn't had more than 3 drinks, which leads me to believe my drink was spiked, although I don't think it was by him. I chatted to him on messenger yesterday and asked him about the night it happened. He said he has a pretty clear memory of it all and what happened back at my house. It's clear in his mind that he thinks I wanted it, but also that he is very much aware that it wouldn't have if I was sober and that it will never happen again. The fact that he was able to describe my body in detail, what we did in my bedroom and remembers what I was wearing, shows me that he was far less under the influence than I was. I am NOT okay with this. I don't know what to do with it all now. Thanks for reading."
100,"Hello,I’m Clancy, I have been trapped in a relationship that is becoming increasingly toxic by the day.I have been in this relationship for 32 years. I have attempted to break free on three occasions previously, once prior to being married, where he threatened me with physical violence.In hindsight this should have raised a large red flag, however, when he broke down in tears I felt doomed.My husband will not allow me to severe the ties. His controlling nature has intensified,and he is constantly demeaning. He is careful only to do it behind closed doors.I am currently recovering from a health issue, largely caused by my environment. I have a checklist of tasks, and just have to work through those.Any advice from someone who has been through a similar situation would be particularly helpful. As well as general advice from supporters. So grateful to have signed up to this forum."
101,hi im lacy i have ptsd and im 13
102,"In final stages of divorce court. I left due to domestic violence. Highly anxious and unsteady. He has had various orders from police/courts. I am seeing therapist at this time. I have found courts unsafe, totally unaware of impacts of domestic violence. I had to relocate/flee in car. He has since found me again and fear him locating me during this. There has been more than one move of houses due to this - I do not want another. This has put serious strain upon finances, my time and work."
103,"My husband has extra martial affair with his sister in law now he is abusing me meantly and physical , i have one 18 month kid as well.his sister in law is overseas , now my husband wants brings her sister in law and her children in Australia in my house .he took my car so i can't go on my work and he stopped giving money as well.he block my phone number as well ow he threatened me he gonna harm me and my baby but now my father is with me for my support i want separation with my husband but i can't afford the fees of Lawer what should i do"
104,"Hi everyone. Last year I finally got out of an abusive relationship that went on for over 3 years. he was my first ever partner. he was mentally and physically abusive. since then i've had trouble with sleeping and my dreams. In day time I am fine, but when I go to sleep I either have dreams about my ex attacking me or running after me, or threatening to kill me like he would in real life. or I dream of blackness and I start hyperventilating and sonetimes I silently scream to the point where it hurts and my body aches when I wake up. I sometimes cry a lot in my sleep and wake up in a sweat. is this ptsd? i'm on anti depressants but I still have these dreams. it's really starting to affect me. Should I see a counsellor or is this something a doctor should know about?"
105,"Hello All I'm 35 now and I keep having flashbacks from being sexually abused by a lifeguard when I was early teens. He was in his 20s. He literally groomed me over a summer hoilday and gave me lollies, food and let me and my siblings work in the canteen. I found out a couple of years ago it happened to my twin sister too. She never told me. I recently was on Facebook and his face came up on a page he was working for, it made me sick. I went to go to the police last year, it took a long time and then they said I would have to go to trial and relay everything so I freaked out. I don't know who to talk to or what supports are out there."
106,Hi I knew here. I just need to chat with others who are in similar situations to myself.
107,"I have recently turned 50 and have been a carer for my narcissistic mum. She uses all the usual tricks, gaslighting, verbal abuse, isolating me, sabotaging etc.My mental health has spiralled and after being a carer for 10 years, I feel depressed, anxious and suicidal. I suffer from childhood PTSD with physical and emotional abuse. We were also often starved as children and were never provided a stable loving or nurturing environment.She is now 82, has two brain tumours and has fallen and hit her head twice. But after being repeatedly verbally abused in front of doctors and nurses, I broke down. I can't continue and often feel like the only way to be free is to take my life.I am on a carer's payment so I take the abuse because I am scared of being homeless. I have no husband and was unable to have children. I have had a case manager assigned to me as I spiral further into my depression and suicidal ideation.I have told her I can no longer be her carer, she is trying to guilt me. I have no self esteem and feel guilty for leaving my mum in the hospital. I have no support network, no friends, no income and feel so isolated and desolate. My life has passed and I my body goes in to panic mode as I am continually traumatised by her abuse. I feel so much shame and lost in life. I have no idea what to do, I will soon be homeless and I will be unable to make car repayments. I'm a scared little child at 50 years old and I long to close my eyes and never wake up. I wish I was never born. My depression and GAD has made me in to a coward and I am worthless."
108,"Hi, almost 3 years ago I discovered that my husband of 28 years had cheated on me what I thought was on 3 occasions. I discovered he had been to prostitutes. He blamed me because we had not had a great sex life for years. When I confronted him he denied it until I asked for his phone and showed him the messages. He then told me it was all my fault. He wanted to go to marriage counselling but would not book it. I ended up booking it. The counselling did nothing. He swore to me and the councillor it had only been 3 times. Fast forward a couple of years of hell and he finally admitted to this going on for 26 years. I did what he wanted, gave him sex regularly. It was hard as I felt so broken and he didn’t care for my needs. Then late last year he told me, after I probed, that he had continued to see prostitutes as it didn’t feel consentual. This was after telling me he hadn’t. Continued blame on me and no understanding of what I was going through. I also discovered he had downloaded dating apps going back 8 years. He lied to me from the beginning of our relationship telling me he hadn’t travelled extensively before we met. He also told the same story to our kids for years - so lied to them about his travels. That hurts the worst. When I called him out on it he just dismissed it. I feel trapped as I can’t afford to buy him out of our house or to sell and buy a place. The housing market here has made my hands tied. I would have left him years ago if I knew of his behaviour. I have to bide my time as my son is still in school and I know he will become very very nasty when I tell him it’s over. I feel scared and trapped. The hardest part is that he blames everything on me."
109,"Hi,After 19 years in a toxic marriage I am finally almost divorced, after being constantly told there was something wrong with me, reminded of how useless I was, reminded of my dysfunctional childhood , having the finances controlled and told I needed help I went to see a counsellor who told me that it wasn’t me who needed help and showed me what I was experiencing, it was like a light switch and I grew more confident and assertive. I had a support network of friends who were like family. I was then offered a job to move to another state and he felt it was a good idea too. Fast forward to 2018, I suffered an injury which meant I had to take time of work, the mental abuse was suttle at first however it started to get worse and worse to the point I was threatened and told to leave, when he knew I had no where to go, he would tell my children how useless I was, I returned to work as fast as I could and he would take almost all my pay, it seemed to get worse as he knew I no longer had a support network - eventually I became so worn down, depressed and felt so trapped, I started just shutting down and taking the abuse. my credit rating was finally fixed and I used the opportunity to store money away, he once again threatened a divorce or separation and I stood firm and accepted it, only for him to a month later say he was forgiving me for whatever I had done - I didn’t accept it and said I want to leave - he threatened I wouldn’t have my children however istood firm. I had to find a rental in th area close to school which was very expensive. I thought it might change but since living seperately he’s still a bully and I feel I’ve finally hit a wall - he’s not given me a cent and I’m scared to take further, he’s extremely cruel and I’ve tried so hard to co parent but anytime I try to stand up for myself he will place horrible demands or restrictions. I feel so stupid because I’ve started to submit and I’ve lost myself somewhere, I’m overwhelmed and I’ve started isolating from the world hiding away. I don’t have family or friends and wouldn’t want to add my life story or negativity onto new friendships. I’m sorry for the Debbie downer post. I’ve never been in a place where I’m ready to give up and everything feels so overwhelming I become exhausted- I have zero will left"
110,Does anyone else think “ I better do this even if I don’t want to -it won’t kill me “ I better do more than expected to make someone else happy or life easier Take blame for anything and everything that goes wrong for someone else. Not talk about personal shame and stress or when boundaries are over stepped as there is a fear someone might get upset or offended or judge and leave. I will do what ever I can to make sure others are first - offer the last choc even I I really want it. Give up something nice I have because they like it too. Give give give then I expect a little back hope others would be kind back. am I alone here ? is the stem of behaviour come from a selfish mother ? Can I change the habits and make new boundaries and learn to be honest with out fear of irrational thoughts of abandonment ? thanks for reading.
111,"Hi, my journey up to this point has been difficult, I bare the mental scars of all my negative experiences those of so many people throughout my life. The abuse was physical, verbal, psychological, sexual and narcissistic both during childhood and in adulthood on top of being a long serving veteran. now at 50 I suffer from severe CPTSD with psychosis and everyday is hard for me to function, I rarely leave my apartment, I feel stigmatized by the way I look and feel in public my professional career is ruined, no family, only a one long distant friend, repeated hospitalization. I've always a kind, giving, empathetic person and as soon as I got sick everyone turned their backs on me. I blamed myself for a long time for how I've been treated but It simply isn't all my fault. Life shouldn't be this traumatic or lonely, I don't give up but this has been a hard path to walk and the bad far outweighs the good"
112,I'm not sure if this falls under trauma or depression but the entire time I have been with my partner he has suffered from alcoholism. It has caused our family a lot of pain over the 5 years we have been together. We share a 2 year old and i am left to care for him alone as my partner works away and when he's home he is unreliable and is intoxicated or hungover. He forgets he has a family when he's drinking and it makes me feel very unloved. There's obviously so much more to this story but I guess I'm just wondering if I left the relationship would I be better able to help myself heal and get better? Or am I depressed because that's just who I am and am I just trying to blame it on him?
113,"Hi all. Was watching channel 9 “my wife my abuser” and it struck a nerve and I found myself feeling sad for the abuse I took physical , mental and emotional. 16 years in a relationship marriage being berated for the smallest things ie hanging a tea towel slightly uneven. I can’t perform a diagnosis of my ex wife but it looks like the text book narcissistic behaviour. I found myself fully functional at a in charge level of one of Australias largest companies to coming home and being a mouse of a man . We have been separated for 9 years now and there was the classic text harassment and denying visitation of a child. What I’m looking for is does anyone know of a narcissistic survivor group or similar in the south east of Melbourne. I’ve tried one on one counseling and didn’t find it helpful apart from the sharing my story. Seeking a survivor group. thanks"
114,"Before I continue with the incident I’d like to note that I have a partner. I’ve also been raped manny years ago and still struggle with that trauma I have a friend who has a partner who for 6 months have been trying to engage in a threesome with me, I have repeatedly mentioned how uncomfortable this makes me and sometimes I’ve had to leave their house because of how pushy they become. It’d had been awhile since they had brought it up so I thought the fantasy was over. Well recently I was drinking at their house and they offered me some type of drug I’d never had, my friend kept getting me to sit on her bed and her and her boyfriend would get closer and closer eventually they started to take my clothes off and dressed me up in some outfit, I was so anxious and my friend just kept saying how happy this made her how long she’d been waiting for this and I just stayed quite, I didn’t move for the longest time I just let them do whatever they wanted, it went on for hours I at one point even made it seem like I was enjoying it, her and her boyfriend seemed to be enjoying it so much. I just didn’t say anything, I didn’t say no. infact at one point I just said to my friend you can do whatever with me I don’t care my friend finally said that she was done with me and I was so relived I got up got dressed and cried as I left. I tried to talk to my friend afterwords saying how uncomfortable I was and how I want to tell my partner. She’s now threatening that if I tell him that everyone will know that I’m a whore and everyone will know about what happened. But I don’t care what happens I feel so disgusting and I want to tell my partner. My question is, am I just regretting what had happened because I understand the pain it would cause my partner when I tell him or are these feelings of disgust and betrayal because of how my friend took advantage of me. I just need honest answers, I plan to talk to my partner regardless of my what my friend says, I try and pride myself on being a good honest person and I’ve never cheated or thought of cheating ever so my partner deserves to know"
115,"Hello Beyond Blue,I hope we are all going great for new year. Im wanting to share my story, I'm trying to get the free councilling sessions from Victims services, but in the mean time I just want to be heard, I'm a 25 yr old male if that helps. Trigger warning: This involves DV and emotional/psychological abuse as a child. I'll try keep this short From as early as I can literally remember, my parents had a very rough relationship. I can't count how many times I watched my father beat the absolute fuck out of mum. We lived in a rural area with my grandparents in the nearest house across the paddock. From about 3, when the fighting started, I'd run over to their house screaming for them to help, and they'd go try break it up. My grandparents were my anchor at that time. Often I would cry to stay there because I was scared of the house. Id have this same nightmare over and over, and I'd dissociate heavily when my brain tried to ponder on my fears. So there was the DV, but another thing among others that fucked me up (this may make your stomach churn a little), when I was maybe 3-4, my father would sit me up on his PC, and show me extremely violent pictures and videos on an old website that any 90s/00s folks might remember. This pains me, as I feel my father stripped me of any innocence I had. I get teary thinking about it, what kind of grown man shows a child whos favourite passtime is Sesame Street and the Wiggles, pictures of people committing suicide and people being executed? The DV went on until I was about 5, my mother had more then enough, my baby brother was not long born. She feared one of them were going to end up killing each other, and I don't doubt her validity. After I was taken away by DOCs, for the remainder of my childhood I had to visit my father every fortnight. Nearly everytime I visited him, there was always something stuck up his arse. If it wasn't him driving my emotions into the ground, it was death threats on my mother, he'd tell me he'd kill her and any man she got with, any baby they would have together. The shit he would say and emotionally do to me is a plethora of absolute pathetic insecure dribble. I swear sometimes my father wanted me to fail, either that or he is a complete moron that thought he was trying to toughen me up, which just did the opposite. It went on up until I was maybe 13 when I started giving shit back to him, once I got older he calmed down a lot, he realised he couldn't control me anymore so he just gave up. Our relationship has been pretty good over the years, but a number of times we got into punch ups and arguments when we were drinking. I guess that was just me finally releasing all of my pain for him to see. But, some people you just can't change, he even laughed at me one time while I balled my eyes out screaming at him. But besides all that, most of my childhood was good, you always have to remember the bright side. I had pretty bad anxiety throughout highschool, I found socialising extremely difficult. But I'm not bothered about it because I know most people don't go through what some do, so I take it with stride. A lot of things resurfaces when my mothers partner, who was a paramedic, spiralled into a state of Fentanyl addiction and PTSD. It started back up when he locked himself in the bathroom one day and tried to kill himself by OD. I went into adrenaline mode and started CPR, I watched the life just drain out of his body, it was complete insanity. After that, a lot of memories and feelings from my childhood resurfaced, I started having the same nightmare I had as a kid again. Months after just before I was to finish yr 12, my girlfriend at the time who was my rock, broke up with me, and that really fucked me up even further. I quit school and wallowd in depression, but not long after, my ex step dad accidentally set the house on fire an we lost everything. Honestly, when it was happening I just dissociated again, the loss didn't really hit me as hard as my mother. I've tried to keep everything short, theres a lot more I could talk about, but thats the bulk of it. Just wanting somebody to read my story, and maybe help me out a little. At the moment I'm struck with Anxiety and Agoraphobia, dunno if I suffer anything else but I for sure am pretty emotionally dysregulated. Thank you a lot of you read this for me, you don't have to reply but I'm cool with any input anyone has."
116,"I’ll get straight to the point. My father was a very unintentionally charming man and everyone who’d been in his company found him funny and charismatic. What they didn’t know was he had a temper and aggressive streak. Both my mum and I had been the targets of his fists. My poor mum also had to suffer the wrath of her father. I still to this day (in my mind), see my father physically assaulting my mum. I have red marks and bruises all over me going to school. Back in those times, nobody looked at these issues. Mum used to blame me for being beaten up by my father. I left and ran far far away being independent for my whole life. Until I met my partner. I foolishly thought I’d met someone who genuinely loved me and wanted to spend the rest of our lives together. Then the nightmare from my childhood returns in the form of my partner. He was lovely and sweet before the kids came along. Then like a switch, he became this person who is not like the one I was with before kids. He became more aggressive and critical. He doesn’t like being asked questions (questions=attack on him). We used to mark appointments on calendars so we wouldn’t double book. He stopped, citing it was none of my business, or he told me weeks ago so why couldn’t I remember. I didn’t want to have a child until I get a new job and settled in. But he told me time is of the essence and we needed to try soon. I asked, what if I couldn’t get a job after having kids? He told me not to worry as he would take care of all of us. Then it started. Like a switch. I had a horrible birth experience and needed a lot of support. He told me women have babies all the time and I should just move on. I said I couldn’t go through it again for a second child. He laughed of course we were having a second child! Yes I agree with you if you’re reading this. I am stupid. I trusted him and loved him. So I gave him a second child. When second child was 4 months old, he assaulted me and tried to call the police to falsely report I endangered my children. Why did he hit me? I told him we shouldn’t let our 3.5 year old climb all over tables disturbing patrons at the restaurant and not to let him run across the carpark. He told me his parents tried to control what he did and that now I was doing the same to our kids (3.5y and 4mths). I was shocked. He wanted to sell up everything so he could go hide away and we had to fend for ourselves. He rushed back during lunch next day and gave me a hug (I think it was more to check I hadn’t taken the kids away). So that has given him the license to do it again. My childhood nightmare continues. Why am I so stupid? Why didn’t I run away? Why did I have the babies. Now I’m scared, trapped and hopeless. He made a false report on me that I attacked me when the marks were from me defending myself. The police gave him a lot of assistance as to what to do with me. Now, if he doesn’t like something I say or when I disagree with him, he said he would call the police to tell them he doesn’t feel safe because I’m crazy. I feel utterly hopeless and worthless that I’d gotten myself in such a situation."
117,"I was sexually assaulted 3 times by a mutual friend. Every occasion I felt weak and said no but I froze and let it happen. I tried to defer him away because I was so uncomfortable but he kept going. I opened up to my friends but since we are all in the same social circle, the mutual friend has claimed he thought it was consensual. My friends have cut me off because of it. It makes me feel like I didn’t do enough to stop it. I don’t know exactly what he has said to them, but it makes me question if my story is even true. I second guess what happened and struggle to stay true to my story because I’m convinced I didn’t do enough to stop it and it was my fault. I don’t have any support friends anymore. All my friends have cut me off. My parents don’t know because I don’t want to stress them out. I am scared of reporting this to the police because it might cause more of a drift between me and my friends. I am also scared it’s going to get turned back on me again like it was my fault. I have started anti depressants and struggling to cope with the anxiety that I get in the first weeks of beginning SSRI’s. I don’t know who else to talk to."
118,"I, and I can only guess, too many others, have been denied a voice. I am disturbed by the way police issues are handled in Queensland. I always heard about bad police but have only recently come to see just how bad an officer of the 'law' can be. I do not believe that one's mental health should completely deter them from speaking out. That those of us with Complex PTSD are treated as though we're the classical movie version of insane, is derogatory and offensive to say the least. It is discrimination. I have not given up on being heard. And I condone anyone else, who is safe to do so, to speak up. The problem is the misuse of one's appointed office. Those who are corrupt wield their power over the general public IS NOT acceptable from those who work in the public sectors. These people create and enable criminals. And they ARE criminals too. The majority of us who resign to bad behaviour, are ourselves the victims of injustice. And sadly, we defeated victims have given up on certain morals and principals. We have given up on the idea of a better world and instead, let go and accept our predicament. It's the whole, monster begets monster thing. If we can't defeat our monsters, we lean towards becoming just like them. Though I've noticed some of us tend to do this either, in complete denial or completely unaware of one's self. If we can't be heard in court. If the law fails you as it has me. Find a way to speak. Forums, the correct government departments, make an anonymous complaint to the police headquarters of your state, share a brief letter about your opinion in the Letter to the Editor section of newspapers. If you are sure you are wronged and are sincere, there are those who will take notice. We may not see the chain reaction that comes from one person caring, but it just might be that, that one person will become part of a larger change. BUT remember, there are certain rules to addressing certain people or departments. You may not see any results for you, that's true. It is about many voices growing together as one. The more who speak, the louder we get. The louder we get, the harder we are to deny. SPREAD AWARENESS. Certain mental health issues should NEVER be an excuse for injustice to be committed against us to have our voices made unheard. It's time ALL public employees were made to undergo mental health checks regularly, from psyches, outside of their own department. People are people, regardless of who or what. Fallible. Flawed. Bias. Common."
119,"Hi, how did I get here, where do I even begin. I am a middle aged female who is not good at talking about me or my feelings but I am suffering, my marriage is suffering. Growing up watching my father abuse my mother was very distressing. Us kids weren't on the receiving end but it still impacted greatly. I was not close to my dad I had a lot of fear, hate and anger towards him. I learned from a young age to appease people, not express my anger and to defuse situations not escalate them. We were a very close family with no other family in Oz. My mother was my world as were my sisters and brother, we did everything together and my husband and I were always there if needed, especially for my youngest sister who became judgemental, opinionated of me and my family as she grew. My older sister in her late 20's was diagnosed with Schizophrenia, she turned on me, hating me and tried to hurt me physically. We couldn't trust her around me at all. Basically I lost my eldest sister as our relationship and she was never the same and I blame the illness not her.In 2004 I suffered an injury unable to use my predominant arm with multiple operations to try and fix I was diagnosed suffering chronic pain disorder, anxiety, panic attacks, major depressive disorder and loss of memory & time. I shut my emotions down to cope with the pain and got by as I had 2 children try to look after-lasted 13 yrs. I couldn't seem to unlock my emotions after. My father died 2014 my mum didn't cope (depression?) helped her through it all as much as we could while my sister and family were causing trouble for mine. Mum and I had an argument over them as the judgements, accusations wouldn't stop and I just couldn't keep taking it and that day changed everything. Mum turned on me/us and said told horrible, nasty malicious lies to family and they were happy to believe it. Who would have thought the very people I was closest to and trusted most in this world 'my family-my best friends' would be the ones to hurt me, my husband & kids so badly. They threw me/us away. I use to 'feel' so much love, laughter and happiness. That trauma too is locked inside. After 8 yrs I reached out as I couldn't live with myself if anything happened to them, nothing has been spoken about what happened but it is not the same. I don't belong. I have all these emotions/anxiety coming up that I am struggling to contain and function with. I feel so overwhelmed. Thanks for listening!"
120,"There are 3 things I do not ever do. 1.I dont lie. 2. I dont steal. 3. I dont cheat. My wife, who has know me for 30 years, knows these things about me. These ideals have been a part of my moral compass my entire life. So, I am driving to a new job in remote SA and I get a text from my wife, who was away for work as she worked 5 wks on 2wks off. The completely out of the blue text read ""are you seeing someone else"" with some random persons facebook account as a screenshot. I'm not even friends with the person she sent the screen shot of, that person had simply followed me. I was so angry. I pulled up, called her and basically ended our marriage. I was so hurt and angry at her for even thinking I could ever do such a thing. If I was that kind of person, I would have cheated with her when we reconnected but it just isnt me. Anyway, we are trying to sort our shit out BUT, I just cannot seem to get passed the hurt and anger. I feel like she doesnt trust me. Without trust there is nothing. Not in my eyes anyway. I keep wondering how long it will be before she accuses me again. To be honest, in many ways I regret returning to the relationship after the initial breakup but, necessity is the mother of questionable choices. Any ideas on getting passed this anger I feel toward her?"
121,"I have realised that I'm passive, I don't speak up for myself, mentally weak, avoiding conflict, avoiding an argument, all the time, Is this a ptsd symptom, I've had several traumas since I was a teenager, I'm 66yrs old now"
122,"Hi Ten years ago (seems like a long time) I made a stupid decision to go online and try to date. I was 26 I had a 3 Bedroom house all to my self. I was Working. It was 6 houses from the beach. This guy, I met on oasis (dating App) ruined my mind set and affected and Ruined My LIFE. I say this because he controlled me todo anything. It was an online dating app. This got really Toxic and became bad really fast. I made the mistake of allowing him to pick me up and take me back to his place in his car. As soon as I was there, he’d (with his Mum) kick me out. I faught back and was manipulated even more. The police got involved. He said he used me for financial gain ideas. And that he needed help. I was so pissed off, but I didn’t want todo anything as you could imagine that would result in criminal activity. So I let revenge manifest over the years. He would Email me at Late wrong times. Like I.e 2:00 in the morning. And torment me by talking about himself and how he thought my sisters were a catch. I’ve gone through depression My whole life. And whilst I was drinking, and from a divorced Family I was coping and managing. He managed to isolate me from my family. Then he applied for an intervention order ON ME. Couldn’t fkn believe IT. Because we kept fighting in Emails and Phone Conversations. I’ve managed to move myself over 69 Times whilst dealing with people (share house tenants, and families) shit. As I approached mental Health.., (they wernt aware what I was going through). So they miss diagnosed me and detained me every time I went to an Emergency department for Help because I was homeless. I havnt had kids or met a person through ANY OF This. My mothers lack of support just means I want her further away from me. I’ve gained so much weight from stress eating, and I was over weight before. I developed an abscess skin infection (which I’ve endured for 9 Years) and ive had multiple insicion and drainage operations. Anyway I’m highly (At_My_Wits_end) suicidal and all the advice I got from sister (3 of them) in Canada. Is that my life is getting smaller - and smaller."
123,Cancer has basic has had destroyed my life
124,"So much has happened in my life, since childhood. My father was very strict, my mum had mental health issues since childhood. We were sent to my Nan's when mum was not good and we were often by my dad that we would be sent to an orphanage. Whenever they had an argument I was told it was my fault, I believed that because mum got pregnant with me, they had to get married. I was often left out, whilst my sister was loved by everyone, I have always loved her, she is my rock. When I was 17/18 I got my first job, where I was groomed and sexually assaulted by my boss. At the same time, my parents separated and my mum took my two sisters to live in another town, then a couple of weeks later, my dad moved out and I was left alone. I often wondered why I was left behind, that I was so unloved. I have no happy memories of my childhood, I remember hugging my dad once and he told me to get away and pushed me away. I never hugged him again. Throughout my life I thought I had friends but I've found that most of them talk to me only because of my husband. I worked hard and had a good reputation and then I started working where I work now. I didn't notice at first how toxic the environment was until I found out my boss was telling everyone how useless I was at my job. Apparently my boss told other staff what a terrible person I was, how I couldn't do my job and told stories about me. I couldn't figure out why colleagues stopped talking to me. I decided to resign and another manager stopped me, a few weeks later, my boss was investigated and had her contract terminated. I have spent the last couple of years trying to unravel the lies spread but it has been hard. In the meantime, I have had breast cancer and a heart attack and I am not the person I used to be. Now my marriage is in name only, and my husband who says he loves but he no longer shows affection or sleeps withe me. I'm tired of this existence."
125,"Hello Everyone, I just wanted to say hello to everyone in this group who may be struggling at this time to be able to talk to someone and get the support of resources that they may need at this time.I am presently trying to focus on recovery after being in two NPD relationships back to back.I learned a lot but it was also extremely traumatic and I have so much too unpack. ONE of the biggest things is how to have healthy relationships, set boundries and gain my own self worth and just plain saying no and putting myself first.Some of the things a NPD doesnt want you to do is be empowered so its unlearning all of that so your not absolutely miserable. Its amazing that we give so much away in the name of love only to have someone completely abuse it. I am the only one who can say no and no again and I want to exercise that right. Anyone who loves and supports you will work with your needs and not need to take so much.You may not be in this place and time in your own recovery as everyones story is different but I do hope that you have some support or are on your way to being able to reach out for it. Please do we are not the product of the NPD relationship we are so much more than that."
126,"I’ve been coerced into sex by someone who I thought was a mentor and a leader in human rights.I respected and admired him lots.He’s a researcher, a women’s rights defender, and runs a civil service organization. He approached me romantically and coerced me into sex, making me feel trapped and confused. We were in a relationship, but the whole time, I felt pressured and controlled. The event happened before I came to Australia. I was staying in Thailand at the time because of the conflicts in my home country. There were some times I was sick, intoxicated, or under his influence, and he used that to manipulate me. I initially resisted even his kiss,but it felt impossible to escape later days because of his repeated attempts and influences. Looking back, I now realize that what he did was wrong, but at the time, I didn’t understand it fully. What hurts the most is the disbelief and blame I’m facing from others, especially on social media. People don’t understand coercive control and rape, and it feels like no one believes me. He kept reaching out to me online, using me as a sex object, and I’m devastated by how he used me for his own purposes. I feel worthless, like I’ve lost my dignity and self-worth. The trauma, nightmares, and pain are overwhelming. I’m seeing a therapist almost every day to try to make sense of it, but it’s hard to cope when society and the connections he has make me feel so alone. I feel like no one understands what I went through."
127,Hi I am 15 I struggle with sister problems I am the youngest I have fear of abandonment in 2023 my middle sister who is now 17 left because she couldn't handle the answer no it has a huge affect on me ahe is constantly saying awful things about me online and ahe calls me all these names what do I do as I cant respond or in her eyes it's abuse and as of safe environments she has ruined school for me as I get called names and things thrown at my head
128,"I took my kids to my home country for a visit earlier this year. I have been low contact with my father for around a year. It started out when I couldn't handle his lack of effort anymore. I would often send him pictures of my kids (school, outings etc) and tell him stuff. His response was mostly a thumbs up or at best - a ""how nice"" comment. My low contact began as a test: if I stop writing will he notice and reach out. Will he miss me? Well that was a big fat no to that last question. I've heard nothing and his effort in communicating with me is pure business ""I've put money over for the kids birthdays"" (IF he remembers that is.)Our visit home was the same lack of effort. We lived at my mums place while back visiting and she was pressuring me to go spend a week at dads house. I told her that made me feel very uncomfortable - I don't want to stay in a place that puts my entire body in alarm. And being around my dad does just that.I told him I'd be happy to meet up somewhere (picnic, forest trip) but that I didn't not want to sleep at his house. I have a child who is neurospicey and forming a base somewhere is important for his well-being. I have come to realise my communication with him is purely from a place of being an obedient daughter who is always ""nice"" and let people walk all over her. And my mum expects the same of me. Kindness, self-sacrificing and ignore your gut-feeling.I was never expected to move away. I was never to have dreams of my own. I was meant to stay in my home town, obey and serve my family. In stead I moved to another country and is now realising that if I hadn't I would've been miserable forever. And I can see now, that my dads behaviour...my own two brothers behaviours and my mums also, when I speak up and ask ""why can't we communicate more often? Why can you be so generous with your time when we visit home but cut me off when I go back to Aus?"" ...is all about punishment. I moved away where they wanted me to be bound to them forever, in servitude. Because I am told I should just move back home if I want to talk more often. Where realistically they could press a button and instantly send me a message IF they wanted to. Happy new years and realising my family of origin is the toxin."
129,"Hi there, I won't be able to write everything down so I'll try and get to the point of everything that has happened to me in the last 9 months. For ref I'm a 31 yr old mother of 3 young children and a wife. I've never struggled with mental health in my life up until now I'm having a complete mental breakdown and am just now seeking help so I can find myself again. I was sexually assaulted by my brother in march. I still can't wrap my head around it and I should've got help then. I hid it from my husband and family for about 4 months before I broke down and told my husband. It is so far from anything anyone ever expected. I don't really know what I'm trying to get out of writing this on here. Sorry to change direction but it will tie in at the end... I have a very toxic, emotionally abusive and narcissistic mother. She is a horrible human who I've called out many many times for her words and actions. I have cut her off many times throughout my life and she has always squeezed back in only to hurt me again. However she is now no longer in my life as of about 2 months ago and I will not allow her back again. But the thing is I told my mum this had happened to me about 6 months ago and she unloaded on me and told me he had also been doing it to our mum for about 4 years (I'm his biological sister and mum is his both our biological mum) it's so screwed up. I also found out my dad knew (mum and dad have been divorced 10 years) and he invalidated her and failed to get my brother help. I no longer talk to my brother obviously and had to grieve our sibling relationship whilst also dealing with what he'd done to me and our mum. I also have another brother I don't talk to as he has bipolar and depression and fails to seek help and he tried to bash me so I have an AVO on him. I have a sister as well who also has children and we were incredibly close, but in spetember she abused me verbally and harassed me because I had made the choice to cut off my mum. She never understood or listened to me when I would tell her what our mum had done to me and how toxic she was. So I've recently had to lose my sister too, and my children their cousins... There's just so much to unpack and so much I need to talk about, I'm getting a mental health plan on Monday from my gp and getting as much help in the meantime as I can. I've been using alcohol and drugs to escape. But I had a massive break down two weeks ago and since have completely stopped drugs all together and won't use them again. However alcohol is still a problem and I'm trying to get help for that too. This year I also got married, had major surgery, sold our house and our business. I think I was just trying to hold it all in and hold myself together for too long and now I'm broken. I don't even know myself anymore. Sorry for the massive read x"
130,"I feel like everyone hates me. I feel like I'm not a good person. Every person I come into contact with ends up most likely hating me. I should never have kids, marriage or a career because I don't deserve good things. I had a romantic interest recently who got upset with me because I was checking in to see if they were OK and they thought I wanted to speak to them every moment of the day but they went quiet and when I checked in they were snappy and defensive. And I told them their attitude hurt my feelings and then they posted on social media how I showed my true colours. I'm not a good person. Everyone truly hates me. My ex friends. My ex partners. My estranged mum. Everyone hates me."
131,"6 years ago today an event occurred that changed my life forever. I went to work, and 18hours later when I finally walked out of that place I was never the same again. Looking about at the person I was before it, and who I am today....I can only describe it as losing my soul, the guy I used to be ceased to exist. I've lost so much, my home, my life, my drive and any sense of happiness or enjoyment in the short journey of life. I'm resigned to the fact that I'm never coming back, no treatment, medication or self will can ever remove this pain I live with daily. Everyone I know tells me that they believe in me, they believe I'm still inside and they believe that I can overcome this. But they're wrong, the person I used to be could of overcome those things, im not that person anymore. No one seems to understand, it's like my mind and soul left my body that day...but my body kept living. There's no better life in the future, just more days of pain and suffering. I didn't ask for this to happen to me, im not a religious person but I find myself asking god did I do something in another life to deserve this punishment. For someone whose job was to lock evil up to protect the innocent, I am now a prisoner inside my own mind. Yet, there is no key for this door and no one can hear me screaming to be let out. I look forward to the day I see that light shine through the darkness and im finally at peace I'm not at risk, it's just a very hard day for me."
132,"Hey everyone im Jessie, I've recently been through a horrible stage in my life. I was sexually assaulted in my sleep from a close friend. Cops can't do anything !! Lost alot of friends that weren't really my friends.. small town big talk, he's also the drug dealer of the town, I just want to leave"
133,"How does anyone have the guts to tell a vulnerable child that they’re unwanted? To make them feel like they don’t matter? To bully them and shame them for every little thing they do? In school, I was teased, excluded and put down by many of my peers. Not many people wanted to be my friend, nor did they want to be my partner when it came to group work. In recess, people would always put me last in their games and make fun of me. The teachers would also shame me if I couldn’t do my work or if I did something wrong in the yard. Not once did they offer any compassion; they rubbed it all in my face and made me feel like I was a bad person. They yelled at me and they didn’t care whether they shamed me in front of other students or not. The home environment was no different. It was just as tormenting at school, except it felt more painful. When the people who were supposed to be your biggest allies hurt you, you suddenly realise that there’s no one in the world you can ever trust. As an adult now, I see people who have friends and others who care about them while I wallow away at my feelings and struggle to move on in life. Why couldn’t I have had the same? Why was I never loved? Why did I deserve to go through all this suffering? Is it really true that no one cares about me?"
134,"Hey there, this is my first time here and first time posting. Last year I was sexually assaulted by a ""friend"" after I came out as trans to them. I don't particularly want to go into that, but the thing that is really plaguing me is that my friends chose to believe the assaulter rather than me. It took me a bit to get the guts to tell my friends, and its clear that during that time the assaulter ""prepared"" or something. After the whole ordeal, I was quickly abandoned by most of my friends and I now have one friend left. He's been my friend for over a decade. However, he's clearly part of that groups mentality. Just a couple of examples: I told him of what happened, and then only a week later he invited the assaulter to our discord server so we could play together again. I decided to leave the server because I didn't want to be around him, and my friend responded with annoyance and mentioned how ""inconvenient"" it is for him to have deal with me leaving the server. On top of that, he constantly talks about the assaulter and all the fun they've been having together with the group. All things that I use to be able to be a part of, but now don't want to because of obvious reasons. It's very clear that he wants me to ""Get over it"" and just make up with the assaulter or something. It only really hit me today how messed up this is. I'd really like to hear what others think about this situation. Thanks, Violet"
135,Hi. I need advice and guidance on how to deal with overcoming multiple failed IVF cycles. The book is closed on trying any more due to age etc... but I am left with emotional scars that feel like they will never go away. I'm stuck in just being upset and don't know how to move through this stage.
136,"Hi everyone, I want too start by saying that this is a positive step for me and any input will be appreciated whether negative or positive. There is a lot for me too unload emotionally and I’m not going to too go into all of my trauma right now in depth but it has left me with a lot of acronyms. I have ptsd, adhd and others but the main one is borderline personality disorder. I’ve spent 3 months in a psychiatric ward which were the best three months I loved it. I was surrounded by people in similar situations and I felt safe and understood. It’s been two years since my last stay. I have a family that are incapable of talking about there feelings and I’ve been alone for years . I’ve reached a point where the the only time I’m slightly ok is at work but when I’m home I cry until I go too sleep which I don’t get much of. The thing is I feel much better when I can use what I’ve learnt too help other people in a similar situation but I can’t forgive myself for my faults and apply the things I’ve learnt too my own life. I have no self worth. I’m not even sure what tge point of this message is or what I’m asking for. I’m ready too tap out. I need help, and too do that I’d like too help others."
137,"I was involved last November in a car accident while responding to a volunteer situation.My arm got severely injured. I have had a surgery and I am due for one in a couple of weeks and another down the track. All up, I was told it will take me up to two years, with little chance of regaining full motion. i have lots of trouble accepting the time frame, and in a way I think the extend of the injuries. I am active and all of a sudden, I need help for the basic things. i also have trouble dealing with the volunteering which I can’t do fully. I love that part, i love the people. Seeing all this and knowing I can’t do it just breaks me. My husband is part of the organisation too so I can’t disconnect completely, even for a little while. My husband says “i am not fun”. I know I have bad and good days, which is normal. This will change me I know. I know that done things will need to change but I can’t seem to accept my injury and what it means, not only now but for later."
138,"EMDR …. CBT. Has anyone gone through therapy for PTSD / Separation Anxiety with either of these? Seeking any thoughts, knowledge, experiences with either plus, if possible, and positives or negatives for either. My therapist keeps talking about me starting EMDR due to years of trauma initiating with suicide of an uncle when I was 9year old. Don’t know if I want to do EMDR. Having someone in my personal space I find leaves my feel nervous and on edge some times. Wanting to talk to my therapist at next session about me being involved and having a say as to type of therapy I feel I want to try. During last few months therapist has mentioned her high success rate when using EMDR. She has explained about EMDR but not about CBT or other therapies she is trained in"
139,"*Trigger warning - potentially very distressing* A couple of weeks ago I saw someone in town I knew. We were having a conversation when she began to express some generalised statements about a particular group of people. It progressively got worse into more blatant racism. I expressed that what she was saying was upsetting me. It then just got worse in terms of what she was saying and I found myself suddenly saying, ""I can't continue this conversation, I'm sorry"", and I just automatically left. The reason it was triggering for me is because a really gentle soul from my childhood was murdered with the perpetrators even admitting they did it on the basis of race. It was this same group of people the above mentioned person in town was referring to. I am being particularly vague so as to protect the identities of people affected. So all these sudden trauma emotions came up for me around this issue and that's why something in me just took over and I said I couldn't continue the conversation and left as a form of self-protection. The person I walked away from knows people in my unit complex and she has turned two of the residents against me. I am now dealing with daily comments that I hear clearly from the courtyard such as ""F#%k her"" and similar in reference to me. Today I wrote a one page letter to explain to the person I walked away from why her comments were so distressing for me, including explaining about the murder, and put it in her letterbox. I am hoping she may be more understanding as a result but not necessarily confident that will happen. I now feel persecuted in my small town because I took a stance against racist speech. I feel like I need to leave and I just don't fit here. I love the surrounding landscape and feel connected to that, but I feel I am out of place in this conservative town and unless the people currently hostile to me can come to understand my point of view and past experiences, I feel I am going to be in an awful situation daily from now on. Has anyone else ever dealt with anything like this? I actually feel unsafe and I already struggle with a whole lot of complex trauma issues around safety. I did talk to my psychologist today which was helpful. I am working on just standing tall and being straight forward and doing my best not to be intimidated. But I do feel very unwelcome here now. My closest friend in these units is my elderly neighbour who is now in hospital and so I'm concerned about her too. Just feeling very isolated."
140,"So as I’ve gotten older I’ve had these moments where memories from my child have popped into my head, driving or laying in bed at night or mid way through watching a movie, and they are of some traumatic moments from my childhood. Often it starts with things I remember but then moves into part of the memory I haven’t previously remembered. It isn’t always the whole thing either, it’s like there’s holes or parts missing but I know it belongs to part of that memory and I know there’s gaps in it. An example is tonight I remembered my suicide attempt while in high school, I haven’t thought about this in years or any part of it and then all of a sudden I remember putting on my school uniform on Monday morning as if nothing happened on Friday night and I didn’t spend all weekend in hospital. But then I don’t remember what came after that other then I remember one psychologist appointment 2 weeks after the attempt and then blank again. I then just sit there and question how I could have forgotten that? It was obviously such an awful time but it’s like it was wiped and then just popped back up tonight. I guess my question is, is this normal? Does it happen to other people because it’s only really started happening this year to me."
141,Massive trauma adding to my complex-PTSD from a hospital stay. These professionals are supposed to be people who we can confide in and trust them. My life hasn’t been the same since… Anyone else experienced a similar situation?
142,"Hi Beyond Blue community, I would like to share my story and battle with PTSD. I was a victim of domestic violence from my father, who suffered from bipolar disorder. After my mother and I escaped his abuse, I became her carer at the age of 13 as she battled a rare disease (AVM). This involved many traumatic events, including risky facial surgery, the smell of rotting flesh, bleeding from her mouth, and regular calls to triple zero. This horrible disease caused severe facial disfigurement as parts of her face had to be removed to eliminate the illness.Fast-forward to the present, my mother and I have been targeted by neighbours in a smear and hate campaign aimed at forcing us to move. We have been threatened, our property damaged, and harassed daily. I’ve had to take out personal safety orders and call the police almost every day. Sometimes, I’m too afraid to leave my mother alone at home while I’m at work. Unfortunately, this has been triggering my PTSD from the abuse I experienced in my childhood. It has affected my social interactions with work colleagues and others. I’ve struggled with suicidal thoughts and the overwhelming feeling of being stuck, as though nothing is improving.My goal is to escape this nightmare and start fresh, to prioritise my self-care and provide my mum with a safe environment where we can live in peace and rebuild our lives. I've had regular counselling and tried medication but until I escape this toxic neighbourhood I will never be free of this."
143,Can't access online chat.A window comes up to insert name and numberThen nothing happensNo button to press to continue
144,"My husband of 10 years has started therapy for porn addiction ,we’ve downloaded porn block and accountability software on his phone with his permission , the therapist has asked he disclose things and he has and I’m struggling big time ,I have a past history of trauma and cptsd ."
145,"Dear all, I don’t feel anything is enjoyable anymore. For example,if I play a game on the computer and then I am feeling, say uncomfortable,sad or anxious. The next time I see the game or try to play it, the same feelings I had at that time are attached to that particular activity. And I avoid it, to avoid feeling that same way again. All of the things I do are to distract myself from what I am feeling or trying not to think of ect. Does anyone have learned experience of how to make activities not like this or enjoyable again? I have avoided so many things because of these attached feelings. And I need to live my daily life again. Any advice would be much appreciated.Thank you,ABC01"
146,"I experienced abuse as a kid over many years and never spoke about it until I was in my 30's. Living most of my life without labels, it makes me cringe now when I hear people use the reference victim survivor. For me, it is unhelpful. How I feel can change from day to day. Sometimes I feel like a victim and other days I feel like a survivor but I find it more helpful to say that I experienced what I did. For me, it leaves room for me to grow, evolve and try and live my life the best I can. If I am told I'm a victim or survivor of something then that label sticks. And sure, we may well be a victim or a survivor of our past but I feel that it is so much harder to find ways to look towards a fresh chapter of life when we aren't given the chance to take our experiences with us, no matter how hurific the pain and how traumatic the experience, without the chance to choose for ourselves how we want to be seen. I don't hear of others feeling this way, and perhaps that's because the use of these labels in the media are so widely used and accepted, but I wondered what others who are being labelled feel about this?"
147,"so i have cptsd and i wanna know if anyone else is living like this. i feel like no one is gonna reply but i am desperate. i am fearful and scared all the time. like fearful for my life all day and all life. i am no longer in 'danger' and do not still live with my abusers but I still feel like I am unsafe. Its like being fearful of everything around me at all times. like even if no one is there, I am still looking behind me and chekcinhg everything all the time because I am scared. i also get really bad physical symptoms of the trauma, like vomiting and difficulty breathing. it is not just from time to time my heart is racing and i am scared - it is all the time. It does get worse when i have flashbacks etc but my constant state is fear. How am I supposed to live like this? is this just part of cptsd?"
148,"hi this is my first time doing this. But my dad had many different mental health problems and when he refused to take his meds by the time i was 2 he changed completely, like he was a sweet man that didnt like conflict. then up one day he was apparently in a state of psychosis. and i dont really understand different mental health terms but he was also schizophrenic and bi-polar. till i was about 7 my mum and baby sister and i lived through this and fast forward many years later i still get nightmares and i dont know how to handle a lot of the things in my life. my mum likes to bring up if we are in an argument that remind her of him and this hurts cause i remeber him as abusive and scary. i never know how to handle being told that. i guess i just want to know if anyone else gets what im saying?"
149,"Every morning I wake up knowing I have no one by my side. Every night I go to bed having been proved, yet again, that I have no one that cares for me. I see my kids, the only reason I am alive right now, and I know that they too will hate me one day or get sick of me like all the others have. I have gotten really good at half truths because if they all knew who I really was they would all hate me too or worse, use me and then leave.Just like mumJust like dadJust like my sisterJust like my husband I live in a busy house, I am a mother, a wife, a daughter, I keep a job, I socialise all while knowing fully well that none of the people I interact with will have my back or fight for me when I need them to. They never have and they never will."
150,"My long-distance best friend (known since high school) has been having a horrible time recently with lots of different situations merging and It seems to have become too much to deal with. I was only informed about his dissociative identity disorder earlier this year, and this has never happened before, or at least not to such an extent that I've noticed it/interacted with an alter (? I’m not actually sure if it's an alter this time around or a result of stress-induced amnesia as I don't want to pry). His condition has been somewhat inactive in terms of switching because if he had experienced switches before, it was not for long periods of time. I think it was more of an internal thing, but has suddenly become more severe. His ‘usual self’ is said to have gone dormant in a sense, due to the immense stress and lack of ability to process everything that is happening, and has been overtaken by a personality who has forgotten the details of the past year and lost passion for all his recent interests. Prior to this switch, he was EXTREMELY unstable, and I spent days trying to help him stay as calm as possible but the episodes were uncontrollable. Yesterday, there was a sudden change. He was being really incoherent and then asked who I was to him. He says he remembers me, but our other friends are blurry, he only recalls facts and not his feelings for them. He’s asking me all these questions about what happened in the lead-up so he can relay them to a psychologist he’s seeing next week. He's not cold towards me by any means, but there is a veil between us even though we're talking to each other easily. He's very analytical, trying to think through the things that occurred etc and taking notes. I’m just not sure if I'm approaching it correctly. I’m currently answering his questions and showing as much support as I can while trying to wrap my head around the shock of the whole situation. He says he doesn't know if the persona I'm familiar with will ever come back. I'm just clueless and lost at the moment, because he's my best friend and it hurts to see such a dramatic shift. Truthfully, I was slightly sceptical before this but the things we are talking about now would have caused endless arguments only a couple of days ago. Whatever happened, there is a tangible divide between who I'm talking to, and the friend I knew. Any advice is appreciated!"
151,"In summary:A lot of bad stuff happened in my life. Bad stuff is still happening. My upbringing and my attitude has turned me into a cynical, bitter man. I hate been this way. It would be liberating if all these thoughts, these memories would just disappear. But I need to find some way to accept it and move on. To not beat myself myself up every time I'm forced to turn the other cheek, or feel like a coward for not having been more assertive in the past. I don't want to be an old man and still be seething about something that happened in school for crying out loud! If anyone could offer some advice, it would be greatly appreciated. Context:- I am a 27 year old male (in case that has any relevance)- Bullied almost every day from Kinder to Year 11. I was even belittled by some of my teachers. Dropped out of school for this reason.- Constantly ridiculed and then back-stabbed by most of my so called friends.- Spent my pre-teen years with a step-father who used to verbally abuse my mum. Almost became physical at one point.- Came out of school riddled with depression and anxiety. Was forced to take anti-depressants. Things can only improve now, right?- Nope- 2015, forced out of our old unit by a new neighbour who threatened to physically assault me, and used his sons to intimidate us in our own home. Police did nothing besides give them a talking to.- 2016-22, more neighborhood dramas transpire because Mum decided it would be a good idea to try and open up a dialogue with the next door neighbours about the noise they were making. It went about as well as I expected.- Numerous police call outs, verbal abuse, vandalism, vicious rumours and a narrowly avoided brawl later, things are marginally better now since next door finally moved out. We still get glares and remarks from a couple of those who still reside in the complex. I still have a beef with this guy who keep putting rubbish in our letter box and staring me down every time I go out to walk my dog. He is the bane of my existence, but there is nothing I can reasonably do except to tolerate his nonsense, unfortunately."
152,"Hi, Well obviously this my situation. I was hoping to find others here that might have a similar background to chat with, it can be so hard to talk about this stuff with non-med people (and I mean no disrespect, it's just often graffic or upsetting to others). Im a 40 year old female that has spent the last 10years in the State Trauma Hospital as an Anaesthetic Technician. My PTSD was brought about after years of exposure to shocking traumas, deaths, and no support from management. I would love to hear from anyone that has a similar story, or just wants to chat. Cheers"
153,"Wasn’t sure what to list this under but I thought PTSD and trauma would be the closest thing since most of my thinking patterns have probably stemmed from that. It’s been a long time since I’ve written anything on here. I forgot this site existed for a long time, I forgot about my account, until just now. For a long time I thought I was fine without therapy, that I didn’t need it now. It’s clear to me now though that I need serious help. The way I treat myself sometimes is abusive. Even I know that. When I make a mistake I feel the need to punish myself and have sometimes hurt myself. I hold myself to an impossibly high standard and it’s physically and mentally killing me. I’m pushing myself so hard at work I’ve been throwing up during shifts. I’ve been neglecting my basic human needs in the pursuit of money, going all day some days without any food or water when it is easily accessible to me. Yet I still don’t eat or drink enough. Am I self sabotaging? It wouldn’t be the first time. I don’t expect anyone to respond to this but I just needed to vent and some people close to me are worried about me and I wanted them to know I’m serious about trying to get help."
154,"Hi,I have quite alot of trouble trying to believe people can think positively of me due to my abusive household growing up. It makes me so angry at points because im so convinced that my closest friends are thinking awful things about me, how im not special, that they like someone more than me therefore value them more, and it really impacts me. does anyone know anything that helps ease this feeling? i just for some reason find it so hard to shake, no matter how hard i want to believe people."
155,"Dear All,I have been diagnosed with PTSD since May this year.I have hardly had any treatment for it and would like to ask people who have: What treatments are available in Australia for PTSD?andWho provides them to you? I have a psychologist and treating psychiatrist. We tend to address anxiety and depression first in our sessions.Much appreciated for any answers. ABC01"
156,"I was approached by an insidious religious cult which has some very extreme and dangerous views. It is a patriarchal society where older males are in control of the group and women and children are reportedly forced into servitude to name just a few of their disgusting ideologies. Needless to say I made it clear that I was not interested in joining. The women in this cult are very young and I am old so why did they approach me? Easy, I'm an older, single, retired woman who lives alone, has mental health issues, has no support whatsoever, owns my own house and has a small amount of savings. If you join this cult your assets become their assets. I wish I could identify this cult so you could read about them on the internet. I can say that SBS ran a series on cults a few years ago and this cult was featured, except it was the US one which is where it originated from. I just need some support right now as I've never come across anything like them. The older men just seem to be playing with me like a cat with a mouse. It's their way of punishing me. I feel very isolated, disempowered and vulnerable. Merricat"
157,"Hello its been a while since I have been on here.Yesterday I witnessed a traumatic incident and have felt very sad and extremely low since. There has been some loss in my life over the past few years, not sure if this is the catalyst?I’m trying to go about my day(s) since this event however I am struggling, but don’t want to actually tell everyone what happened, how do I explain to others how I’m feeling, without having to explain the whole story, I’m fine with close friends but what about at work etc. any insight would be appreciated xx"
158,"Okay it sounds stupid of me, so please no disparaging remarks. Because no one is more disgusted by stupidly and gullibility than me. This is a long story and truly appreciate any who bothers to read the whole thing. I met a guy on a depression app, I was suffering from excruciating anti-depressant pill withdrawals. At first he provided friendship and daily 11 hour texting. He was like my saviour when I had no real life friends or family to depend on. It wasn't a dating app so nothing that conspired was something I predicted nor gave a thought to. My daily life with withdrawals was like walking through hell and he gave me endless support, kindness and advice. He told me from the start he was married and his wife cheated on him. In the early stages of friendship I tried to offer advice and suggestions about counselling etc. Although I was uncomfortable he showered me with Christmas presents and then a birthday present. I told him to stop since it made me uncomfortable. Months passed and a emotional bond was formed. He has two children and would show me videos of him feeding them or keep me informed of his activities as a dad. I use to ask him if he had anyone to help him and he would say no. He slowly painted a picture of somebody solely looking after his children and separated. After awhile the compliments came forward and slowly the language became more as a partner not a friend. I slowly developed feelings for him as we ended up being quite intimate. Only to discover after asking point blank about his wife and have him talk about her like it was an often spoken of topic. So all this time he lied by omitting his wife still did indeed live in the house."
159,Hi I was just wondering if i could find support for parental truma I don't live with them anymore I just wanna get through it
160,"Hi All, I have been working from home for the last four years and found that this has lead to Alcohol addiction ( I never used to drink prior ) and also a massive decline in my mental health and ability to socialise in general I even hate doing video links now. Has anyone else experienced this and what has helped?"
161,"Hi all, I am currently seeking advice on if I should reply to my past abuser (who is also my older sister), who reached out to me today.I've been having pretty bad nightmare about her since I found out other family members are back in contact to ""Give her a second chance"". For her to suddenly message me when we haven't spoken in many years has thrown me in a loop.My question is, is it worth the closure to hear what she has to say?Thank you for your time."
162,"Hi everyone, I haven’t been on here in so long but I need to talk about my friend. I was at a small party just with my close friends and the topic of sexual harassment came up, and my friend and I were drunk and she mentioned how her family member had tried to assault her. I asked her what happened and she described it to me, I asked if he had assaulted her or tried to, she described the situation and said she has blanks in her memories, but from what she said it sounds like he did. She also said that she went to her mother and she didn’t believe her. After this I was talking to her about it alone and she broke down and told me another incident with different family member. She broke down and kept saying it didn’t happen over and over and I don’t know what to do so I just kept saying I believe you and hugging her. She just went out after that and acted like nothing happened. Im so worried about her and I don’t know what to do, she says she can’t talk to her family and she can’t see a therapist so I just don’t know how to help her. I would appreciate any advice on how to talk to her or what to say, or how to deal with the situation, I seriously do not know what to do, I know I can’t fix her or anything but I want to support her best I can."
163,"Hi All, I’m posting it 1st time and trigger to post this is , a movie I watched is Addicted. I’m a male and I see myself having addiction like Zoe. I have always thought of sex outside of marriage. Now I'm wondering after watching this movie, I feel it is an addiction possibly due to my past?. In my past, my neighbor lured me for biscuits and sex with me. I had such encounters few times a week ,but never enjoyed it . Fast forward we moved away. I forgot about this whole thing till I had a girlfriend. I loved our time , companionship, she was beautiful and we kissed all the time we met. But one day when my girlfriend got nude I was scared, confronted and confused and lost interest , never proceeded further. I never had sex with my girlfriend. I was scared to get married due to my experience with my girlfriend but I read a book before my wedding night about intamacy within relationships. Fast forward I’m married and happy with my wife , kids. But for last few years I’ve fantasized having affairs outside marriage and it’s not happened as working , travel or with kids.But after watching this movie I felt my thoughts/cravings which often occur and disappear due to busy work just to resurface. Just curious if this is a symptom of addiction caused by my past. I would appreciate any advice to get better"
164,"I’m really struggling. It’s been a month since my partner and I broke up. He is an alcoholic. 3 years together. I still love him but he just flicked a switch and decided he didn’t feel the same way about me. I don’t have many friends, one that lives 2 hours away and one that is quite selfish. I have my mum n dad but they’re at a loss. I have 3 kids who are at their dad’s 50/50. So for a whole week I’m alone now. Whereas before I had my partner. We got along so well. He was never violent. He did say some mean things towards the end. He hadn’t dealt with past traumas. Hence the alcoholism. I’ve watched videos on it and learned that he may not have ever loved me the way I loved him. Alcohol really affects the brain. I thought I had found the one. Clearly I was mistaken. My friend says I need to ask myself why I feel unworthy of a healthy relationship. So hard to do when you feel like crap. I want to get past this. But I’m really struggling with my self worth & loneliness. While he’s just walked away and living his life. I’ll be getting an assessment for ADHD in December. I just want to get better. But I don’t know how. He was the first guy I truly loved."
165,"Before I dated my partner he has a pretty bad past, drug addiction, jail time and all that kind of stuff. He has come along way in dealing with this but he recently told me about an incident that happened to him as a child with an older male figure who touched him inappropriately on many occasions. While talking about this he became really emotional and I could tell that it brought up a lot of feelings he didn’t want to be feeling. The week that followed was a nightmare, he was gambling excessively and just being out of character, self sabotaging everything. Almost like he was doing things to block out what had been brought up?? Maybe?? Things have settled down again but a few days ago his brother posted something online revealing that the same thing had happened to him. My partner doesn’t know what if anything he should say to his brother, but I feel it would help him to know he isn’t alone in this. I want to help my partner deal with this , because I think it has impacted his life so negatively for his entire life, but I’m unsure what to say or how to handle this or what advice to offer. Does anyone have anything that can help?"
166,"My history involves alot of issues with trusting men, but unfortunately it also includes women too. Recently I've been really feeling quite lonely and yearning for connection with other women, or people who share a common collective of experiences that label us as such. I want to reach out but I feel like I just end up gushing way too much and being super intense and needy. I also find it hard to relate to how other women are. They seem somewhat foreign to me, yet I want to be a part of it all. I don't want to be a 'cool hip contrarian.' I just want a sense of belonging. Do other women here relate to this?"
167,"Hi everyone, The news broke me yesterday, as I recall having a serious conversation with my husband when my children were little and I begged him to never harm or kill our children to hurt me or spite me or take revenge if I ended out marriage due to his domestic violence and abuse towards me. As a person who has survived domestic violence and still in a relationship with my violent husband, I had to have this conversation with him."
168,"My mother abused me physically till I was 16 and the emotional abuse still continues. The physical abuse was to a level where I would have marks on my body, my lips would be broken and each event would leave pain for days. I don't remember a single day when I was not hit by her till I was 16. Everything in the household was always my fault. I didn't know what was I doing wrong. I only knew everything bad happening to her life or the household was my fault.Today I have chronic pain, PTSD and severe depression to a level I am unable to get out of the house. And now I am a bad person as I don't reciprocate the role of a daughter as per her expectations.The worst thing is she is constantly in my head. My brain keeps generating what she would say in that situation even when she is not there. How do I get her out of my head?"
169,"Sorry all l did an introduction post and can not seem to be able to edit it. Small mistake in it. Was married to a woman for 20 years and then left me and started a new relationship with a new woman it was meant to have said. OG post below Hi everyone my name is Narelle and l believe l have PTSD and Trauma along with anxiety. I am a 54 yr old openly gay woman and from a very young age had encountered many episodes of sexual abuse from siblings, mothers boyfriends for years. I think a lot of my mental health stems from this due to my mother not believing me and accusing me of lying. My mother abandoned me when l was 16 and l had to learn to live life on my own. As life went on l became a mum to my beautiful daughters and went through a relationship break up where l had a breakdown and the father to my children offered to care for the kids for a few weeks to give me a break. Friends of mine overseas bought me a plane ticket and l went to see them to have a break. While l was away the father to my children along with his mother gave the kids to welfare and labelled me as an unfit mother all because l had a breakdown. One of my childhood abusers who is a sister of mine was asked by the welfare to look after the youngest, 3 years old. I did not know where my kids were and l was not allowed to see them. 10 years later l found them and they were still in the system and my partner at the time would impose ultimatums on me about me kids. I became married to this person for 20 years and started a new life with an amazing woman who was my world. The jealous ex wife took it upon themselves to interfere in my new relationship just to be spiteful because they could not accept the fact that l no longer wanted to be with them. Needless to say my new relationship is now over as the ex succeeded in destroying that with stories and lies which l have proven are incorrect. The woman who was my partner is an overthinker and struggles to see the truth and fixates only on negativity. Saddens me to know l will never be believed on anything l say despite knowing l am telling the truth to them. I get triggered by frustration and it comes from my childhood abuse experience of my mother never believing me. I feel like my ex partner has also abandoned me just like my mother did. I have no one in my life who l can bounce off and talk to. My ex partner was my rock and they made me feel safe but they are gone. The ex wife and ex partner message each other a lot about me and my ex wife’s reason is jealousy and is playing games with the ex partner but is making it out that l am the one who is doing it all when l am not."
170,"About a month ago I had to call the police in regards to my partner assaulting me (first-time drug and alcohol-fueled). The police have since pressed charges against him and they issued an AVO for my safety even after they had asked me if I wanted no contact and I specifically said I still wanted to talk to him.We didn't follow this no contact for the first 2 weeks then he got scared and finally stopped talking to me. a couple of days ago, I stupidly called him numerous times and went to his place and he called the police on me and had me charged with harassment and I now have an AVO on me. I feel stupid cos I didn't do any of the things I should have done after the initial assault to protect him as we were planning to still be together. But now I can't believe how stupid I was and the fact that he could press charges on me after I protected him I am a mess. I have no family support as I don't want to get them involved and I also have no friends where I am. He was all I had I am so lost and alone and miserable."
171,I have have had some unfortunate problems. I drink to cope and now my daughters hate me
172,"Hi not sure how to start this story as it's quite difficult I come from a background of F&DV and Child sexual abuse, my father used to assault my mum nearly everyday he used to physically assault me and my brother's and my dad was messed up badly on drugs, once we got older we left home my parents divorced and my brother went with mum I went my own way I had a job where I thought one of the workers there was quite good looking but apparently he had a family anyway we ended up catching up and we fell in love he was charming and bought me jewelry and flowers and treated me special, then I got pregnant to him and everything changed he threatened to physically harm me while pregnant, this should have been my first red flag, but next time I seen him and mentioned it he said sorry he was joking but I had noticed his demeanor had changed and he was happier than usual, then just before our daughter turned one he told us get ready he was going to take us out for lunch we got ready waited..3 yrs went by before he stuck his head back into our happy lived, again I let him back into our lives not knowing that he was a full blown drug addict, I had been clean since he left. he was very cruel person even to our daughter and dog, boxing Day 2009 after he had collected his drugs and introduced me to the chick he was cheating on me with he decided to badly assault me in the car. you have no idea how many times I wanted to run the car into the barrier on his side, I was looking for police on motorbikes but nothing..... It's been 12 years now but we are still in hiding because he's threaten to kidnap me or my daughter and torture us for 3 years he spent in jail... Does anyone else have this kind of daily worry"
173,"When I was 11, my virginity was taken by a man from rape in my home.I never told anyone in my family, and after a few months I told some friends at school and they shamed me, accusing me of making up lies and that I didn't realise what I was saying as rape is a serious accusation. I learnt to keep my mouth shut and as I grew older, I started to feel safe to share with some people that ""my virginity was taken non-conconsensually"", as this felt not as serious as using the word rape. For me, it removed the weight of the experience and this was reflected in how people responded to it. ""Oh, that sucks!"". I started self-harming when I was 13. I stopped and started over the next 2 decades and was in and out of therapy.I am now 33, in therapy with a fantastic therapist (finally), recently diagnosed with PTSD and everything is bubbling to the surface. Certain friends know, I'm claiming that I was raped and being clear about it. My partner knows but for some reason I feel that I want my family to know. It happened while they were home, only a door between me, my rapist and them. I don't know exactly why I want to tell them, maybe to explain away my mental health history? And for some other reason I feel the words get trapped in my throat just at the thought of approaching the conversation. How would I even start it? How could I explain my reasons for wanting to share? What's the point? Is it self-serving to relieve myself of the desire to tell them and burden them with the knowing? Why now? So many questions. It would be helpful to receive reflections, your own personal experience with sharing with important figures in your life, even advice. Thank you for this space."
174,"Ok so i have a lot to sayFirstly im lesbian, have been since last year, and my parents went through my phone a few months ago, found chats where i was s3xually explicit with girls and they were PISSED. They are very religious and very very homophobic :((( that rlly damaged my mental health and they still make remarks about it and i currently have a gf and i dont know how to hide her from them and i dont want to break up either, even though ik safety wise itd be better for meSecondly, last year i was r@ ped by someone. i dont want to go into too many details but it shattered my mental health and caused me to s3lf h@r m quite frequently. I havent told anyone except for my friend and my gf (both of who were very understanding and compassionate) but im terrified ill be too scared for intimacy or the trauma will plague me forever and i just dont knowI want to talk to our school based youth therapist about both things but will they tell my parents anything??? i dont know how confidential it is, they (parents) dont know about the @ssault/h @rming cause i know them well enough to know theyd just blame me and say i deserved it.I dont like my parents at all omg.I think thats basically all i wanted to say, if anyone has advice or comforting words or their own experiences i would deeply appreciate it Laney."
175,"I don’t really know how to word it but my family is amazing i love them so much and they do everything for me i’ve never had any problems with them other then arguments with my dad. at night when i go to bed i have a constant fear they are going to stab me or kill me while i’m sleeping, but sometimes i’m scared i would be the one to kill them and i know i would never but at night i feel so much fear i can’t even walk to the bathroom cause i’m scared. i also have a fear that i will walk into my dad taking his life and it scares me bc we don’t have the best relationship. i can’t tell my family how i feel bc i’m scared they will be frighten by me what do i do ?"
176,"Hi, im female 31years old.. My childhood was messed up. In abuse relationship for 3 times.When something bad happen to me, my brain automatically forget the details of accident,. And i continued my life as nothing ever happened to me. And recently i been in domestic violence. The most bad one i been thro, and again i forget what happen and after few month something trigger me and I remembered everything that have happenned to me. everything felt came to end. I been thro something hell and end up been diagnosed with major depression and cptsd.Its almost 3 week now i cant go out from my house, a week with trial medicine. Do you think i will healed from this as im tired of life, i forced myself to get help coz i have my two cat depend on me."
177,"Looking to form a support chat group for fellow teachers who feel like they are challenged by the above.I believe that in these unchartered waters within education , PTSD and/ or burnout creeps up on us all. No matter what specialist area we are working in. For me, it came from a Special Needs/ Inclusion/Indigenous environment. I love my work BUT my central nervous system had other ideas"
178,"Hi, I was violently sexually assaulted as a 9 yr old by 2 guys. Despite much counselling from a brilliant specialist I had (and still can't 50+ years on) never been unable to forgive my 9 yr old self for a really dumb decision which has had ongoing effects since that day. Logically I know that it wasn't my fault but it was ... I didn't ask for what happened to happen, but I did decide to go a path that I was not supposed to go unless i had friends with me. So yes, it was my fault.However my question is -- I have told only 1 un-medical person ever (the medicals in the know are either dead or my current GP -- and the un-medical person is dead now also. (Sad, but I am relieved) I have been married for 45+ years and have never told my husband anything about my experience. I think that to tell him now would actually destroy our relationship trust-wise because he would be devastated that I am too scared of his reaction to be able to be open and honest with him.So what is the point?Interested to know the thoughts of others - particularly those in the same situation. Thanks."
179,"Ok, so I first came here when I needed help with my husband's depression but here I am a couple of months later and I am so traumatised and messed up in the head I don't know what to do. I knew he was alcohol addicted, I knew he was depressed but I didn't know he was popping prescription medicines or that he has a porn addiction too. During the course of talking to my husband and hammering him for answers I decided I would do the one thing I never imagined doing, I snooped. What I have discovered has left me in absolute ruins. In December last year over the course of 3 days he searched for and visited 52 kinky websites and signed up on 13 Kinky Dating sites. When confronted he of course denied it but I wasn't having any of it. To cut a very long story short I have discovered he is addicted to porn and has even watched it at home right under my nose. The nature of the porn has gotten worse and while I haven't actually viewed any of it judging by what he was searching for I can only imagine. My heart is shattered, my head severely messed, I cannot eat, cannot sleep due to nightmares, I have invasive thoughts - things pop into my head at any time and I'm really struggling to deal with it all. He has accepted he has a massive problem and wants to get whatever help he can. He is genuine in this and has begged me to stay and help him. The trouble is, who is going to help me? There seems to be so much out there for his addiction but all I can find is sites telling me how I'm feeling. I already know that! I need help to accept, move on and heal. I am so lost. I don't know who I am anymore, I don't know who he is anymore, I'm broken, sad, depressed and have been having crazy irrational thoughts. Is there any hope?"
180,"Hello, 4 weeks ago my beloved cat was killed by my next door neighbours dogs. They had dug under the fence and I found him dead. We followed council laws and our property was safe for him,but the dogs dug under the fence and we didn’t see it coming. For 2 yrs we have lived next to them and everything was fine. When I found him I lost it screaming hysterically. I can’t get that image out of my head. The look on his face. The fact that it was just another normal day for us like the last 3.5 yrs,and now he was dead infront of me and in my arms. I haven’t been okay since. I have spoken to mental health professionals and am being treated for a variety of things. PTSD being one of them. I keep getting triggered by my own dogs, who had nothing to do with my cats death. I understand that. My cat was raised with our dogs and they all got along like family. They loved each other. However now,when my dogs pick up their toys and shake them in play, all I can immediately think of is my cat. My mind freezes,my body feels a flush of dread,it stiffens up and pain goes through my body.My teeth clench and my neck stiffens to the point my head gets a sharp headache. I understand that my dogs are just playing with their toys. There isn’t anything violent about it, just play. But my mind still goes there. Does anyone have any advice on this? Thank you for any suggestions. ABC01"
181,"Hi everyone, I’m 19 and currently in a relationship and I am currently struggling with ptsd due to multiple sexual assault incidents since I was 15. I am currently in therapy and have started EMDR therapy but I am struggling with coping with my trauma. I have periods of time where I struggle more with flashbacks and nightmares especially if I am asleep in the same bed as my boyfriend, I have panic attacks and sometimes my body can still feel the trauma. I have tried to explain this to my boyfriend and I know that it’s difficult to understand. I feel like sometimes he gets frustrated with me about it especially because I really struggle with intimacy now. does anyone else have problems like this with their partner, has anything helped?"
182,"The last few years my mum, 78, had bladder cancer treatment which worked. She's now in remission. But in that time, I (47) have grown to despise certain parts of her. It's like her medical issues and personality got all jumbled up. I hated the illness, but i didnt hate mum. For a long time everything was a crisis with mum, at least in her own mind. Over time I got burnt out. I would regularly just drive off to go for a walk to get away from her constant fears, worries, nagging. The problem is now whenever I get phone calls from her, I blow up. Today I went down the shops, a drive I find peaceful but being interrupted by her calls just made me fly into a temper tantrurm. I get that I'm her carer, support system, but sometimes I just need some space. How do I stop over reacting this way? It hurts her, it's shameful. I have a woodworking hobby as an outlet. But this incessant checking up on me all the time drives me nuts. Mum suffers with anxiety, but how can I stop blowing up from something so trivial?"
183,"Hi, when i was 17 years old i was sexually assaulted by a guy i barely knew (i am now 20). he was sober while i was under the influence of alcohol and drugs. over the past three years, i feel that i have dealt with it in an extremely unhealthy way. whenever the feelings or the thoughts of the incident arise, i try to push it under the rug and “forget about it”. which builds up all these emotions, and maybe once every two-three months i actually cry about it. i haven’t told anyone about my experience, because i feel ashamed that i put myself in a position to be violated like that because of taking the drugs and alcohol. i have pushed friends away because of this and have not been able to stay in relationships. ultimately, i just need advice on how to approach this topic to my family, specifically my parents. i am at the point where i need to get it off my chest but i am too afraid. i also want to try therapy, but i don’t want to feel pressured into reporting the incident to law enforcement. i don’t think i am ready to do that or really will ever be. any advice would help thank you so much 🩷 i also wanted to add that i am now sober! i am now a year sober from drugs, 4 months sober from alcohol and 3 months sober from nicotine."
184,Yes I have been targeted by the people I work for Queensland Health subjected to an illegal investigation by their ethical standards unit. It took them 2 months to inform me of what the allegations were and 7 months to find me guilty. They insisted my GP fill in a very personal form requesting my full medical record which I refused prior to informing me of my guilt. When I returned to work I was isolated from my department I was sat at a kitchen table in an unfamiliar area outside a manager’s office I couldn’t get into the office due to my id not opening the door and had to stand outside like a dog waiting to be admitted when staff wanted to have a meeting I was told to move.The work I was given was meaningless and despite requests for passwords no help was forthcoming. No one cared whether it was done or not as it was unnecessary. I went on sick leave. The manager was emailing me on a Sunday asking for medical certificates. Finally they removed my access to my department emails sighting I was on leave. Other staff had been on leave 6 months but continued to receive emails this prevented me attending staff meetings and inservice training. Now I’m left with nothing still on long service leave living on 72 dollars a fortnight.
185,"I didn’t know what topics to put this under due to being unsure about the entire thing myself. (Sorry if I get anything wrong or call it the wrong thing). As the title suggests I’m confused. When I was 9 I had this neighbour I was friends with her, I didn’t realise it at the time but during our whole friendship she would constantly body shame me. Then one day she came over and SA me (I think, idk if I can classify it as that she didn’t do much other then got me to take my shirt and pants of and then ground on me and I didn’t say no). That was 7 years ago to this day it still bothers me I am no longer friends with her but I feel really shitty because the few interactions I’ve had with her now she is extremely nice to me and now I feel guilty for still holding a grudge against her. Idk tbh I can’t do anything about it now anyway because I don’t have evidence and I don’t think people would believe me."
186,during my last relationship we moved so fast things were happening quicker than i thought. i thought i was ok doing them but now i feel so dirty and regret it deeply and wish i could go back and change what happened. halfway through doing stuff i regretted it and just wanted to cry. why do i feel like this?
187,"I was recently investigated by police, I discovered it was illegal and I made a complaint. Since then I've been forced to isolate due to extreme bullying, harassment, and psychological abuse, and gaslighted that it's all in my head. The only reasonable inference is that this is how the police illegally target someone they deem to be a problem, and everyone seems to be ok with going along with it. This is causing me extreme anxiety."
188,"Hi everyone, I am really needing help and support, or even advice. I have recently split from a 7 year relationship from what I now believe is a malignant narcissist. I am feeling damaged and empty, and also generally anxious and scared. I made the decision and it took 4 months to get him to actually leave the home. I have since been told many things he said and did that I was completely unaware of. It seems that he had a laid a very cunning long term plan which mostly centred on my trust and naivety. My whole sense of self has been rocked and my world turned upside down. I am now 52 and feel so stupid for trying so hard for so long with this person. I think a lot about laying down to sleep and not waking up and what a relief ir would be. I have 2 children who that would hurt greatly, so that is not an option. As a result of the type of person he is and the way the relationship was, I am highly anxious and fearful. There were violence and threats in the beginning of the relationship which eventually ground me down to a fawning and weak person. He has no empathy for anyone in general so he would actually laugh if he knew how bad I am feeling. I have gone completely no contact for months now, but he is now attacking me through the legal system. I suppose that I would just like any advice anyone may have. I have been having some counselling but it is expensive. I am so incredibly disappointed in myself."
189,"I have been in a relationship of 9yrs with my boyfriend, we have 2 children. The last year has been a total mess, resorting to the destruction of our entire relationship. With accusations of infidelity, physical/emotional/psychological abuse, DVO, drug use and complrte mental health break downs. When my partner uses, I can see within mins a change in him. Firstly he goes quiet, shy boyish like, unsure how to do every day things, totally confused by everyone and unable to comprehend the simplest of things spoken in general conversations. Hours after his first use, he becomes aggressive, agitated, frustrated and usually begins, the 2 day torment, that involves accusations of being a sex worker, cheating with his friends and/or people in the home. He constantly changes my words, names and says I talk backwards. In the last 6 months it has got worse, he is in psychosis, still showing signs of psychosis most days of the week, which has meant he cannot live at home, and be around the children. I am heart broken, I love this man, and completely believed we would be forever, but our relationship is torn to shreads. I don't know what to do, I'm exhausted, numb, sad, with little hope."
190,having a difficult time with isolation trying to get support but I'm not allowed to talk about what I've been going through how do you get support when you can't talk about the problem?
191,"How can I fight against the corporate environment and the previous who took me for a ride and abused me to the point of no return. Sadly, these people in power are much smarter than me because they eat meat and fish they are able to outthink my every move and they got away with sleeping with anyone they want. Emotionally abused me and brainwashed me without my consent sadly I have no say in the matter because it's a form of gaslighting where the parties got away with subtle abuse and I saw them play god with my life without my consent I think this should be posted as well for people to know how horrible working Centrelink /Medicare in the corporate environment out there is it's made me lose passion in my life where I go what's the point and my team leader got away with a lot of bad thing."
192,"I recently suffered a cardiac arrest and am struggling with the emotions surrounding this, as well as my kids also being very anxious about it. I constantly think about the what ifs and my daughter who is 16 is often breaking down into tears and cant really put into words why. Anyone have any advice?"
193,"Hi,im 16 and about 10 months ago i dislocated my shoulder playing netball and really struggle to put myself back out there, I still have not fully recovered due to the dislocation, it was out for 3 hours effecting my spine and the same of my neck which effects my hips bc of nerve damage, but thats not why i wanted to do this, I was wondering if theres anyone else out there who has had an injury and has like flashbacks or like gets into a state were they can't do anything but replay that moment over and over in there head.And uh, i was just wondering if theres anyone who has suffered this traumatic experience my physio and chiro keep telling me ive faced,a and managed to find a way to stop the so called ""flashbacks"" or ""states"" that im struggling to get out of.I really miss netball and i can't play yet but hopefully i can build up enough strength eventually to play again, so if anyone can also maybe tell a story or give some advice about how they managed to put themself back into doing sport even though they could injure themselves again that would be very helpful.sorry to bother anyone whos actually dealing with huge trauma rn i just thought someone might have some ideas or something... thanks,Ellie"
194,"Hello I am a medically retired veteran from the policing fraternity. I have severe PTSD and manage daily life as best as I can. My partner of 9 years has been my Saviour Angel and I treasure her immensely. I have a son 21 and daughter 18 who are very close to myself. My relationship with my ex wife who is a psychologist is good and she has been supportive all through my journey living with my PTSD. Our marriage broke down due to my ptsd and my reluctance to leave the policing career. I was open from day one with my current partner about my ptsd. She understood the seriousness of my mental health. I cannot ask for a more loving partner. Here is the issue….she has a 27 year old daughter who is married with 2 kids under 3. She and her family live with her dad. Since the early days of my relationship with my partner, her daughter has constantly attempted to sabotage it through the following methods…creating jealousy issues when my kids use to visit us for school holidays..by trying to get them in trouble by false stories, bringing up her mum’s ex partner often to see my reaction, inviting her dad along to private gatherings that her mum and me organise to attempt to cause an issue. Now that she has 2 kids….she is attempting to create a bigger conflict between her mum and myself by constantly forcing her mum to visit her at her house where her dad lives in the granny flat. I have for years gone along to visit her with my partner even though it’s been uncomfortable to be around her ex husband who is autistic and has no concept of relationship boundaries.The ex husband constantly dredges up about my partners married life with him and relives the thing they use to do eg holidays. I have ceased going along for the weekly visits to my partners daughter’s house to maintain my calmness. I feel my ptsd is getting worst as the narcissistic daughter now demands frequent weekends away without her kids and my partner has to babysit the whole time at her house. The daughter is very aware that her mum is a pushover and that this is causing major issues in my relationship with her mom. My partner works in high stress corpoarte environment and the weekends gives us a chance to have couple time by either travelling or catching up with our friends. I am at a crossroad now and wonder if its better for my ptsd to rent my own place and end the relationship? My daughter has moved in with us for her university studies and is concerned for my mental health. She has confirmed my opinion about my partner's daughter being a narcissist person. I have tried so many times to get my partner to join me at my psychologist office to discuss the dire situation that is been caused by her daughter but she says 'theres nothing wrong and your just picking isssues'. Close friends and family have adviced me to walk away and be happy rather then be 'gas lit' and stay in a coercive situation.....any advice?????? Please....."
195,"Hi everyone, I’m here today to reach out to like minded people like myself who suffer from PTSD & Trauma . I’ve suffered Trauma all my life , but the last 7 years has been challenge for me .If your suffering like me I would love to hear from you all to help with many strategies to overcome them thank you"
196,"Hi I am new here. For many years I experienced abuse from.my husband then left him when my daughter was 6. She has autism and an intellectual impairment. I always ha difficulty dealing with her behaviour. We saw numerous therapists and psychologist but no one helped me with her aggressive, revengeful control behaviours. I honestly don't think they believed me. I have a teaching degree so I knew how to manage children's behaviours but I couldn't control my own child. She is now 21 and is living with a boyfriend who is now under her control. She displays narisstic traits. He has been so good to her and he is a kind soul. His family is now very worried about their son and have asked me to help. But she won't listen to anything I say to help her in any kind of way. As a result of years of abuse from my own child I also have received trauma from her. It breaks my heart that she is now hurting another gentle soul and family. Is there anything I can do to convince her to get some help?"
197,"Hi Gang. Saw a post here somewhere ""I Hate Myself"".Made a few posts here... Bipolar (Depressive since 14, MAD since 2003), CSA Survivor (8/9-12-14) Peer Group Survivor Supporter and friend for 20 years. SELF HATRED.Knew THAT back in My Day. Despised/Disgusted with myself. ""It's SH*TE Bein' ME! Ah'm the Lowest of the LOW!"" - TRAINSPOTTING (Adapted) I saw it all as Weakness too. Too WEAK to say NO to Predators (not yell ""No WAY!!"" and run a Km like a virtuous boy ought).I was Pathalogically Shy as a kid too, and saw this as WEAKNESS too, Social COWARDICE, and Hated myself for THAT too...My School Reports (Bombed in EVERYTHING But English and History) All said ""NOT working to capacity/Potential"" ""Inattentive in class"". Easily Distracted. So I thought I was a LOSER and Weak Failure THERE too. It ALL Builds UP, reasons NOT to be a ((((FRIEND)))) To Yourself. I wasn't for Decades. Pretty Proud of what I do these days, Life has HOPE and PURPOSE, and using a Skill Set to Comfort Others. Buddhist PSYCHOLOGY!! (Not Philosophy).""Everyone's Problem is the Same, down Deep, we just don't SEE it for the Surface Squalls and Trials. It is living a Dissatisfied/Unfulfilled Life with No Hope or Purpose to it.Found Mine.Share it."
198,"My landlord has been sexually harassing me and touching me for 3years. Due to the housing crisis I kept a diary of the happenings until it was time I move out and then proceed to report to police. Landlord has just found out I have been keeping records of his behaviour and has kicked me out onto the streets. I have reported to police 2 times now as I was told by the woman's sexual assault councillor that there is a victims assist package to get me out and safe but need a police report number. Police are not taking it seriously making excuses for his harrassesment. I feel let down by police, they are meant to protect us. Police said I'm only reporting as a retaliation because landlord has kicked me out. It's actually the landlord retaliating on me because he found out I have evidence. The justice system is broken in north Queensland. My mental health is beyond control. My meds don't work, I'm on the streets were I don't belong. Why is it so hard to prosecute this behaviour even with evidence?"
199,"Hi, I still feel like I’m 6, 12, 17 years old. It’s like I’m stuck at those ages at certain times in certain days because I didn’t get to live those days like I wanted to when I had them. Even now, I find myself repeating the same behaviours to have the same routine every night, like I would’ve had when I could in my teen years. It’s like I lost the time, lost who I am and lost my ability to move forward… Just stuck. I have a career now. I’m educated on a tertiary level. I’ve achieved ‘success’ in many avenues. But on nights like this, I go back to being that 6 year old kid… And nights like this is every night. I’m afraid I’ll never be able to move on. I’m still fighting, and won’t give up fighting, but the child within me refuses to grow up. He refuses to forgive the time that escaped him.Thank you for reading. I needed somewhere to get this off my chest, knowing some eyes world read it."
200,"I think i might have trauma?! A few weeks ago i was beaten up by a group of girls at a sleepover simpily because they did not like me and now everytime since then when j try to sleep its all i can think about till i start shaking and crying same with when im in school if somone jokingly says “wanna fight” i have the urge to run and start shaking mabye im overthinking it but im not sure why i csnt just get past it its over and done with i dont know why i cant just like forget it happend and be happy it makes me so angry because ill relize im hsppy then straight away like STRAIGHT AWAY be sent back to when i was screaming crying for help , i dont know mabye im over reacting or being a baby but thats all"
201,Since all the news on television and the upsurge of violence /murder against woman lately.Has anyone found their CPTSD has been exacerbated.? If so how are you coping with the situation.?It is my wish to write to the Royal Commission regarding a most serious incident which included grievous assult occasioning. And other incidents not to be mentioned here.ONE SMALL VOICE. I want my voice to be heard. I have thought long and hard about this but feel I have to tread gently as not to place myself at risk. The incident happened many years ago. And I know how I was mistreated ( not by all) and do not wish other women to endure the same. I have never done anything like this before.Has anyone any practical suggestions. Please.? Regarding how they manage stimuli of their CPTSD.Kind Regards Odette
202,"I have ASD, ADHD and CPTSD (from childhood) and recently got approved for the DSP. I should have been happy but my housemate made a comment under her breath and then complained about dishes. She's complained to her coworkers (I found out through someone else) saying that she thinks I'm capable of work. It sent me over the edge and I relapsed with self harm after 2 years without doing it. I struggle with feeling safe at home in general due to my upbringing and I'm at the end of my rope. I can't find any housing as I'm on Centrelink and rentals reject me as there's a big line of people waiting and workers and families are priorities and I can't afford a caravan. Been on the cat 1 housing waiting list for 2 years. Anyways I feel guilty because I can't work my regular job. Only volunteer work and my housemate and other people believe I'm capable of regular work because the volunteering I do is for emergency services, both fire and ambulance. (Fire gets quiet in winter). The thing is for some reason emergency services is the only work I've not dreaded, I love it. It's the only place that's ever made me feel like I have any value and when I'm on a job it's the only place I feel like I'm in the moment, like my heads calm for once and I can work but I still struggle with some stuff due to trauma. It's helped me with self confidence and building skills. Sometimes even when I'm neglecting everything else and unable to get out of bed it's the only thing I can bring myself to do The thing is tho I still feel guilty and like I'm nothing but a dole bludger who should be able to handle regular work. I've tried paid work again and again over the years and it's always ended up with me hospitalized or frustrated. Because of my housemates comments too I don't want to be in the house at all. I had a breakdown today at the possibility of having to move town to get housing. If I move town though I'll have to move or drop my volunteer work and my only supports are here and I might have to rehome my lizard. I don't want to rehome a pet due to my living circumstances again. It's killing me, all I've ever wanted is stability and I would love to work a regular job and be normal. I'm not sure what to do anymore. I feel like nothing I ever do is good enough and that I'm never enough. I've thought about paid work in emergency services but it would be a long time to be well enough to do it full time and even then there's the possibility I'm too mentally ill to do it full time."
203,"Hello, Needing more advice and hope from the wonderful people on here as I've got none and can't think of anything else to do. I'm at a point in my recovery where I feel stuck, my issue is that I dream too big and have self acceptance problems. I have CPTSD, Depression, Anxiety a chronic pain disorder and recently been diagnosed with ADHD. I feel like I have tried everything to get better and it's getting worse and I am more nihilistic, everything I try feels like a failure as I'm not ~better~. I cannot accept myself and that recovery is a journey which isn't cured therefore I cannot get confident because I must be perfect to equal greatness which stops me from trying to pursue further education or passions. It feels like a self fullfilling proficy. I can't stop dreaming big, this leads to heartache when I realise all the work it will take to get there, which is hard to believe will ever happen because it's been 15 years of healing and I'm still falling apart at work when criticised or feeling judged or triggered by a client (I work in mental health) spiralling into a tunnel of worthlessness and defeat. I want to give up DSP which I know is impossible to get for start but then if approved I'm screwed financially and have to give up up my rental and change the remaining things that spark any joy (hobbies that cost money)."
204,I have been treated for work based CPTSD by the employee support program but the govt dept I work for does not recognise this and despite taking months to recover by working some where else and coming back to my permanent I keep being told I have to go back to the place where the trauma occured. I can work other places successfully but keep ending up back on antidepressants when I end up back and feeling I am underperforming and in danger then of sub standard processes but when I work any where else I’m fine. I am not haivng luck winning a permanent contract elsewhere but have had lots of interesting jobs and complex jobs along the way. Please help.
205,I’d like to start talking to someone as I am really struggling with controlling my emotions. I lose control and lash out at people I love. I doubt myself everyday. And have no self esteem
206,"Hi there, I suffer from PTSD and it has come with a side of depression, anxiety. I am also a very well functioning adult/professional, but sometimes I really feel I need someone to talk to, but someone who understand how it feels to be like me. If you know, you know, and if you do, wanna chat? Thanks!"
207,"Trigger warning: I was attacked by my partner unexpectedly. They have never shown signs of any aggression before this happened. We just came from a bar (my partner's drink may have been spiked). I don't know what to do next. A few months after, I went out with a friend who I trusted. I'm usually a cautious person but I trusted my friend. I only had two beers that night but that was all I remember. I know I had about a 12 hour window where I don't remember anything but I keep getting snippets and flashbacks that I somehow know are linked to that night. I get flashbacks of those incidents often. Just after the blackout, I would wake up either crying or screaming and shaking, drenched in sweat. That lasted for two months, almost every night when I was completely alone in a boarding house. I still get really nervous expressing this and I'm far more cautious of the world now. I feel like I have to be vigilant all the time and on my guard. Along with this, I moved countries for work but I was made redundant there due to mismanagement, I became homeless, experienced financial hardship (unemployed for a year), had a threat of armed robbery, had malaria, and severe food poisoning. I lost count the amount of times my life was genuinely in danger. All of this happened overseas and within 6 months. I'm now back home and feel sick to my stomach most of the time. I find it very hard to find meaning here when everything is easy, and I have people around me genuinely care for me and can provide for me, instead of being alone overseas. I don't know what to do. I feel so lost. I see a psychologist next week though, I hope that might help."
208,Friends and neighbours were having a huge yelling match each. Trigger very loud screaming and shouting. My body went into shock mode! I was on the bed shaking I couldn't stop shaking in tears crying for about 15 minutes husband managed to redirect the situation peacefully and calmly music was turned on and he gave me cuddles saying that I was safe and you're okay! Which helps me so much. But the last few days. My nervous system is sitting at 8%10 So finding ways to settle myself down.
209,"I am 70 yrs old I was verbally abused by a 22 yrs old nasty ex granddaughter in law at shopping centre today.She came to shops to be aggressive and drag my 11 month great grandson into the mix by grabbing him from his pram instead of talking about the domestic situation she is on a DVO for abusing my grandson her ex partner abd the dad who has their son in his care. I was verbally abuse for 15 mins, in the middle of the shops, I reacted grabbed by both her arms begging her to just stop. I was losing my balance i have 2 full knee replacements, hips issues and arthritis in both hands and we end up against a wall. Now I am being accused of assault and put on a DVO. I had NO INTENT to harm her I just want her to please stop yelling a swearing at me.I don't know what to do. The police where rude aggressive and threatening when they came to me home to serve me."
210,Having flashbacks from a fire.Not dealing with it so well
211,"SO I left my home 05.02 and moved away and he has been in jail since, I got a solicitor and our homes sitting there and I keep paying to maintain it and trying to start a new life but his court date keeps getting adjourned and no one can tell me why. I know he is in jail but I just need it done so not left wondering everyday still what is going to happen next. I miss my house and have been back a couple times to do lawns and pool and just can't do it anymore and the solicitors just keep asking for more money which all our money is wrapped up in home account which I can't access and seems solicitors aren't really in any hurry to help.I know I can't contact him and I have no clue what to do for been months now and is like every day that goes past seems longer and longer and eating at me. I don't get why they keep adjourning it when the police layed the charges and have told me 7-15 years but feels like is never ending.I work fulltime and trying to keep that one thing normal in my life but feels like I don't have much left in me to keep waiting and trying everyday when seems getting no where with him or my home."
212,Hi my name is Jack I'm 34 and I am suffering family violence for the very first time I've never experienced it before just unsure what to do
213,"Hi all, hoping there is someone I can connect with. I lost my husband to suicide 2 years ago and I was the one that found him. I have recently been diagnosed with Anxiety and PTSD. I have 3 kids, and the daily struggle is real. I have absolutely nothing in me, I find myself sitting all day and achieving nothing. This has been happening for the last 3 weeks. I’ve even stepped back from work as I have so much anxiety which leads to panic attacks that come on very suddenly. I do speak to a psychologist weekly at this stage, and feel good after I do speak to her, but that feeling also wears off very quickly and I’m back to being in a crap spot again. Has anyone got any suggestions based around on coping. Thank you x"
214,"The state of your mental health has a big effect on your physical health. Anxiety, stress, and sadness can all weaken the immune system, which means the body is more likely to get sick. Stress that lasts for a long time raises cortisol levels, which can cause problems like heart disease and high blood pressure. Anxiety is linked to headaches, stomach issues, and tense muscles, among other things. Depression can make you tired, make it hard to sleep, and change your eating, all of which are bad for your health and energy levels. Mental health problems can also make it hard to live a healthy life, which can lead to bad eating habits, not exercising, and abusing drugs. Also, mental illnesses like worry and sadness can make chronic illnesses worse, which makes them harder to handle.Having good mental health makes your physical health better, which helps you live a longer life and deal with illness better. Taking care of mental health is therefore very important for physical health and happiness of life as a whole."
215,Hi I was wondering if anyone out there has experienced a damaging life change similar to mine which I can't seem to fully conquer. My parents turned to an extreme religion when I was a young teenager and uprooted me from my school and friends and basically my life. Eventually I left but it's caused an ongoing hurt that I can't escape it's affected my whole life as much as I try to forget about it and stay positive. I can't talk with other family as they just say get over it get on with it type of thing but it's a real struggle sometimes and lately I guess as I get older I think about it more. I've never had closure as my mum died and my father is a selfish nut who has never helped me and abandoned me. I don't seek sympathy I've never posted on here I have always been very independent made lots of mistakes from trying to know how to be in this world when my growing mind and love of the world was ripped away at a young age. It's difficult to explain and those who I should be able to talk to aren't interested but I wonder if there is anyone out there who can relate. Thankyou
216,"Hi, I am new to the forum and I wanted to thank the brave people that have posted before me. I am now in my 40s, but in the last week I have had flashbacks from a night out in my 20s and I think I might have been sexually abused after I passed out from drinking too much. I don’t know why these memories have come back to me now but I can’t stop ruminating about them. I feel foolish and haven’t talked to anyone, but I wanted to know if others had experienced this and how you moved on from this?"
217,"My PTSD life. Last night I had one of my night mares It happens every few months. There is a scenes towards the end of the movies ""the green mile"" where the prisoners go through a mock execution hours before the execution. The end of my nightmare was ME. I was allowed to say my last words, i forgive the judge, the jury, the lawyers for sending me to the execution table as you are only working on the evidence you have been given.I then died. How I got there you ask? This was the end of my nightmare in full technicolor. what started this was my mind trying to identify my sexual abuses. In the nightmare I almost identified the people but when the the imaginary face masks came up to their noses everything went blank. Then there was the one person who over 8 months abused me multiple times. In the nightmare again I almost identified the person when the imaginary mask came up to his nose. Things went blank. Between this and the green mile there was a court case I convicted of a false charge then executed. What that court case was I do not remember. All I remember what I just wrote. NOW you are wondering why I'm writing this? SUICIDE is a dirty word. No one wants to talk about SUICIDE in public.WHY? Suicide is a major societal issue AND NO ONE ONE WANTS TO TALK ABOUT THIS. WHY? I am one of very few people who is willing to talk or write about the problems sexual assault victims face on a day to day bases.There are many that have survived their attempts yet will not talk about it or simply found a way of taking their life. I am a multiple suicide survivor SEVEN, thats correct 7 times I tried. I am a sexual abuse survivor. I am a first generation Australian, not a great thing. You can bury your head in a bucket of sand and say ""it didn't happen"" or you can face reality. It took me 40 years to face all this. It took me another 7 years to go to court and win. Its taken seven years to accept what has happened. I have to accept that the nightmares will continue for the rest of my life. I have to accept ""the green mile"" I will never be able to identify the people who sexually abused me multiple time. Remember I am not the only sexually abuse male. It seems I am the lone voice that is prepared to talk publicly SUICIDE is real. It doesn't have to be sexual abuse modern society can send you down the path of suicide."
218,"'Complex post-traumatic stress disorder (C-PTSD; also known as complex trauma disorder) is a psychological disorder thought to occur as a result of repetitive, prolonged trauma involving sustained abuse or abandonment by a caregiver or other interpersonal relationships with an uneven power dynamic.' Wikipedia description.. I think this pretty much sums it up yeah? I wish I could underline; '..relationships with an uneven power dynamic'. In my own case, C-PTSD was triggered by bullying in my workplace from 2008 until 2014. I developed symptoms such as Anxiety/Panic that grew in severity until a tragic breakdown in 2014. I was forced to medically retire. Although my history of multiple trauma's and childhood abuse caused specific responses in me from an early age, I thought I was normal and everyone was the same. In fact, a lot of people in my inner circle were. Decades later, I find out those friends/family members/acquaintances had gone thru their own traumatic situations. So why wouldn't I feel normal around them? Today, as opposed to the 70's/80's (my adolescence/young adulthood) where abuse wasn't discussed, people have resources to out their pain and confusion in spaces like BB forum or with psychologists, social workers, medico's, psychiatrists and even friends/family. Treatment has become the 'norm' instead of going it alone which is what many of us here had to do until society caught up with this 'pandemic' (IMO) of psychological disorders. So, why create a thread dedicated to C-PTSD? Well, stigma and misconception around it's still rife in our society, and people suffering with this horrible disorder and not realising it is a constant. Your views are absolutely welcome! We really do need to talk about it as consequences of C-PTSD and the benefits of therapy are worthy and an important part of recovery. Newcomers and current members alike are encouraged to post; old, young, male or female. Let's pick each other's brain and see where it leads... Kind thoughts; Sez"
219,Hi I’m very new to this forum. I’m just reaching out to ask anyone how they worked out what there past traumas are or are from so they can move heal and move forward. I know I’m trigged and my cup is full right now with life but I just am un sure what is triggering it all. How do I find this out.
220,"How can I stop getting so discouraged from doing stuff because of fearing my past due to trauma, and when I do something I feel detached because a person might not respond in the most supported way and I feel like I just didn't give them what I want which I could be wrong but how do I stop ittt this is so confusing"
221,I'm tired of trying . I'm tired of struggling. I'm tired of worries. I'm tires of being alone. I'm tired of dejavu. I'm tired of fighting on.
222,Difficult times would arise for me suffering depression after a TBI due to being a victim of crime a year ago. I have chosen to do HBOT the last month which is rewarding and I would like to hear from others that have experienced a similarly injury as to how they have coped getting through their difficult moments
223,"I have complex PTSD. The last few months I seem to be stuck in 'fight or flight' mode. Many flashbacks, visual, emotional, physical. The littlest things are difficult to cope with. I start the day with what feels like my cup 90% full. Not wanting to go on is a common feeling/thought. Lonely place to be. I do have a mental health worker and have seen a trauma counsellor once - waiting on further appointments to be scheduled. Had a good GP but he's left and no-one else is available in my small town. I am rambling. I am very proactive and compliant doing all sorts of techniques - grounding, mindfulness, breathing, distraction etc etc. I'm still working and fulfilling what needs to be done in my life. But it's getting harder and harder and I'm getting tired and more tired and more hopeless and feel as if I try and try and nothing is changing. I don't know what I'm asking. I'm doing all the ""things"". I enact my safety plan - call suicide call back service, lifeline. Come away feeling more hopeless. It's hard to get through 5 minutes sometimes. Again I don't know what I'm asking. I seek assistance and there seems no more answers and I'm stuck in this place that is dark and dangerous and lonely. Sorry for such a negative post. It's really normally not me and I normally don't share or put myself out there."
224,"What to do when you have 10 brothers and sisters, and Mother has passed away and feeling alone and lonely, feeling abandonded and a deep sense of being betrayed. Have not worked properly for 5 years as gave up work to be Mum's carer fulltime. Isolated' no friends' (have a distant friend) no family' no job and not much job prospects. The grieving (which was delayed response for 15 months) feels like lead in my body and so weight bearing physically' mentally and spiritually. Feeling lost' no puroose of life anymore."
225,"i need help with how to deal with my trauma, anxiety and depression. i have been struggling really bad with it and really need help with is. i dont like talking to people in person about everything. i barely talk to people about my problems that im having. but i like talking to people over the internet about my problems so would it be ok for someone to help me please"
226,"I live in Sydney & the recent incidents of violence against women has prompted me to write this. I am a woman in my mid-fifties (look 10 years younger) living on my own in a villa for nearly 7 years now. I have an obnoxious neighbor, a single man in his seventies whom you could call an incel (involuntary celibate). His villa is next to mine & although he has a backyard, he seems to spend a lot of time in the common area in front of his villa, even sunbathing there in full view. Initially he used to peer in thru my living room blinds till I put up some thick curtains. He then began fiddling with my rubbish bins and putting his rubbish in till I moved the bins into my backyard. He then shifted his attention to my letter box, putting some gum like substance & then sticking newspapers into it. I tried blocking the letter box by filling it up with junk & he would spend hours trying to still push things in. I then realised that there was some sexual innuendo going on. Disgusted I permanently sealed up my letter box and then the next step was that he began stalking me. I also cannot sit in the living room & literally have to tiptoe across the house because if he hears me moving around inside the house, he starts making weird noises. While all this has been happening, to cause me further stress, I also began experiencing sexual harassment at work. The man whom I shall call Geri is 65 & divorced. Geri began leering at & propositioning me since day one and didn’t seem to get the message to back-off even though I told him that I had partner. He would approach me pretending to ask a work-related question all the while staring at my chest. I managed to mitigate the situation by trying to avoid being in the office on the same days as him. What struck me about Geri was his sense of entitlement & his delusions that at 65 he was some kind of catch. Could write a lot more but restricted by the word limit! So, what exactly is wrong with men in AU that they feel the need to control & harass women? It’s bad enough for men to be abusive in a relationship but this post should provide insight into the kind of behavior some women put up with even when they are not in a relationship!! There is talk about educating men but is it really education that is required here? Maybe allowing for video capture of incidents to name & shame would be more effective."
227,62yo complex childhood trauma He was that violent Fear in mums womb beatings to her and me.I witnessed weekly beatings to mum he was savage Stepfather feed alcohol (9yro started drinking.Half bottle vodka age 11)continued and added drugs it didn’t work Clean and sober 19 years)as beatings not work Just diagnosed complex childhood trauma?Me unsure been diagnosed many and varied labels Fear Confusion Anger not a lot of help and I’m struggling and I don’t want to be here don’t know what to do yes I’ve never got over itAny feedback welcomed
228,ROAR FRAGILE DEFEATED im scared mentally for my self right now after 21 years of being a number for rejection of care. I have been bullied and lied to rejected medical care psychiatric admission. im dead defeated mentally and physically as my teeth need fixing and I have been refused. Medication caused deteriorating dental issues refused treatment by administration staff. Admission for my health and safety psychiatric care rejected. Corrupt Crruel Scammers refusing care. Now I have given up. Broken Forever
229,"Hi everyone, I’ve been struggling with ptsd (diagnosed by psychologist) after being robbed at knifepoint on the way to work one morning. Everyone around me has been really kind and supportive and my boss has been amazing about checking in and accomodating work as needed. But even with all the support I have (which I am very grateful for) I just feel really alone and then guilty for feeling alone. My husband suggested I reach out on here and see if anyone else has been in a similar situation. Logically I know that everything will be okay and that I really am safe most of the time but I just feel so afraid and anxious so often. Just walking in my own home I feel my heart start to race every time I turn the corner or turn off the light. Every time I try to sleep I’m experiencing flashbacks and panic attacks and frequently waking up multiple times throughout the night from nightmares. I’m seeing a psychologist and trying to get in to a psychiatrist - but everyone I’ve asked is booked out for months. I’m just starting to feel like this fear will never go away."
230,Suffering p t s d Show magic dreams and memories of a sexual assault when I was five Need to work on.Dealing with it also I have nineteen or twenty Counselling sessions food new south wales and queensland victims
231,"Hi lovely people, Some of you here may have followed some of my earlier posts, but I have complex PTSD from years of domestic violence and abuse from my current husband. My anxiety levels are very high right now. Leaving my current living arrangements isn’t an option at the moment or this time in my life. I am 56 and still need to work and somehow run a business with my narcissistic husband. Lately, he is becoming more and more vile and nasty with his words and taunts. He knows how damaged my self esteem and self worth is and he is the cause of this. I try to be civil and reasonable in living under the same roof but he’s getting more and more angry and hostile to the point of yelling at me to move out if I don’t like IT. He has yelled at me several times and lately in front of our sons, aged 27 and 29. HE knows that since giving up my apartment in 2022, I have nowhere to move out to. I don’t have any friends or family contacts or support. Not even a friend to talk to about this. I can’t keep burdening my sons with this. I am scared that he is pushing me to the brink once again. I have come very close to ending my life several times but I can’t do that to my children. I want to live and enjoy watching them grow and hopefully have their own children one day. He’s making me feel like I just want to end it all. Just abandon this life as it’s not ever going to be good. I will always have this trauma to haunt me forever. Thank you for being here and listening. Fiatlux"
232,"Back in 2019, after 16 years I disclosed child sexual abuse to my closest friend. I had always recalled it but I suppose I never processed it since I blamed myself and brushed it aside as not meeting the typical ‘criteria’ of sexual abuse. Initially my friend was supportive but after a few months she began to get frustrated at my seeming lack of progress, I developed an eating disorder, self harm, anxiety, depression, met the criteria of PTSD. I was attending therapy weekly and things were getting sorted, but I guess she couldn’t handle it anymore, she broke off the friendship.So since then I’ve told a few other friends, because sometimes it feels like it’s burning inside and I want to get it out. But every time I tell, I get insecure. What’s more I feel like I shouldn’t bother them with it again, like I’ll ‘use them up’ as I did with my closest friend before. So I end up telling more people than I’d like, just to not burden one. A few weeks ago I was triggered while getting dressed in my wardrobe and recalled a fragmented memory through an emotional flashback. I felt ambivalent about discussing it, still do. But it kept bothering me (and after dismissing my own experiences for so long I tend to seek external validation) so I decided to message a friend who I’d told once before about the CSA. I messaged late at night and she replied in the morning and asked how I was feeling— I responded, and she never replied again. I felt pretty rubbish. After weeks I didn’t want her to try and reply this late, so I messaged about something random and she responded, ignoring my other message. So that’s the story, what I was wondering was…Would you take it as that friend isn’t available for trauma discussion, although they did ask a question?~ Overthinker"
233,"Ok, so, I am continuously feeling lightheaded, I am continuously in pain. And I don't know what to do. I want to know that I am safe but I don't know how I can tell. Whilst feeling lightheaded, this happens even while I'm laying down. I have blackouts here and there, and I passed out in the middle of textiles class once My lightheadedness has been happening for a few days now and I don't know what to do about this. Could someone please give me advice?"
234,"I just need some reassurance,Last August I was feeling very dizzy, lightheaded, my eyes were blurry, i was feeling like i was in a dream, i felt as if i was sick or was dying, honestly every symptom imaginable.. I had all these tests done; MRI, blood tests, heart tracking, etc. I've been to therapy too. I'm only 17 - everyone is telling me i am young and that this is a phase, as it's not like i have had it all my life. Forgot to mention, in August when this started i had the flu for around 2 weeks, i was feeling really sick, one morning i woke up at like 4:00am and went to my parents room, because i had a temperature and i felt sick, whilst i was standing in the dark bedroom i felt nauseous and all sweaty, i felt like i was going to collapse, then i realised everything felt more darker then normal i turned on their light and i couldn't see anything, everything was black! I My mum just said that i wasnt eating and drinking and that is what must've caused it, along with all the medication i was taking. But i happened another time too.. It was around 2:00pm as i was riding my dirt bike, i felt off and wasn't concentrating properly, i fell off at high speed after almost crashing into my sister (i hit the front brakes going downhill, in which i know i wasn't supposed to - i just panicked). Long story short, I broke my wrist, anyways when i fell off i had another blackout, which i was told it was also because it was 2:00pm and i hadn't eaten.. Then not long ago my heart started racing and it happened again. I am literally so scared now, but i've just been told every time this has happened i was because i hadn't eaten properly which is why now i try my best. Anyways, that isn't the point. The point is 2 days ago i got a cold, and i feel so bad, i think it is from my anxiety and my cold together.. But, the thing is. I feel like i can't think properly, i feel really out of it - like i don' feel real, nothing around me feel real. I feel like my head is tight and i am stuck in a dream, i don't feel right, i feel like I'm weak and everything i touch and do it isn't necessarily me that is doing it. So, i don't know if it is because of my cold that is making me feel off and my anxiety that is overexaggerating the feeling i am experiencing, but i feel like something is seriously wrong, what is happening to my brain, i am scared. It doesn't feel like my anxiety where it goes away when i occupy myself. No matter what i do i feel so out of it. Please tell me i am safe!"
235,"Hi everyone With the horrible event at Bondi Junction on the weekend we know there will be a lot of people feeling distressed, overwhelmed and unsure. There have been some conversations across this wonderful community starting to put into words these feelings and we have seen the wonderful way in which you all support each other. We wanted to make a space for these thoughts and feelings so that if you need support from others, you can post here. If you want to talk to Beyond Blue, we are always here, either on the phone or via webchat https://www.beyondblue.org.au/get-support/talk-to-a-counsellor You can also hear the thoughts and reflections of our Patron, The Hon Julia Gillard AC https://www.facebook.com/watch/?v=2150279295338239 Thank you all for being an important part of this community and for sharing your experiences, thoughts and wisdom."
236,"I went to see my mental health nurse today. It's a fortnightly arrangement. Today I showed him a statement I'd written for the redress scheme. I couldn't tell him in words what was done to me at age 16, that was more humiliating and shameful than the sexual assaults, rape, harrassment and threats of rape.I suffer nightmares weekly, sometimes multiple nightmares a night.He read a certain part of my statement and then said, this is terrible, I won't read anymore. He was supportive, we discussed why I feel so powerless, so angry, and scared all the time.Starting from age 11, I was molested by a teacher for five years, bullied by students from the age of 4, the bullying turned into physical assaults and what one police detective termed as torture, I was sexually assaulted by a friend's boyfriend at age 13, 16, and raped at age 20. I never got to feel safe or heal from the first initial trauma before suffering trauma, sexual assaults on multiple occasions. Now I'm almost 45 and I still suffer really bad flashbacks."
237,"I was very distressed by what occurred but not for the victims. Before hearing much about it I wondered what had led the person to commit these acts. Had he received help with schizophrenia and possibly other issues he had? Alot of information seems to be sensationalised to grab the attention of viewers. As we all know when we're mentally ill it can be hard to seek ""great, quality help"" quickly. Maybe you can't get in for a few weeks to see a Dr for a psychologist referral. Maybe the psych isn't the right fit. Maybe you can't afford the cost of the dr or the psych. My family has a history of mental health issues and some of them self medicate with alcohol and think they dont need to see anybody. I couldn't help but think what if that was my brother! Basically, more help is needed!! Thanks"
238,I have finally left my husband of 25 years after years of physical but mainly the mental abuse over the last 2 years. I should be happy that I finally left but I’m not. I hate him what what he did and breaking me like this. I was a strong person and never did I think I would ever feel like this. And yet for some stupid reason I love him and just want him back. I don’t have any friends or family to talk to and this is the first time I’m reaching out like this. I have spoken to someone through this website before but it was a one on one so I don’t know what to expect but I just want to feel like someone cares and smile. A real smile not the fake ones I’ve been giving out for so long now. To top it all off our lease ran out and since Thursday night I have also been staying in my car with my 2 dogs. Thought camping would be fun but didn’t count in them being so protective that no living soul can walk past if in sight and the poor ducks didn’t deserve the scare they got. One of the dogs broke her collar and runner trying to give chase. I feel just as stressed here as I did at home. I don’t have anyone to talk to and the fact that I’m feeling hate and love for the one person that’s been in my life since I was 15 is just adding to the stress because all it’s doing is confusing me and making me angry or upset. At the moment I feel like I’m all cried out and I feel so down. I went to a quiet part of the river and I’m on my own here which is great for when I just get overwhelmed and have a cry but I wish there was Simone here who just pretends to care. Someone that could help me feel better. I’m sorry if this is too long and boring. I feel like a hug so badly. Does anyone else feel like this or has felt like this and what do you do when you have absolutely no one to go to. And my dogs are all hugged out and they don’t hug back unfortunately. Lol
239,"Hi.It's been 30 years of challenging physical health after many many years of trauma I still struggle to understand why I wake up some days and feel so unwell.I get that the body keeps the score and the brain has the capacity to trigger physical symptoms when I don't feel safe, but these pains, nausea, headaches etc are so debilitating.I would love to hear from someone else who experiences this.It may help me understand myself knowing I am not alone with this complex health issue.Thanks all."
240,"Only recently my mother passed away, 12 years after my father, they had been divorced for years and the marriage was not positive shall we say, my mother had some emotional issues and sort attention where she could, my father was overbearing and their marriage was splattered with random events of violence, my elder brother bought into my father's view of the world and my mother, whereas for some reason I was on the outer with him, the accusation quite often thrown my way was ""your just like your mother"" in various negative formats, so I developed a distance between myself and my mother, I was never close to my father or my brother yet it is interesting to me that to all their circles they were perceived to be great guy's. I copped quite a bit from my father on occasion with at one stage having my upper thigh & bum almost completely black with bruising, I have seen my brother take his stepson into a room with the son emerging with a black eye when he slipped and ""fell"" on the bedpost, but the one I feel for the most is my mother, she went through her entire life being rejected by those around her, she was promoted to everyone as ""OH that's just her!"" by her family, by her husband and then her children, she faced physical violence when he was drunk or feeling bad, she was a timid soul and must have been scared witless at times by my fathers ""Righteous"" rage when confronted with a cold or dried out dinner because he had spent the evening drinking, she faced being put down her entire life, but the worst I think that was done to her was to have her children turn on her as my brother did or turn away as I did, most of this I only realized after she had died to my shame, we kids were weaponized by a parent in his one sided war against the person he should have loved and supported, now I am left with regret, and a struggle to reconcile and process a lifetime of trauma, however I have broken that cycle of violence and need for power and control, my family although not perfect is relatively normal and my children are much better parents than I ever could be, but now I grieve for what could have been, for my mother , for me , for my children as we were robbed of the opportunity to have a relationship across those generations by domestic & mental violence,"
241,"i was sexually assaulted last year when i was still 15. this man and i talked for months and he treated me horribly so we took some time apart. eventually we came back and by this time i had healed and gained so much self worth. i set my boundaries and he surprisingly respected them, i was so happy with myself. my first encounter with him after setting my boundaries was a sexual assault which involved him jumping the fence and telling me to keep my mouth shut. i didn’t react for a couple of weeks, i think i was just processing what had happened and why i was taking way too many showers every night. one night i cracked and confronted him and to be honest i felt no glory in being proven right as he said “please **** please **** don’t tell anyone” i couldn’t do anything. couldn’t say a word because i would be called a liar, couldn’t over react because people would think i was asking for sympathy, couldn’t tell my friends because he was in our group. couldn’t tell mum because i felt so ashamed and disgusted in myself. i struggled for months and my grades dropped as well as my relationships. i cut everyone out and lost myself completely. i realised that after all those months of worthlessness and depression i hadn’t gained any justice because that boy was still walking around thinking i had let him off easy. i’m yet to report the case or tell half of my family and friends but i’ve come to terms with myself and that i deserve better than any man with similar intentions. although it stops me from experimenting with relationships it also stops me from getting more hurt and that’s been my main priority since the assault. teenage girls don’t get enough of a voice for this kind of thing because it’s NOT normal and shouldn’t be brushed off the shoulder. i’m now completing year 11 and trying to get myself back on track with grades and trusting those around me. I wish that girls any age experiencing something similar can grow through this experience with me and get their justice. We deserve nothing less."
242,"I was abused emotionally by someone who I thought would protect me. When I was young, all I could do was cry my heart out. I learned to keep quiet and shut myself up. It took me years to be free from that, and I thought I could get away from it if I was free, but I still have trauma from it. When someone shouts at me or someone else who's near me, I freeze, my heart thumps wild, and I'm sweating bullets every time it happens. I really wish that I could live life without this fear in me."
243,"I have a lot of childhood trauma including coca(child on child abuse), sa, loss of loved ones, emotional/physical abuse.This caused very bad flashbacks in episodes at nighttime for a long time, though I've been healing and it's been a while since I've had one of those now. But a lot of music from those years still triggers episodes of ptsd where I can feel, hear and smell my abuser. It's horrible and uncontrollable. Luckily, music from then doesn't get played that often, so I'm usually fine, and I tend to carry earbuds with me in case.Sadly, I still get into fights/arguments with my parents, which can trigger a lot of emotional distress and cause a spiral into a major depressive episode. These episodes often consist of memories/flashbacks to those I've lost to time and can also trigger a ptsd episode to the abuse. My mother has anger issues that she refuses to adress and my father has chronic pain issues that cause him an amount of depression and can also make him prone to anger as well. So what should, i think, just end up being a playful disagreement which we all come out of understanding one another better and as better peopple, usually spirals into a big fight that usually ends with me in tears and not being able to stand in the same room. I always have to leave to try calm down, though by then it's usually too late to sotp the spiral. I am clean of self harm over two years now and I am so proud of myself for it, but these fights with my parents keep getting worse as I gain self confidence, self respect, and knowledge of what's normal and not in people as I get older. I know my home will never be violent, but I know my parents don't like that I like guys and girls, or that I am sometimes a girl and sometimes a guy. and a part of me always worrie that the fights could turn physical one day, even if rationally I know they won't. Because someone I loved physically hurt me in the past, I'm always scared of it happening in the future. Sometimes that 2 year streak is hard to keep going."
244,"So I'm in a same sex relationship with a girl that has BPD and ADHD, I'm just trying to understand what this means for me. She has worked on herself a lot to cope with this and we communicate really well. There are many times it scares me, especially when she is at home alone, she might self harm or worse. I keep calm and try and understand her emotions, but it's really hard sometimes when she disassociates or her mood might change or gets distracted due to her ADHD. It feels like everything for her is a struggle."
245,"Due to my ptsd and trauma from my childhood and early teenage years I started smoking pot and tobacco at age 15. I'm now 22, I struggle with anxiety about basically everything as I've had such a sheltered life and no real experiences. I left school at the age of 12 due to my home life. Something I regret immensely. But I've spent all my time since 16 sitting in my bathroom smoking, every single day. I don't have friends, hobbies, activities I do outside of being at home. I basically go to the shops every week for food shopping then straight back home. My health is getting worse, my teeth are becoming black and I've recently just lost half of one at the back causing so much pain. Due to that I've had a realisation my life is headed no where. How do I get out of this funk of always smoking, feeling like I need it but not doing anything with my life. How do I commit to a full-time job when I've never had any sort of commitments like that before. I struggle to adjust to the thought of spending 8+hours a day at work and having barely and time for myself but on the other hand having no money for dental, a house to live in, a car.. I feel so lost. Like I'm the only one who's messed there life up so terribly that it feels irreversible. How do I move forward from this funk?"
246,"I've recently been in a traffic incident where I was a pedestrian hit by a speeding vehicle. I suffered serious physical injuries which kept me in hospital for 17 days. I have been home for just over a week but am currently unable to look after myself due to a broken leg and arm. My wife is looking after me as a full-time carer.I'm struggling to find a structured way back to my normal self. I'm sleeping very little, constantly mulling everything over in my head. I know my physical injuries will heal eventually but can't see how my mental state will recover."
247,"I've had a lifetime of struggles and I'm still struggling with the aftermath of how people have treated me. Growing up I was the oldest of many siblings in which we had a abusive farther and a abused mother. My farther physically, mentally, and sexually abused me up until the age of 15 until I had finally had enough. He physically and mentally abused my siblings. I spent my childhood confused and hurt and now from my recent understanding I had autism. I did everything I could and took as much as his rage from my siblings I've done, been through and seen things that the average person don't understand. I've had 2 siblings go through cancer. A mother that's incapable of not only looking after herself let alone anyone else. I had a child young for which I found out my ex purposely pregnated me so I wouldnt leave. For which he turned into my farther and mentally, physically and sexually abused me aswell. Until I finally couldn't take it anymore just over 2 years ago and disconnected and shut down for which I finally walked away. I've not cone to the understanding I have autism cptsd, ocd, anxiety, severe depression. I've entered a new relationship for which I now no that my trauma from the past is effectively rising up. I have bouts of crying all the time. I struggle with communication, eye contact. Over explain and talking but to softly. People pleasing issues. Emotionally intense. Severe inner personal critic, abandonment issues and the list goes on and on. It would be great to find people who lived similar situations to provide how they have overcome even some of these things and how? I'm scared alot, I get triggered regularly and there is next to no support available just wait lists everywhere. I'd like to feel safe to discuss the things I went through is this the place or is there advice on where I can speak my truth to maybe get it off my chest and relieve some of this pressure cooker thoughts so I can see if that may free me even just a little. I've struggled with sharing as the experiences I went through I can't find people who actually understand without crying. Thankyou."
248,"I recently had two scares within a week where I nearly lost my 7 week old baby. I struggled with fertility for years, multiple losses & then I finally fell pregnant. Pregnancy was traumatic in itself as I was high risk the entire time always terrified I’d lose her. I was diagnosed with antenatal anxiety. The moment I knew she was coming I was filled with anxiety that I may reject her because of how anxious I had been but I couldn’t have been more wrong. I fell inlove with her from the moment I saw her. I was so happy & full of life just because of one little lady who can’t even speak to me. Until a week ago, I was changing her & she vomited, choked & turned blue. She was unresponsive but only for 30 seconds. When she came too I was obviously terrified but was relieved. I saw the hospital who advised everything was semi okay & she had just had a reaction to her vaccinations that caused her throat to close. This brought on a lot of anxiety & instilled fear into me but after 2-3 days I started to feel more confident again. Until, yesterday. I was holding her, she was just drifting off to sleep when not even 30 seconds later I realised she wasn’t breathing. She was limp & blue. I immediately dialled 000 & the ambulance came. After 6 minutes fully unconscious she came too, but was in & out of consciousness. This was absolutely terrifying for me, I was breaking down when the ambulance arrived & took her. I couldn’t stand to think of my life without her, she almost died in my arms. What if I was sleeping & I never noticed? I since then have been in the hospital with her where she has been okay & is just being monitored. No one knows whats wrong. I am terrified. I keep having flashbacks, nightmares & getting chills. I can’t hold her because I see her body pale. I have PTSD which I am no stranger too but never like this. None of the trauma I have been through is like this. This feeling is indescribable. I am not sure where to start. I don’t have the answers to heal yet but I can’t physically or mentally live how I am after this. I can’t sleep, eat & I can’t stop crying. My brain has gone over the worst multiple times, preparing myself for what may be. What would you call this? How do I deal with this? I am so scared. Will I get over this?"
249,Hi Everyone I haven't been on for a while but I felt an urge to come and and make a post. So here goes. I have had personal experience with Anxiety and PTSD and Depression. So I wanted to get my expression of my thoughts out there in the hope it can change other people's lives for the better. I felt very lost for a really long time I also felt that I couldn't really turn to anyone because I felt they truly wouldn't understand me. I relied on the professionals and my incredibly faith that I have. When you are going through such intense pain suffering and struggles you do not know how you can overcome it. But just know when you feel like you have it rock bottom and feel like you can't get any lower than the only way is up from there. I know this because I've been there. In those moments when you feel so incredibly alone that all you have left is your faith which I've always had faith I just got lost along the way for quite a while. But when I was in solitude I prayed with everything in me that my life was going to get better and that's what I literally hung on to was Faith and Hope and I do believe in miracles because im a living testament to this. It's my hope through my personal journey thus far that it will give other people the hope and courage to hang on and know it can and does get better. It hasn't come easy for me at all and I've worked bloody hard to turn my life around. And I know if gusts will and determination and the will to fight anything is literally possible. All the very best please takecare of yourselves and know you are incredibly deserving and worthy of all the love and happiness in this world. Thankyou Hope
250,"Hi All, I am a 50yo man. Recently I have started with a new Psychologist, and she started asking me questions about my childhood. It would seem that I might be repressing events that might have happened to me at a very young age that are in my unconscious mind. There is known childhood sexual abuse by a grandparent in the family so this could be what’s in there.The moment she started exploring the topic I had an emotional (tears) and physical reaction (couldn’t sit still/squirming in the chair).I am not sure if I want to open up, as this could be very painful to explore. At the moment I don’t know if I was abused, or I saw something or I just think it happened to me.I appreciate everyone is different, but I would like to know what others think, is opening up beneficial?I am also not sure if I should be discussing things with my wife and kids as I go through this, after all, I don’t really know what happened so there is nothing to discuss really, I do have symptoms, such as mood swings, some alcohol use, a lot of anxiety so I think I should be saying something?"
