post_id,post
1,"Are there other women out there, my age 77 with severe depression and anxiety?"
2,"Hi everyone, I was googling ‘I am resigning from work tomorrow due to anxiety’ and found some of these forums. The support and empathy shown made me feel quite emotional. You are good people.I’ve worked with my boss for almost 10 years at different companies and we have had a good working relationship, but over the last year or so I feel like the current company (he owns this one), has lost its way. I don’t feel like I am morally aligned and I can no longer see the vision for the future. In addition, I’ve suffered from anxiety for 20 years but until the end of 2024, it had never impacted my work. In fact I was always so grateful that anything work related, my brain seemed to give me a break and back off! But now I am anxious almost daily. I have all the fun symptoms, racing heart, nausea, gagging in the morning, emotions all over the place and I have finally made the decision to listen to my body and give myself a break.But I am incredibly nervous that my resignation is not going to go down well at all.I actually feel a little better just from writing this down! If you have read this far, thank you and I hope you have a good night. Bluest_Light"
3,"Hello Everyone, As the title states, I'm looking for help/advice with driving. This is going to sound stupid but I'm in my 30s and I still don't have a driver's license or even learner's because of my anxiety. I have 2 fears regarding it: 1. I don't trust other people on the road, even if I do all the right things on my end it's not going to stop some random drunk driver from crashing into me. 2. I don't trust myself, I overthink things and have the fear I might crash and hurt/kill someone by accident. Mind you, I would never be the type to drive recklessly or be under the influence of anything. I'm the the type who would drive like a granny and be 'vanilla'...no offense to anyone here. I know I'm not the only one out there with this type of anxiety, but I feel frustrated with myself not being as independent as I like to be because I don't want to rely on others or the limited public transport in my area. I feel like I would have more freedom and it would be a big step in helping myself to get back on track with life."
4,"Hii always feel I am not good enough. The only way to have less of these feelings is not resting and instead doing something for career development etc. Because of this, I feel very guilty not doing anything for work even on the weekends, which also makes me feel exhausted. Also, I feel people think I am not capable of my current position at work and should not be doing it. Because of this, I have a huge anxiety that I may be let go soon. It is hard.. I wonder if there is anyone who can relate yourself. I am now a mid age. I want to enjoy life and blame less on myself. Would anyone like to share your experiences and how you have overcome these feelings if any?"
5,Hi and best wishes to everyone. I had been going along pretty well. About 4 weeks ago i had a very bad attack of shingles and it has lingered on and is still very painful . It is all starting to effect my mental health as i have missed doing things i normally do. Then i question myself am i being a bit of a sook is it really that bad. I just now its very painful at times and ive been put on medication for it that makes me tired . I really didnt need to have this happen. Best wishes to all. Beaser
6,"I took over a hair salon business when I was 24 years old I’m now 31.It started with myself, a close friend who was my business partner and 1 apprentice.i was the hairdresser my friend who I went into business was the Bookeeper.From day 1 it has not stopped with the challenges. My business partner was constantly taking money out aswelll as putting it back, i regularly voiced my concerns and it took me 2 years to finally have enough of the financial strain she put on me. I was already operating the floor, hiring staff, training them, doing clientele, working 44 hours with little to no lunch breaks. I decided to call the accountant to work out a buy out figure to which he told me he hasn’t done the books since we started. Turned out the tax and super that was being paid was straight to her personal account and got spent. I was in court for 3 years disputing it. First year into court, covid hit. Now I was fighting to keep the businesss I worked so very hard for. With lockdowns of a total of 9 months over 2 years without funding was stressful to say the least. I recently decided to put my business up for sale as my mental health has completely deteriorated the last 2 years, I was constantly getting sick, trying to still work and manage 4 employees that iv had since they where apprentices. 2 months into it being advertised and 2 months out from Christmas 2 of my employees handed there resignation in not for any bad reason other than it was time for them to explore a new direction. I was happy for them personally but on a Business level it left me with one hell of situation. It took me 5 years in total to train them up to fall apart in 2 months right before the madness. I’m worried I can’t keep fighting through all these obstacles that come my way with so little energy as it is. I’m having panic attacks during work, I’m run off my feet and I’m working more hours to cover the clients who where booked in with the 2 girls who are no longer here. I’m exhausted mentally and physically and I feel trapt till I can sell it. I’m having manic crying episodes nearly every night after work dreading each day that comes. I’m starting to loose control of my emotions within work and can’t hold back them tears. I can’t take time off now being so close to Xmas with only 2 partimers left and one being an apprentice.financially iv ran at a loss the last 2 years and the pressures are suffocating me.Any advice on how to manage the pressure and self care with little time to do so?!"
7,"Hi everyone,Not sure if this is the correct place to put this but I guess I’m quite overwhelmed about an upcoming psychological Independent Medical Examination appointment next Friday.I’m 25 (F) and recently lost my mother three weeks ago. She was diagnosed with terminal cancer in September 2026. Her diagnosis did coincide with a few challenging circumstances that exacerbated by stress levels. As such, I did express suicidal ideations. On the week leading up to her death, I also had two significant anxiety attacks at work (away from customers!). As of two weeks ago, my manager has stood me down from workUnbeknownst to my manager, the suicidal ideations had dissipated in November when the other circumstances improved. Except for the anxiety attacks and understandable sadness over my mother, I have been in a relatively good frame of mind.I have also been regularly engaging with the EAP services, my own psychologist (who is happy to provide a letter supporting my immediate return to work) and have been accepted into a postgraduate program. I certainly have a lot of support and clear on ideas on how I’m moving forward.I’m just apprehensive about this appointment, worried about the outcome and wondering if anyone had any advice or similar experiences.Rose."
8,"Hi there, I’ve been searching for a teacher platform to find responses and experiences from teachers, especially regarding the difficulties of mental health and being an educator. I had a contract at a school I instantly got attached to and really did not want to leave. I ended up not having another contract renewed for this year and it has been extremely hard to deal with. My question is, with joining another school with a whole new community of people and systems seeming pretty impossible, would it be awkward going into relief at the school I had the contract with. I am pretty young and fresh out of uni as well (I forgot to mention that before). I did have a lot of conversations with mentors and advisors to try and navigate the situation and I’m worried that advocating for my mental health and being vulnerable and honest has damaged my ‘image’ of being a ‘good teacher’ and candidate. I’m grateful for any strategies that I could use to take that first step back into teaching. Thank you fellow teachers and know that you have a person who truly recognises how daunting, heavy and anxiety inducing this profession is, even with all the love and passion we have for it."
9,"I have decided to join the forum to learn how you guys manage severe anxiety. I am going through a workers comp claim and finding I am getting confused about dates, months - when things happened, when they didn't. I have kept a diary but this only includes dates and remarks about appts, results etc. I thought I had clarity of mind starting out to remember pain issues, but as time goes on, the weeks and months are getting muddled leading to confusion in reports, which is hard for the insurance company and others to understand. I guess I am not as strong as I thought. One thing for sure, I can't do this on my own any more. I am tired and I can't come up with the answers to cover my errors. I like to be upfront with things and honest, but my mind does not seem to want to play that game at times. My psych is on holidays and I am really missing her. She is coming back in a couple of weeks. I scare myself with what I have quoted as happening, as I can see I am losing a grip on the situation. I have not verbalised this before to health professionals, but I feel from this point on I will need to. It is one thing to read psychiatric issues in a report, it is a whole different ball game to say yes, I have chronic depression and anxiety which I am being treated for and it is shadowing my version of reality. How frightening is this? Reading posts from other people with mental health issues, and what they have been through with WC claims is really touching and makes me feel very humble. Kisses to you all - I will close wishing you a happy pleasant week ahead, and I will now start reading thoughts from those who have walked the hard road ahead of me."
10,"Hi,I am looking for support with my heart/cardiac anxiety issues. I am 34 and this started a few years back, i started having sharp chest pains and heart palpitations. It started one night when i was falling asleep and this weird feeling woke me up and i was terrified and panicked that my heart felt weird, shrugged it off for a while and tried to ignore it and go back to sleep but this kept coming and going for weeks/months.. This led to feelings of numbness and tingling in my arms etc and chest pains and then anxiety wondering if it was my heart. I couldn't work out if it was my anxiety triggering the symptoms or the symptoms triggering my anxiety. i ended up going to hospital. they did bloods/ecg and i had an MRI and a heart monitor for 24hrs and went to a cardiac doctor.They all basically said that it was nothing to do with my heart and everything came back normal. The cardiac doctor laughed and said there is no way it could be my heart at my age and to stop worrying about it (i also have no risk factors at all, no family history, normal weight, no diabetes, no smoking, barely drink) After this reassurance i convinced myself it was just anxiety and gradually it became non existant for a few years. Well this last 6 months i've had it again out of nowhere... it comes and goes.. it started waking me at night when id start to fall asleep this weird feeling.. and id panic it was my heart again. Then the little chest pains would start up and the anxiety would follow and id start googling and everything says heart attack symptoms. So then every little symptom id start to worry again.I have been back to the doctor a month ago who listened to my heart and did an ecg and came back normal again (but these ecgs are always done when im not experiening the pain or palpitations at that time)So i dont know if its the anxiety creeping up again and just creating these symptoms. I try to keep calm and tell myself to stop worrying because if i start worrying the symptoms get worse. Does anyone have similar? I do things to take my mind off it and it does work sometimes but other times it doesn't and i feel something is wrong and im going to die eventually from heart attack or something. Has anyone had these symptoms and it actually be heart related or is it just the anxiety creating the physical symptoms? Any words of advice would be appreciated"
11,"I hurt my lumbar/SI joint 4 weeks ago. It's improving so slowly I can't work, I can't sleep and I am exhausted. I just don't know what to do. I should be healed by now, or at least able to push through it. I feel so useless. I wonder how much is my brain protecting me and how much is physiological pain and why can't I get my brain to stop being so stupid."
12,"Past year till this day… I have been dealing a lot with my family & work stuff. I thought I had it all under control which I doubt now I searched & searched & searched endlessly for what’s anxiety or depression like No, I’m not sure if I have one or the other! No, I have not consult the GP as I’m not sure what to say I’m not sure if I’m just plain sick from not looking after myself well or it’s really the stress! Does Vitamin B Complex really help with managing stress?? I started taking it almost a month now but I still feel the same like before taking it - gut punching, hands shaking, diarrhoea in the morning & headache, sleepy, easily annoyed during midday & worst - hard to fall asleep at night Anyone feel the same…??? Or, is it just the way it is when you get older???"
13,"Hi allI've recently had gastric bypass surgery after many years of research and trying the natural way of diet and exercise. I'm 54 now and wish I had done it sooner as I find it hard to breathe therefore exercise is hard. Mobility is hard. Everything is hard. From the moment I get up to the minute I lay down at night. My depression and anxiety stems a lot from being made too responsible for too much from a young age through till now - caring for everyone else at the expense of myself like a martyr. I'm the middle child of seven and never felt loved or valued by my family except for what I could do for them. I then transferred this self-worth to my professional and social life resulting in DV in the workplace, doing all the hard stuff and getting none of the credit. No promotions, underpaid and taken advantage of. I never realised how bad depression could be AFTER weight loss surgery. I didn't expect to be thin straight away and I already had anxiety depression before the surgery for the last 30 years so knew it would be hard. I don't know what this Mind Body connection is and it's scary. BUT I'm on the journey to discover what it means to me and my health. Anyone else can relate?"
14,"Hello, I am in a really low spot. I have bipolar, depression PTSD, anxiety. Now i look back on things I think i have been out of control for the last couple of months. I have spent all our money, i have got secret credit cards my husband doesnt know and maxed them all out and we have no money. I feel awful but i started joining dating apps and have been meeting up with people for casual sex. I normally dont have a big sex drive but the last month I cant stop thinking about it. I feel like im addicted to the apps. I keep deleting them and then install them again. I know I am being very unsafe. I also purchased some pain relief medication from someone which is opiod based and now i can not stop taking them. If i dont have one every few hours i feel horrible and start sweating. my life is crazy, my husband doesnt know and im to scared to tell him."
15,"i'm having the most exhausting time this past week, going in an out of anxious and depressive moods, with tiny blips of feeling ""normal"" or ""excited"" about life. right now, everything feels boring, bland, and pointless. all of the things i usually love are not making me feel good. i can't stop thinking about the purpose of anything in life, it feels like all of the normalcy that usually keeps me afloat has left my brain. just looking at objects in my bedroom/house make me feel anxious as well. my brain also keeps overanalysing everything, trying to convince me something is wrong when it isn't. the intensity keeps changing throughout the day: sometimes its really easy to fall asleep or i can have a good conversation with someone, other times i am completely consumed with the depressive/anxious symptoms, like right now. its making me so tired, i don't want to shower, eat, brush my teeth etc. i'm scared that i can't handle the challenges life throw at everyone- that i am too soft to handle any of it."
16,"Hi there, day 6 on SSRI (meds) and my intrusive thoughts are more prevelant and nastier - keep thinking I will act on the them due to the thoughts - anyone out there have a similar fear?"
17,"After an incredibly stressful 24 hours, I had to make the awful decision to surrender my little dog Grub. She is unwell, but will continue to receive Vetirinary care with the rescue agency. It was going to add up to thousands, and I financially have let this dog down. Also, when the grubs acute illness started, my mental health plummeted and a lot of unresolved internal issues arose - and I realised I cannot care for her. I had been spending the last few weeks realising, Grub deserves stability consistency and peace that I cannot provide her. Since I first got her, I've struggled to help her find peace even with moving to new environments, training with behavioural trainers, medication for her anxieties and stress, and endless love. I am such a failure for this. I don't even know if she will get better but she is in the care of someone who is more resilient than me and can manage it. She is such a good dog. I know in my heart that there is a better home for her and people that can better help her get well. I let her down, I let her get sick and then I couldn't manage. I just wanted to post to try seek some comfort from this community, because I'm feeling awful. I'm scared of getting negative comments because of what I have let the situation becomes, but I'm so alone right now."
18,"I want to sleep, I take a sedative to help me be calm.I am tired, but so wound up.A flood panic comes over me, I hate .I think ahead for life and wonder if I am going to be like this forever, how am I going to move on and live like this.Does anyone get like this?"
19,"Hey everyone! Don’t know if this is going out to the void but been struggling with extreme anxiety and regular patterns of avoidance. Has been a repeat cycle of getting better and feeling like an actual human being and then talking two steps back. It has been very isolating seeing other friends my age all socialising and enjoying the holiday season while I am struggling to get out of the house most days. Also feeling a bit left out when some common friends made plans without me. Have also started having extreme phone anxiety and avoidance- been sitting on some text messages and lunch plans for 3 weeks now and can’t stop thinking about wanting to reach back out but can’t bring myself to respond back to the messages. I don’t know where this avoidance is coming from. The whiplash from wanting to go out and continue these relationships (I really do care about them) but also unable to do anything makes me feel like I am just sabotaging and ruining my own life. I also have no social activities or regular activities to look forward to so this holidays was a very low point. I don’t know if anyone feels the same, especially feeling anxiety spike when there is no clear plan or routine. Will be starting a new job soon so feeling more anxious leading up to that as well. Overall just a melting ball of loneliness and anxiety but we persist! Just hoping for things to start feeling a bit better and to get over this but would appreciate any advice on strategies that helped anyone with extreme avoidance behaviour especially when living alone. Thanks!"
20,"if im being honest i feel a little stupid mentioning this as i constantly try my best to ignore it, and i dont mention it to anyone but my partner.Im not really sure where to start with this but put simply i have major separation anxiety and its affecting my relationship with my partner (Female) who for the sake of this post we will call ""K"".my partner K and i have been together for 7 months coming up on 8 months now, i have had really bad separation anxiety since i was a child, which i didnt realise i had it nor how bad it was until about 11/12 months ago, When i was younger (around 6/7 years old) my parents split, and i stayed with my mother, i also had a huge disdain towards my father and hated him throughout my life, he died when i was about 10 or 11 and i actively refused to go to his funeral because i hated him that much and was even glad that he died. or more so thats what i thought. when my current partner and i got together i had just gotten out of a long term (2 year) relationship 3 months before handmy partner K and i around our 1.5 month mark, decided to have some drinks one night (it was my first time drinking so we did it in her room just us 2, as i had always avoided drinking because i was scared to find out what kind of drunk i was) clearly that fear was a valid one as after about 6 drinks i was completely drunk (though i still remember everything clear as day) i ended up having a full mental breakdown where all of my pent up trauma finally came out including some i didnt even know i had, as i had apparently said ""i miss my father, i dont even know why but i miss him"" i had gone my entire life up to that point believing i didnt care about him but apparently i did.Anyway, fastforwarding a couple months, around our 4 month mark or so my separation anxiety towards K had gotten really bad, anytime we argued (i say argued loosely here) or anytime she was angry at me, i would instantly go into a panic where i cant help but be in fear that she is going to leave me (writing this out is infact causing me to slowly head towards that right now), as the following few months pass leading up to current time. it has only gotten worse, if i even feel her vibe is off im instantly panicking thinking to myself ""Is she losing interest, does she want to leave, does she still love me, do i make her happy"" etc.I cant help but constantly be in fear that im going to lose her and i really dont want to because she makes me so happy, i just want to fix this."
21,I am 45 female and constantly worrying about everything simplest thing to big stuff it’s really affecting my daily life . Don’t know what to do
22,"I feel like the world is going crazy and I am getting so anxious about everything. I've always had anxiety and managing my depression at the bay. And the news tells me there are wars, bad politicians doing unthinkable things, AI is taking over, a market crash is coming, and so on. (The biggest is the climate change and these bushfire news makes me cry and feel powerless.) I feel like these issues are my own and keep donating money and feel financial stress at the same time (by the way some donations are not even tax deductible). I worry that we will become unemployed and Australia will become like these countries with high unemployment rates or the climate change will cause food shortage, the US will take over these key geopolitical locations by force and the world is divided into 3. I watch Eckhart Tolle or do mindfulness practice to stay in the ""Now"" but it is very hard not to worry about the future for me and everybody else's. I don't have friends so I cannot talk about it to anyone. The problem is that I cannot just shut it out. I need to look at the news and pay attention to politics because I have to manage someone else's finances, so I need to pay close attention to macroeconomics and geopolitics, do research. How does everybody cope with the current affairs in the world?"
23,"hi,im currently struggling,i cant talk to my mum anymore, she doesnt listen, or care, she saw my sister twice over xmas and didnt even call me at all,its been like this for years and years,and if i talk to her on phone it takes a week of anxiety and anger to get over it,i cant do it anymore, i think i need to go no contact...its been like this ever since parents divorced at a young age,,i need to break ties,,i just try to be nice to keep the piece ,but im so angry with her all the time...its affecting my anxiety, we spoke this morning, ive done alot of exercise to help it today,but nothing fixes the anxiety and anger,it takes a week to subside then it starts again next time we speak. anyone else in this situation,i dont have anyone else to talk to,i havent spoken to a human person since beginnong of december,thank you"
24,I’ve been struggling with anxiety for about 3 years and it takes over my life more and more every day but my mum doesn’t realise how bad it is and she refuses to let me get medicated. How do I tell her that I really need it. I’m only 16 so I can’t get it myself.
25,"Hi all, I've been sharing a house with a couple (James, Sarah) for the last 18 months and it's presenting a few difficulties and contributing to anxious feelings: I hope it's appropriate for me to collect some of my frustrations here in the hope for some advice. I had known James for 8 months prior but had never met his partner Sarah. James and I got along relatively well as colleagues and coincidentally were both forced into a quick exit from our previous living situations and felt it would be appropriate to move in together. We had a few interests in common, so we figured it could work. Sarah is a self confessed introvert - we have nothing in common and struggle immensely to strike any sort of rapport unless there are a few beers involved. If we're in the communal area, at most it's a ""Hey, how are you? Good"" and that only stems from me initiating the conversation, otherwise she will pass by like I don't exist. If I enter and they're present, she will almost instantly leave, allowing James and I to have a slight amount of chit-chat that more often than not feels forced (for the sake of us knowing each other prior. He isn't a brilliant conversationalist also) before he leaves. I love my downtime, but I guess I'm also relatively extroverted. I feel I often need to speak to break the tension within the room just to feel like there is even a small sense of community. I try to strike subjects that I know they're both interested in, even if I'm not as well versed to try and lay some foundation in the hope that the next day might not be as difficult. You can literally cut the tension most days like butter. When I eventually burn out and can't be bothered trying and want to ignore them myself, I'm the worst person ever however. I don't want to be best friends but I feel perhaps a little bit of effort on both of their behalves would go a long way in making the house a little more enjoyable. I respect their space when cooking and will join the kitchen from my room once they've sat down to watch some television, but more often than not find I'm locking myself away in my room just to avoid the uncomfortable situation that inevitably awaits me. This is an ongoing thing during lockdown and its starting to affect my mental health hugely. Constant stress and anxiety; avoid them - feel bad, try to help, feel worse. It's a really uncomfortable environment. Apologies if this is a ramble, any thoughts or experience with this is greatly appreciated. Thanks kindly."
26,"I have run out of excuses. I have left my mental health untreated for too long. I thought that by totally upending my life that I would miraculously be cured of the weight that I carry. 18 months ago I lost my mother…my person. She was my entire focus. In caring for her in her old age, I was able to deny that I had developed severe anxiety and agoraphobia. I am ashamed to say, that I have never moved out of the family home. The house is in the process of being sold, and I have no option but to change. I forced myself to find somewhere new to live, and now that moving day is approaching in 3 weeks, I feel as if I am spinning out of control leaving my siblings to pick up the pieces. Why can’t I just let go. I am so scared."
27,"So I’m a 23 year old female who has always hade anxiety especially separation but be extremely heightened now due to various trauma over the past five years and is bad now. 5 years ago I was an 18 year old cramming my last bit of study before my last exam and getting excited to graduate after what was a crappy highschool experience. That night my mum had a stage 5 aneurysm (very lucky she survived as it the worst stage to have). So my world got turned upside down in an instant. So when everyone was enjoying holidays I was in and out of hospital visits not just for my mum but for myself (as I was having several anxiety attacks a week that no one knew what to do in these situations) including myself. Fast foward 5 years my mum was diagnosed with aphasia due to her stroke. Luckily she has learnt how to do stuff like clean, cook, shop, drive. But struggles to read and understand conversations. I have found out like not even a week ago that after over 25 years of marriage my parents have decided to seperate. We are still staying in the same house while mum continue with her recovery but hope that we can help her be independent but it’s a long road ahead 4 years ago I got a boyfriend who I love. And shared great memories with. We always talked about moving to his home town which is 2 and a half hours away. Because he always played to I love the idea of a fresh start and hoping that it would give me better job opportunities. But every time we go to visit or a stay anywhere away (holidays or even staying at someone’s house) from home my anxiety gets triggered because of my home issues. We have been together a long time and have sturggled to see a lot of each other even before this happened. And I feel like it’s developed to a lack of effort on both parts. Right before I was going to have a conversation with him about where we were at as I felt my mental health as been already struggling, my parents announced their separation. So as you can see this has now made me spiralled a bit. I decided to put a break on mine and my boyfriend’s relationship until I decided what’s next and everything dies down. The problem I don’t know when that is and I’m extremely scared for what comes next. He has always been supportive of me and understood this decision as I thought it was best not just for me but for him. Anyways enough blabbering how can I overcome such bad separation anxiety that is causing me to self sabotage relationships and live my life like every 20 something is doing?"
28,"Hey guys,don’t really post much on here,for no reason at all I suddenly got anxiety belly I have had it for the last week which is really getting me down,it’s affecting my work and don’t want to do anything I’m on antidepressants,and another medication but yesterday out of knowhere I felt ok during the day and then I went to bed woke up and it just all started over again and it’s making me so down I don’t know what to do"
29,"I believe I am mentally fucked up and there is nothing that can fix it, as much as I want to fix it I don’t think I can, society has taught me from a very young age that no one can be trusted not even family, but I would like to be loved and show love but my anxiety gets in my way as I don’t know what reaction I will get because I have trusted people in the past, pushed myself beyond the fear just to be mentally scarred and rejected, I am going on 35 years old, I can’t work as I trusted a so called supervisor to do the right thing which has left me with a irritated shoulder that causes pain, I have social anxiety, I fear the worse will always happen, I am broke, the chemist has somehow messed up on my medication refills and says I got them on a day, that I know 100 percent that I didn’t and now I have to wait a few weeks before I can get them, so I am in what they say withdrawals at no fault of mine, I am shaky, tired but not sleeping much, I get agitated quickly, I have these weird feeling inside my head kinda feels like a dull sensation and there’s a voice in there also telling me to kill myself as there is nothing in life for me, I can’t be fixed, I’m a hopeless matter, I want to die, I can’t be fixed people have tortured my mind and I’m broken"
30,"I have successfully used a variety of antidepressants throughout different stages of high stress (mainly post natal). But I recently went through a traumatic separation after 17.5yr marraige. It turns out i have been under narcissistic abuse for a long time, typical... I believed i was the mental abusive one but i was actually being gaslit and manipulated. My husbands lies and cheating and made up stories got me to the end of myself so i tried to separate and then he turned psychotic snd the gsmes strengthened and I was physically assaulted and the police put a no contact advo in place. Throughout this period and still, I continue to attempt meds to cope with it but it doesnt matter what type i try they all end up causing severe panic attacks everyday and it only stops when i stop the meds. I told chat gpt about my experience and it came up with why I was experiencing this...in a nut shell, because my nervous system was in fight/flight for so many years the antidepressants can stimulate these already constant responses. Has anyone else had this kind of experience and did you find something that helped? Anti-anxiety medication helps but is short term and after a few uses my heart starts feeling funny. Without meds I am completely lethargic, anxious and cry every day."
31,"I know this isn’t meant to be a place to vent, but I have this feeling in my chest that I don’t want to ignore for much longer… Recently ive been procrastinating on a lot of things in my everyday life and im aware that I am, it’s just that im not motivated or feel like doing these simple tasks anymore. My parents say that I make a big deal over my quote: ‘laziness’ and then my emotions get the better of me When this happens I usually stay in my room and either fall asleep or cry for a while.. My parents call this overreacting but I feel it’s something more, regardless if they don’t want me to get a diagnosis"
32,"Hi I take medication for anxiety and depression, seen psychologist for few visits, changed meds but I have this overwhelming sense fear want to switch it of . Just hits all of a sudden and unable to prevent it. Try activities, body scan, music exercise but I am never fully coping. I know I should participate more in the community but I don’t want to do so if I can’t do it regularly. Anyone have any ideas?"
33,"I was on antidepressants for over 2 decades and tapered off slowly and successfully. I’m F 59. It’s been just over 3 months since stopping SNRIs and I’m experiencing awful symptoms of anxiety, dread, irritability, negative thoughts, and suicidality. I didn’t experience these symptoms prior to starting meds. I started with some other natural medication but I’m not convinced it’s helping. I do a lot of self care eg exercise, eating well, sleep hygiene, etc. How long will these symptoms last? Is my brain just wrecked forever and going back on medication is the solution?"
34,"Hello, everyone. Those who've seen my previous posts will know I have a husband who has been very sick and an adult son with some mental health issues. The good news is my son has been making an effort to practise his drumming every day. My psychologist says it's a good sign that his mental health is improving. I have mentioned my husband has isolated himself in the shed. The problem I have is that he has been hoarding rubbish (literal rubbish, but not food scraps, thankfully). He has cleaned the shed before, but it has started again. He had an ABI about 15 years ago, so maybe this is a result of that. I am at the point where I want to move out for my own good. I am going to speak to my husband after Christmas and tell him that I have to make decisions that are good for ME. It's not an actual separation, but we do need space. I am very unhappy with the dynamic of the house and our relationship. I am thinking of suggesting a specialised cleaner (who deals with hoarding etc) come in every two months if he cannot face the thought of cleaning the shed. Has anyone else ever lived with this situation?"
35,I have just started and job and I'm literally in tears just before I go. I have 2 jobs and I work with the rosters I'm given. A day before I go to my other job this job asks me to work. I say I can't. For the rest of the day the tension is high. Whatever I do is wrong. And I had my boss mumble well it would be good if you could do your 15 hours a week. Like it's my fault I am at another job. Which they knew I had and I had also said I wasn't available. This is just one thing. I feel I can't do the job. But I've been doing it 30 years at different places. I was shown how to mop a floor yesterday. I have never been shown that in 30 years there's been no problems. It's just awful and I hate going.
36,So 12 months ago I had issues with isolation ; mental health decline due to flood and not getting medication to treat my condition the work place I am in would often involve into my home life and say if he loved you he would buy you this and do your hair if he loved you he would work well all year of that little bits here and there I started to believe that. I was withdrawing from meds due to floods the isolation and heat from rain I had a brake down went to boss said I can’t do this anymore and he called police thinking I was being abused police put charges took 8 months for court to drop them. I went to work everyday I was bullied by wrong information given or none. Micro managed left to do all on my own act manager and no thanks at all. I looked after their child (mother say at home needs a brake ) it’s a busy workplace to have babysit. I was always yes this due to the house is part of work agreement -when I started standing up for myself it has come to a point where I am not listen to and storm off or not talked to so I can’t help customers. I have a new town to go to but the rivers are over for next weeks and I have to go back to work I have no medication for anxiety and pain as mail late by week
37,"Hi, I'm 29 years of age and struggle with both chronic physical and mental health conditions. Things have been bad with my relationship with my parent for a long time now. I'm currently having adrenaline spikes in my body many times, every single day and night. My parent is definitely my biggest trigger. Yet the idea and process of going into rent also terrifies me. I've never lived outside of home before and as my parent owns this home, I don't know anything about renting. All my brain tells me is that renting is not secure because you can't stay there forever.. I currently have an active eating disorder and due to another medicat condition, I'm prone to being sick. I also consistently battle symptoms of dizziness, etc. Yet my parent has told me they think I'm faking everything.. I overall feel incapable of existing at home but just as incapable of moving out due to the state of my body and mind. I'm thinking of trying to go to Centrelink on Monday to speak to a social worker there about everything. I am currently on a wait list for crisis accommodation and am on SA Housing Trust's list for housing, although they've put me in Category 3.. Most of this year has involved me being in and out of hospital too. Things are just absolutely horrible. I've completely lost who i am and i don't know how to get through this. I don't know if anyone is/has been through something similar but i thought I'd share. - Dreamer_95"
38,"I’m living through healing at the moment. A week ago I made a plan to end my life. Since then I have been on meds, off from work, seeing a therapist and trying day by day to improve. It’s a long journey and I have found mornings my challenge. I feel like the day full of responsibilities hit me all at once. I’m still not eating due to the anxiety and possibly meds. It’s like running on pure adrenaline at times. I wake at 3/4am and just lay there quieting the intrinsic thought in my head. I have improved since a week ago and know that it takes time, especially with medication to take effect, but I thought again of suicide this morning. It’s like every step forward I tell myself it’s two steps back for even considering it. I keep going."
39,"Its a very common topic on this forum, anxiety and its long list of symptoms. I grew up in a highly strung household. Screams without notice and unreachable expectations...took their toll. So when a major workplace event came along at 27yo my anxiety came to roost. Its peak was reached. I visited my GP and therapy commenced and lasted 12 months. My therapist identified l needed the following- Awareness of the severity of my anxiety Reprogramming of my thoughts like thinking realistic thoughts Stop worrying Learning relaxation Rehabilitated into a diffetent profession. He was correct. Add to that, medication for 12 years to ""help me on my way"" My change of career went from local law enforcement (where it was full of controversy) to a supervisor of adults with mental illness difficulties in a sheltered workshop. Some years later a friend told me about Maharaji Prem Rawat and copied tapes of his speeches. My relaxation up till now was using muscle tensioning exercises at night, now l also listen to this fabulous man. Later I'd google his youtube videoes. Maharaji sunset Maharaji the perfect instrument. And many more. So what other measures?. Well l began to rid my life of toxic people, change my environment to the country, grow vitamin packed vegetables and fruit, revamp finances and utilise direct debit (less bills in the mail, less surprises) and increased my positive thinking by attending motivation lectures. By 2012 my anxiety was no longer measurable. Yes 25 years. Do readers think it would only take a short time? Likely yes, because l did. Like other ailments, a pill alone isnt enough, relaxation alone not enough and so on. Its the combination of many things that was most effective for me. Undertaking a review of all facets of your life is essential for recovery. And dont be alarmed if you try something and it doesnt work. Eg Cognitive therapy didnt work for me but l read here that some have had success. As it turned out in 2009 it was discovered l had bipolar2 depression and dysthymia. The same personal approach was made. Never give up, review my environment, review friendships, lower stress, lower debt, have a 5 and 10 year plan for goals etc Sometimes subtle changes are needed like introducing a sport or hobby, sometimes radical ideas like relocating or career change. Whatever is needed put all options on the table. Anxiety the mental illness deserves nothing less than your full attention. What works for you.? Tony WK"
40,"I want to share a personal experience that has deeply affected me. I dated a guy for a while. Because I did not feel completely comfortable or at ease with him, I decided to end things and clearly told him that we would not continue seeing each other. However, he was very persistent. I tried to distance myself, but he continued to seek me out. He began coming to my place of residence and parking near my school to wait for me and approach me when I left. On one occasion, he even went to the animal shelter where I volunteer. He constantly told me that other people were sending him photos of me or telling him things about me, which made me feel watched and monitored. He called and messaged me through many different platforms: Google Chat, Instagram, WhatsApp, and emails from different accounts. He also called me from a friend’s phone. One day, he even made bank transfers to me with the reference “come down,” meaning that he wanted me to come out of my house to talk to him, despite the fact that I had already clearly expressed that I was not interested in continuing to see him. After some time, things seemed to calm down. He went his way and I went mine. However, one day, out of nowhere, he appeared parked in front of the house of a friend with whom I used to study. This felt strange to me. He stayed there for a long time and then left. That same friend, who is now my partner, later received, through an intermediary, a message from this man warning him to “be careful” with me Some time later, one day after leaving school and heading to a shopping center, I noticed that he was parked near my car. He then followed me to the shopping center, which is also located next to where I used to live. After that, I moved. Since then, I avoid parking in the same places all the time, I avoid telling people where I live out of fear that he might find out, and my current partner picks me up from school so that I feel safer. I share this because for a long time I doubted my own feelings and normalized behaviors that I now understand were not normal. This experience has had a real impact on my life. It changed the way I move, the way I trust, and how I feel in spaces that used to feel normal and safe to me"
41,"Hi everyone,I’m reaching out because I’m really struggling and don’t feel able to carry this on my own right now.A few days ago, over Christmas, I had an alcohol-related experience that has completely shaken me. I’m a wife and a mother in my early 30s, and after a long period of reducing my drinking and doing a lot of internal work, I trusted myself again in a social setting. That trust was misplaced, and things escalated faster than I could stop them.What’s haunting me most is where this happened and who saw it. I was around my brother’s wife’s family — people who don’t know me well — and I feel like I lost my dignity in front of them. Because they’ve only seen me a couple of times, I’m terrified that this one night is now the only version of me they hold.I wasn’t reckless in a dangerous way, but I behaved in ways that felt deeply out of alignment with who I am. I was loud, chaotic, and visibly intoxicated. I don’t remember large parts of the night, which has been incredibly distressing.One of the most painful parts is the perception of how it looked. From the outside, it likely appeared that I forgot about my own family — my husband and children — and was instead seeking attention from other men. I want to be clear: that is not how I felt internally, but I’m tormented by how it may have appeared to others. The idea that I could be seen that way goes directly against my values and identity, and it’s been devastating to sit with.Since then, I’ve been experiencing intense shame, anxiety, intrusive thoughts, and physical trauma responses. Even reminders like Christmas, certain clothes, or objects from that day send my body into panic. I feel paralysed, stuck replaying the worst possible interpretations of how others saw me, and terrified that I’ve permanently damaged how I’m perceived — not just socially, but as a mother and wife.I’ve worked so hard to be better — to drink less, to be more present, to heal — and it feels unbearable that none of that work is visible to people who only saw that moment. It feels like all they see is the worst version of me.I know with certainty that I won’t drink again — alcohol is now completely associated with trauma for me — but I’m struggling with how intense this feels and whether I’ll ever feel like myself again or experience joy without this hanging over me.I don’t have the capacity to write every detail, but I would deeply appreciate hearing from anyone who has experienced a relapse, a public loss of dignity, or a situation where shame around family, perception, or identity felt unbearable — and who found their way back to themselves.Thank you so much for reading and for any support or perspective you can offer."
42,"Hi everyone, my first post. I suffer from OCD and it has become difficult over the many years for me; recently on my nature strip I discovered a small flat light solid beige object, something organic or plastic which charrs black when burned with a match. Seeing it, my thoughts went straight to asbestos, and the silly scenarios of asking people, going to Bunnings and asking AI (all saying it is nothing serious) - I've once again sent myself all over the place. Take care people."
43,"Okay so, I am 14 and gay, my boyfriend, we'll call N and his now ex best friend E. I was starting to get along with E. Last night and then he tried pressuring me into sexual activities, which i was not comfortable with, and i told him that clearly multiple times. He then started calling me names for not doing it and that i have no reason. I then told him that i had a reason but that i was not comfortable sharing it. He then tries to get me to tell him by promising to tell me his secrets, which i declined. And THEN he tells me that it can't be that bad. Which then, i recall to another night when I was at N's and E was on the phone and i discovered that N had been telling him a lot of things about me and everything intimate in our lives. Yes we've had sexual activities with each other and i know it's wrong. I then shut down with talking to E. I then go to ChatGPT to help me decide what to do. I confront N and tell him everything with screenshots included. And i got him to cut off E and i let him know that i will not be trusting him again until he can prove to me that he won't break my boundaries again and share my body and personal life without consent again. He agrees. And i feel bad for this but i still feel like they're talking behind my back, and also i was fueled by more emotions because on top of this, N had been rude lately and had tried to get us to open up our relationship ON OUR 1 YEAR ANNIVERSARY!!! Because he wants to hook up with people for the adreanaline and that he doesn't want me to be his first and last."
44,"Alot of poeple think and spread the wrong meaning of agoraphobia. They think it means to be afraid of the outside or people. But that's social anxiety.Agoraphobia is a fear of experiencing anxiety and panic attacks, outside of your comfort spaces.I also have emetophobia, which is a fear of puking and fainting.If I experience anything like nausea, faint, extremely cold or extremely hot, thirst, muscle pain, bone ache, cramps, ect ect.I go into anxiety.And if that happens outside of my comfort space (in my case, my house) I quite literally go into overdrive.Today, I was supposed to go on a 3 hour away Airbnb for a family trip. The weather was 34°C.I only made it about 30 minutes into the drive, before I had multiple consecutive panic attacks in a spam of minutes.That is the worst it's ever been.I convinced my family to turn back.I tried to get them to go without me, but they refuse and are mad because I won't change my mind.I want to take baby steps. I want to go slow.This seems like too many steps all at once.And after all those panic attacks, I am burnt out. I can't handle change anymore than I just did.I need a break in between these types of events.I want to try again as time goes by, but this was already a big step.Im currently at home experiencing a panic attack hangover (small bounts of anxiety after a panic attack).My anxiety won't stop.My family is telling me that I have to push myself past this anxiety so that I can get better.But I'm afraid that if I push myself any more than I did, my anxiety will just get worse and I'll be in a place that's not my home, having that anxiety.The furthest I've been in my journey to recovery, is an hour drive to eat out for my dads birthday, and taking a train ride to the city for my sister's birthday.I had anxiety with both, but never did I have it this bad.I don't know if it's because it wasn't hot or because I knew I was coming back home in a hour or 2.I don't know what to do. I feel like my anxiety has come back to square one and I have to do everything all over again after this incident.My dad also told me that I have to make it up to my mum for missing out on the trip. Which made me sob because I already feel guilty for making her stay back and for making the others miss one day of their 5 day trip.They are all clearly mad but only my younger brother and Older sister are being nice. Which I appreciate, but I feel so horrible."
45,"I feel like I have the laundry list ADHD, anxiety, depression, panic disorder and therapist is telling me it’s likely I have autism and going through burnout. I barely get through a day without a panic attack. Some days they are bad. I am changing meds and have not settled yet. I can’t see the end of it. I don’t know if I can keep on trying."
46,"I made a mistake that negatively impacted someone else and indirectly led to the person ruining their own life. While i didnt have control of the choices they made, i feel it is all my fault, because if i hadnt done what i did, they wouldnt have done what they did. In other words their life would not be ruined if it wasnt for me. I feel overwhelming guilt, anxious and sick every day. I am constantly thinking about it. I feel ashamed of the mistake and guilty for the ultimate impact it had."
47,"hi everyone! i’m planning on adopting my first cat soon (so excited!!) and i’ve been doing research, but i’d love to hear some real advice from actual cat parents.i’m looking for recommendations on the best cat food for indoor cats: something that’s healthy, helps with hairballs, and keeps them at a good weight. wet food? dry food? both? brands you trust?"
48,"I made a bad choice at work. I shared something with another co worker that I shouldn’t have and feel it will result in tension in the workplace. For context myself and co-worker 1 had a conversation a few months ago, where co-worker 1 made a negative comment about another co-worker (co-worker 2). It has not been brought up again but the other day I let it slip to a different co-worker what co-worker 1 said and they have now told the co-worker 2 that was negatively spoken about. I have since spoken to the co-worker 2 and apologised for spreading information that related to them and offered to speak to all affected parties to admit to my mistake and make sure they knew it was my fault but they told me not to and to just forget about it. I know it was a negative thing that co-worker 1 said but I feel like I betrayed their trust and this may ruin our relationship as I know they did not intend anything in out conversation to spread to other team members. I have been feeling guilty and horrible all weekend and don’t know if I should still apologise to co-worker 1 even though co-worker 2 told me not to."
49,"i don't understand why i react the way i do. i don't understand why i act and hurt other people the way i do. i’m not particularly suicidal; i just need advice, help and hope please. i didn't see the sun today.i sat inside all saturday, watching fleabag and new girl.i'd like to change someone's life, to really pinpoint meaning into somebody else's life, to be a pillar of change.but i don't know how to do that, and i don't know how to change. i feel like everything else is beautiful in its way, and i think maybe i should get a penpal, in prison or something, and be grateful for all that i have.even when i'm trying to be grateful, i feel selfish, comparing my life to somebody else. i feel this weird mixture of extreme loneliness, but extreme gratitude for all the love i'm recieving in this mess.gratitude is all i have to give i could go to this party next weekfull of people that i'm scared of, that i think hate meand the boy that i'm on at the moment, that i kinda likebut i'm kind of scared of i'm scared because i don't know anythingi never know how people really feeland i had a dream that he told me that he was angry at me, because we did something really vulnerable, and then i kept hiding from speaking about it i heard he likes me, and i validated that physically, before i knew he liked mebut i don't know how i feel about him my two best friends, at school, last week cut me off.they didnt really.one called me to talk about the issues we'd been havingand then i sent things in a similar direction with the other,that we're just not that similar anymore, or that good for eachother.and then i walked away from everyone and sat alone.because that felt like the only choice i hadeven though i have a million choicesi shape my reality. i box myself into this silence everyday.where do i go from here?when i think everybody already dislikes me,and i'm so anxious i cant speak,and i'm now alonewhere do i go from here?"
50,"I have always struggled with thoughts people just don't like me. I overthink every interaction, examine every facial expression, everything said in every conversation and my head tells me- 'We don't like you, your boring- if you were to disappear tomorrow we wouldn't care."" I burn myself out trying to people please - and I always need perfection from myself. I judge myself, even writing this- and by the time it's actually published (if I eventually hit post) you can guarantee its been re-written 50 times because I wasn't happy with how I portray myself. So with these two factors in play, I am so lonely- yet in a social setting often too scared to speak because the perfectionist in me doesn't want to say the wrong thing."
51,"I’m currently writing this after another night of waking up at 3am with my mind racing. It seems to be the time when all my worries decide to hold a committee meeting! I know I’m not alone in this (unfortunately), so I wanted to ask: What is your #1 trick for quieting your mind when you wake up anxious? I’ve been trying box breathing (breathe in for 4, hold for 4, out for 4), which helps a little, but I’d love to hear what works for you guys. Even if it's just getting up and making tea. Thanks for listening."
52,"Hi, I suffer from really bad anxiety and health anxiety. I want to know does anyone else suffer from chronic chest pain/pressure? I'm not sure what is causing it. It doesn't go away anymore. I've had lots of tests which don't show any cause. I also get really bad nausea that makes me bedridden for days. I get awfully fatigued too. Lots of other weird symptoms too."
53,"I've started feeling anxious the past 2 weeks. Out of nowhere I feel shaky and like my heart is racing. I don't feel depressed but I feel in panic mode most of the time. I'm tired and struggle to eat.Sometimes all of a sudden later in the day or evening I all of a sudden feel about 85% better.I'm doing breathing techniques, tapping techniques and trauma release exercises which sometimes help a little, sometimes make me cry which actually makes me feel better. I know I have past trauma and need to deal with it. I have booked in with a psychologist but that's 6 weeks away. So the waiting time is scarey because feeling like this is debilitating. I'm usually upbeat and optimistic, however I'm usually the strong one and I guess I never make time for myself. This year has been particularly hard, adding in my father almost dying 3 times and me having to perform resuscitation plus I'm nursing my dog as he's in the end times. Just wish there was some relief."
54,Hello is this a genuine place to talk about anxiety and depression? Is this a safe space to talk about?
55,"Hi there, I've been dealing with anxiety/depression for more than 3 years, and just in the past few weeks, it has really gone bad to the point where sometimes I feel like I'm alone.I've been married for 18 years, have 2 boys, one 15-year-old and the other 8-year-old, the youngest has ASD, and some days he makes it difficult to manage the day. It started when I got a bad vertigo attack 9 years ago, and ever since then, I get bad panic attacks if my head gets dizzy and I can't drive."
56,"i keep getting health problems and one of my biggest fears ever is getting cancer. as far as im aware, i do not have cancer, but i cant help but worry every time i feel a slight difference in my body.im sick of being afraid all the time about it. i think its ridiculous that you have to be hypervigilant about your own body because it can just randomly decide to turn against you. i wish i could be alive but without a physical body to worry about."
57,"For about a month and a half I have been in a depression and anxiety hole that I can't seem to get out of, the constant depression and intrusive thoughts are taxing and I don't see how I can maintain this. My depression and anxiety make my IBS symptoms worse which gets me deeper into the hole and then they play on each other. Most days I am waking up sad and going asleep sad, I actually look forward to going to bed so I don't have to feel anything. I just broke down to my partner and told her all this and how suicide keeps creeping into my mind. My GP and therapist are away until mid January. I keep saying to myself let's just get through today but how many times is that going to work."
58,"I almost lost my job 6 months ago, and since then I've been really struggling with waves of grief and despair that will seemingly come from nowhere. After I almost lost my job, it was followed by a month of intense anxiety and paranoia, which I have since moved past, but now I just feel empty and numb most of the time when I'm not being hit with a wave of grief. I find it extremely hard to be excited about anything now, and am constantly fighting back the urge to spend money to make myself feel better. It's exhausting. Most of the time it manifests itself in a panic feeling that I have forgotten about something important or something I wanted to do, and no matter how hard I focus or try to remember, nothing comes to me. This happens almost daily, and usually multiple times a day. Anytime I think about anything to do with money, or anything that would take a decent amount of effort, I immediately get stressed and overwhelmed. I just don't know what to do, and I haven't felt normal for a while."
59,"Earlier this year I lost pretty much all of my friends. They all collectively just stopped talking to me. I knew this was going to happen eventually cause I’ve always had a feeling they didn’t like me. I know my anxiety put me in this situation and I drove them away by overthinking every little interaction but I also thought that maybe I was just overreacting and they did see me as a friend. Though I guess I was mistaken and they never did like me. It hurts even more that nothing really happened, like I didn’t do anything and they aren’t angry at me or hate me they just don’t like me. I swear there is something innate about my personality or general presence that drives people away, It takes a lot for people to want to be around me, im scared I’ll never make a new friend ever again. It’s just kinda confirmed what I’ve always thought about myself that I’m inherently unlikable and boring. I’ve made like 2 friends at uni but now they are pretty much the only other people in my life and I haven’t even known them for that long and I feel like they also just see me as like a placeholder and not a real friend, just because time and time again I loose friends because I don’t know they seem to get bored of me or something. I just can’t do it anymore, I don’t know how to talk to people and everyone else has their own friends so even if I somehow manage to get to the point of being friendly with them they’ll probably never see me as a real friend. Its getting harder and harder to pretend I’m not struggling with it and also hiding the fact I’m lonely and friendless to my family. It’s just so violently embarrassing cause all my siblings have lots of friends and are really popular and I have just never been. I needed to get a passport and I didn’t have anyone to be a reference I needed my mum to ask one of her friends. Like how embarrassing. It’s killing me and now it’s just like they know I’m at home all the time and literally never go anywhere with anyone especially with holidays coming up like I guarantee I’ll be alone in the house and everyone else will be out for new years like every year. like even before when I technically had friends I was still lonely but at least I could pretend to my family, but now that I literally have no one it’s like a massive slap in the face. If I told y family directly they would just make fun of me it’s not like they would be worried or anything. I truly see no way out of this"
60,I can't stop worrying about ending up alone. I'm 34 and have severe anxiety. Lately I can't stop worrying about what's going to happen to me once my parents pass away. I have no children or partner. It's constantly on my mind. I've tried telling myself I'll be OK but it doesn't help. I've tried challenging thoughts etc. Nothing seems to help.
61,I suffer from anger outburst
62,Why do i feel like this? I was having a good start to the day. Now i am shacky heart beat racing nearly in tears dry mouth and now do not want to leave the house
63,"I’m a 49-year-old gay guy who feels like he’s hit a dead end in life. I work in corporate risk management, and honestly, it’s completely unfulfilling. I’ve spent almost 20 years in the corporate world and I’ve never really enjoyed it. As I’ve gotten older, I’ve become increasingly disengaged, not just from work, but from a lot of things in life. I’ve let my health slide, I’m overweight (not huge, but definitely heavier than I should be), and I’m constantly tired. I feel frustrated because I have no idea how to get out of this cycle. I want to leave the corporate world, but I have absolutely no idea what I’d be good at or where to even begin. I don’t even have anything I could really call a passion either. I was diagnosed with mild depression and anxiety before COVID, and lately I’ve wondered if I might also have some form of ADHD. I’ve always struggled to learn new things quickly, stay focused, and stay organised. Those issues have made my work life very challenging at times, and work has always been a major trigger for my anxiety, especially when I feel like I’m drowning. Right now, I don’t know where to start, who to talk to, or how to figure out my next move. What I do know is that I don’t want to be in the same place in another 20 years. If anyone has gone through this and come out the other end, I’d love to know your storyor get some advice. Thank you."
64,"I’ve had jaw pain off and on for a few years. I had xrays done a few years ago and there was some minor damage due to clenching. I was referred to a specialist and the experience was kind of horrible. He was an older specialist and I left feeling like he saw me as a hysterical woman type who couldn’t handle her stress and told me to get a splint and wear it during times of stress and left it at that. So I did that and it worked on and off for a while and there was even a time earlier this year that I didn’t need to wear it at all. But the last three weeks my jaw has been starting to hurt, despite wearing the splint every night. The last four days the pain has become a constant dull ache and painkillers aren’t working which is a first for me. I’m constantly thinking about the pain in my face, I’m getting on the stationary bike and trying to get my endorphins up and getting some sunshine but it’s not working. I’m now freaking out thinking I’ve done serious damage and I’m scared to sleep because I know I’m essentially attacking myself in my sleep by clenching my jaw. My GP who I trust implicitly and is very kind and understanding does not have an appointment available for more than two weeks. I’ve made an appointment with TMJ physio at the end of the week. But in the meantime I feel physically sick all the time, and hot and like I’m on the verge of a panic attack. I’m finding it difficult to eat (because I feel sick not because of the pain) and I’m so overwhelmed I’m struggling to contain it. I keep telling myself it’s going to be ok, I know that perimenopause had made my anxiety so much worse but it’s not stopping these terrible feelings and I am now feeling very helpless. I can’t switch this warning bell in my body off and it’s such a horrible feeling."
65,"I am at the start of recovery. Yesterday I thought about ending my life. I texted my wife and informed her that I would be taking myself to the hospital. She took me instead. I had new meds prescribed. But I need to wait for previous ones to wear off. Anxiety and thoughts crash into me. Feel it in my mind and body, like drug withdrawal? I know my family are supportive but I have always been the supporter. I am grateful for people in my life helping me. I am so tired now trying to stay awake so I don’t wake up a 4am when everyone is asleep and I’m alone."
66,"Hello, this is my first time posting on this forum so please bear with me!I am 17 and since the start of this year, I feel irrationally anxious going out on casual walks in my neighbour hood. It's ridiculous because I grew up there and I take the same route every time, but lately stepping outside and having cars drive by me, I get so scared I'll suddenly get yanked inside or they'll stop next to me and shove me in their boot. Dramatic I know, but whenever I feel or see a car driving up behind me, I freeze and wait for it to pass before I can continue walking. Every person I pass, I double check and mentally categorise as a potential suspect for kidnapping. Except I feel like I'm being a crazy person, because sometimes when I enter smaller streets and I see a car turn into the same road or direction I am walking on. I stop and immediately just walk back home. Normally a walk would take me half an hour, but now its been cut down to only fifteen or twenty minutes. I don't even walk around at night, its literally the middle of the day. The sun is out, everybody is out, but I just can't. I flinch at birds flying over me, or cars backing out of driveways. The thing is that my school bus stop is fifteen minutes away from my house, I have been taking the same path for two years at this point. But sometimes if I see a car or somebody my brain screams dangerous, I freeze and genuinely wonder if I should just go home. I have to literally gaslight myself by telling myself I'm a fake friend if I don't go, just so I can hop on public transport. I swear this never happened at all two years ago and it frustrates me because I can't even walk the full path I usually take, yet I want to walk further for exercise. Any advice on how to overcome this?"
67,"Ok - I woke up this morning in a cold sweat - fear and anxiety were in complete control of me and all morning and most of the afternoon, catasrophic and severely negative thoughts swirling endlessly around in my head - I could not see a way out. I could not think straight. Everything was doomed. I couldn’t cope! At around 4 pm I rang the beyond blue helpline, and I started to take deep breaths in and out remembering this is what I had done before to manage my anxiety. It helped. Slow deep breaths in and out. The phone councillor answered and I explained what was happening. She was kind, understanding and knowledgeable. She texted me a list of strategies that could help my condition. Stay in the moment, she said. Don’t let these catastophic thoughts about your future get the better of you. You are not thinking clearly right now. Focus on breathing and relaxing your body and mind. Nothing else. Just aim for relaxation - don’t worry about tomorrow now. She then suggested listening to calming music, so I you tubed ‘meditation music’ and found a clip with the Tibetan flute. I played it and it was very soothing. I thanked the counsel lot and hung up the phone. Lay on my sofa, breathing slowly and deeply and listening to the Tibetan flute. I kept saying to myself ‘go to sleep … just sleep.. just rest you body and mind’ and with my dog lowing next to me I drifted off to sleep! I was out for maybe 3 hours and already feel much better. Had a cup of herbal tea and now watching Dr Mariam Bialik podcast on you tube ‘ Thomas Campbell physicist’ - so interesting and helpful. Good to watch as it puts your negative thoughts about your future in real perspective. Highly recommended! OK I am starting to get hungry so I will leave now. I will not have any alcohol as that makes my anxiety worse and I will not smoke. I will focus on the here and now and think about my future when I am feeling better and have a clearer head. Tomorrow or the next day… no rush! I only have planned two things for tomorrow- take my dogs for a nice long walk in nature and make a nice marinade for a roast lamb. That is it! I am taking time out from my highly destructive thoughts of my future! Hope my story has helped someone!"
68,I find Xmas time hard. My husband seems to booze more and it makes me very teary and anxious. My dad was a boozer. I get it it is related to that. Any tips to ease how I feel
69,"I keep wanting to spend my free time reading a romance or meditating and don't push through, because i go onto my phone or I'm anxious about the pile of laundry, the dishes, and even the state of the floor. And just thinking about them also causes me to pull out my hair. I think I'm just struggling to take the time to just stay still, of sorts. Does anyone have possibly any advice or suggestions for me to use?"
70,"Hi I’m an older male, and have been feeling anxious, and not sleeping well.I have been prescribed medication to take. My Gp said it would ease my feelings after a couple of weeks. This was about 3 weeks ago. I have taken only 3 tablets and I think I’m fine. But clearly I’m not. I feel a bit anxious to go to work. I start quite early in the morning for my job. Finding it hard to unwind, and feel myself. I just wanted to know if I should see a psychologist to make sure, I’m on the right track. Thanks."
71,"Hi everyone!!!I was wondering if I could get some advice on starting antidepressants. A psychologist has recently suggested that I have anxiety and severe OCD, and has floated the idea of starting antidepressants. I am vehemently against this, but I'm not entirely sure why. I'm scared of losing myself and losing my life to the drugs/becoming dependent on them to function and having side effects when I don't take them. I've always felt this way that she describes as 'severe OCD', and so I guess it's a baseline, and the idea of feeling different is terrifying even if that different might be easier. I'm also worried that I've been exaggerating my life, and definitely don't want to be on a drug for some sort of mental health condition I do not have (although I haven't been lying in the sessions). The more I go on with therapy and all, the more I just want to stop it, which of course I know will not help. I wanted to ask on here though whether anyone has had a similar experience and could share what it's been like? I realise experiences vary person-to-person, but I'd like to hear from someone, because I feel extremely alone in all of this. Thank you so much!!!"
72,Can’t take it anymore I’m on anti depressants every day and I’m on some medication that I’m meant to take when having a panic attack but somehow I still seem to have them and I have them bad and I can’t take it anymore I’m so tired physically and mentally they make me so sick
73,"Hi All, this is my first ever post here. I’m almost 29 and have been nursing for 7 years - my area of speciality is cancer and palliative care. I was really young when I first started and being a very empathetic person (and being exposed to really sad/traumatic situations) I got really burnt out. I made some changes a few years ago - worked in a Telehealth role for about 2 years but I was still burnt out and I felt like I was losing my empathy and compassion for patients, as well as my own family and friends. I felt like I had been drained of all of my emotion and like I had nothing left to give. On top of this I began to experience crippling anxiety. i started a new job 2 months ago working in clinical trials. I thought I would feel less burnt out and anxious in this area but it’s worse. I wasn’t given much training or support when I first started in this role, have spoken to my boss about my concerns and not much has changed. My anxiety is awful and I am experiencing panic attacks on a regular basis. I dread work every day and I feel stressed about work on the weekends. I have been looking elsewhere for another job as I feel so unhappy. It’s really hard to explain to my family and friends how I feel. They don’t understand what constant anxiety feels like...I am exhausted from pretending like everything is ok when on the inside I feel so broken. Part of me is so angry that when I was younger I didn’t look after myself well enough, and I almost wish I never became a nurse. I ultimately feel like I need to step away from health care in general but I seem to have such an issue doing this. It’s hard because I identify as a nurse but I am ready to move on to something else. has anyone ever had a similar situation working within health care? thank you for taking the time to read my post"
74,i can’t sleep because i keep worrying and it makes me shake which causes me to be nauseous and eventually i vomit or pass out from exhaustion. i’m basically fine all day until i go to bed then my anxiety really hits me and i don’t really know why. if anyone experiences this and has tips please lmk
75,"Hey there,I have inadvertently become the spokesperson for my entire student body, and I'm deathly afraid of the outcome. I launched a small scale investigation on some of the discrepancies occurring throughout leadership at my school, had a meeting with the principal to discuss my thoughts and findings, and found myself dissatisfied with the outcome. They deflected, shifted blame onto me, and overall did not answer any of my questions nor make any effort to take any action. I was livid and then found out more upsetting news which ended up snapping my final straw. I decided I wanted peaceful protest, and started planning for a walkout. I now have dozens of kids come up to me asking questions I don't have answers for, and it seems in the short amount of time it's been decided for, the news is spreading must faster than I intended. Most of them are on board, but the planned date is not for a while, and I know things will spread more. These people trust me to speak on behalf of them, to lead our cause, but I can't lie, I'm terrified. I don't mind being reprimanded for doing what I'm doing, but I am so worried others are going to get in trouble for something they didn't plan. I am sought out for guidance, answers and comfort, and I have to sit there and say words I don't believe. I know what I'm doing is right. I know what I'm doing will create the voice needed to cause the admin to take action, but damn it I'm terrified and have no idea how to manage it all. How do I manage all the stress? It has to happen I can't avoid it, but I'm so afraid of all the ""what if's"" in such an unusual situation."
76,Hi I was diagnosed with peri about 6 months ago because I started feeling tingling in my legs…. I have some irregular periods and ringing in my ears… my hormones were checked and showed peri. I lead a pretty healthy life and I workout 5 days per week doing CrossFit and so my strength is quite good however recently My muscles are getting quite sore and legs are heavy and hot at night and it seems to be my worst symptom …. My left leg is just bad and i am feeling quite panicked about it because I can’t see many people saying this happened for them and when I google it it says MS …. Am I going crazy? like is this normal !?i would love any reassurance from anyone experiencing this …. As I just feel likeim mental right nowhelp !!
77,"My whole life changed 2.5 years ago. I went from a full house of people, plenty to do to the exact opposite. First time ever on my own and feeling very lonely. I have family and friends but the quiet of my home is deafening and I feel so alone and lonely. I’m very much a people person"
78,"It’s been two weeks since we brought home a new kitten to join our family. Our older cat, our world, still hasn’t fully accepted her, and, it’s been a tough time. The cat has stopped eating and barely drinks water now. I’m worried because she’s getting weak,,, and I’m not sure what to do. We love her so much, but seeing her like this is breaking my heart. Please anyone suggest me some healthy cat food options that might help bring back her energy and appetite. Maybe something soft, nutritious, or homemade that your cats have liked?"
79,"Hi everyone,I'm new here and feeling a bit nervous about posting, but I’ve been reading through some of your stories and feel a real sense of community. It’s comforting to know I’m not alone in trying to navigate the ups and downs of my mental health.For a long time, my journey with anxiety has felt like being caught in a storm. There are good days, of course, but on the bad days, it's hard to find my footing. Recently, I've started exploring some more natural and holistic ways to support myself, not as a replacement for professional help, which has been so important, but as something extra I can do for myself.It started with small things, like paying more attention to what I eat and noticing how it affects my mood. I’ve been trying to get out for a short walk every day, even when it feels like the last thing I want to do. It’s not a magic cure, but sometimes just feeling the sun or the breeze helps to quiet the noise in my head for a little while.I've also been trying to practice a bit of mindfulness. It feels a bit strange sometimes, just sitting and focusing on my breath, and my mind wanders a lot. But I'm learning to be gentle with myself about it. The goal isn't to be perfect, but just to give myself a few moments of calm.It can feel a bit isolating at times when you're trying to make these kinds of changes. I was wondering if anyone else here has explored more holistic or natural approaches alongside their other treatments? I’d love to hear about your experiences – what’s worked for you, what hasn’t, and how you stay motivated.It feels good to be taking these small, positive steps for myself. It’s a slow process, but for the first time in a while, I feel like I’m building a little toolkit of things that can help me through the tougher days. Thanks for reading."
80,I had a massive panic attack in September on my mums birthday when I was driving to get her balloons to let go for her birthday as she passed away in June . I have been on antidepressants for 5 years due to having panic attacks . Haven’t had one since then after losing my mum I had it and haven’t been able to drive since . I finally went for a drive 30 minutes today in the car with my husband I couldn’t drive tho and I was getting all body sensations but they passed . My body tricks me with symptoms and I start freaking out something is wrong but it isn’t my mind won’t stop thinking so much . I can’t sleep without AirPods in and I’m doing mediation everyday affirmations everyday tapping therapy a week on a higher dose of meds I feel as everyday there is something I feel so anxious I don’t leave my house . Not my bed much .. my mind is constantly racing I try stay busy clean etc and build puzzles I write in a journal everyday . How do I make my mind know I’m okay and it to stop flight and fight response . I started walking everyday also .. it’s like nothing is working . The thoughts won’t stop and my body is always so restless and anxious it’s killing me and my life I wanna live again and not be scared and fear everything . I wanna feel normal again . It’s been two months … any help please I feel as I’m going crazy and will never be okay again .
81,"hi, when I speak to people (close family and work colleagues), i suffer from what i call 'nervous voice'. this manifests itself as an inability to say 'hello' or 'how are you' and a broken nervous initial conversation. sometimes it settles down but as i get older, 63, it seems to be getting worse. surprisingly, i get it when speaking to my loved ones! i can't say, 'i hope you have a nice day at school' (example only). i have had it all my life to some extent but i am only just looking at treatments! i am on an SSRI. i wondered if anyone else suffers from this and whether an SSRI has helped? i have only been on a small dose 4 weeks and moved up yesterday. thanks."
82,I am in a shame spiral after taking it way too far this weekend. I can’t sleep I’ve been drinking way too much much and I am so disappointed in myself. My anxiety is horrid and I cannot imagine feeling good any time soon. Why do I keep doing this to myself. It’s a reoccurring issue every so often then I forget how bad I felt and do it again. I am not okay.
83,"Hi there, my husband is going overseas for work. He will be gone for 2 weeks. He only needs to do this once a year, but everytime is causes such awful anxiety the week leading up to it for myself. I am so concerned about something bad happening to him, or that we won't communicate well, that my anxiety will stay with me for the 2 weeks and that myself and the kids will miss him. I seem to count down the days even before he leaves. I am so frustrated with myself for not being able to get on top of it. My rational mind knows I am being irrational. But i can not seem to shake the thoughts. 2 weeks just seems like such a long time to me right now. Any advise or help would be so appreciated please."
84,"I have recently moved into my own place by myself, not something I wanted to do but was told to spread my wings. For the first few weeks it was okay, but over the last 1-2 weeks I’ve been a mess. My anxiety has gone through the roof to the point I’m on medication, I’m lonely, my depression is back with a fury, I find no joy in anything other than leaving this place for hours everyday & I don’t know what to do. I want to make my family proud that I’m doing well but I’m not. I’m struggling to do anything other than getting day to day & I would really appreciate some advice. I’ve caused my family so much stress over the years I feel anxious & guilty about wanting to tell them I’m struggling. I’ve tried so hard & I will continue to but I’m really hitting a hard wall that’s affecting my daily life significantly. Thanks in advance to anyone who replies"
85,"Hello everyone, this is my first post, so I hope it's ok. I've suffered depression for many years, but it's now developed into, and been diagnosed as, General Anxiety Disorder, which is in my case, is having a much greater detrimental affect on me. I have a loving, very supportive wife, a nice home, and so I know there are many many people worse of than me, & I'm grateful for what I have. Nevertheless, I just cannot shake the anxiety that I have, it's with me all the time, it's affecting my life, what I do, I feel frightened, afraid, have no self confidence, & I just can't get myself going. So, I'm hoping to find support & discussion on Beyond Blue, where I can discuss my issues with other people who may have the same issues."
86,"Hey, I’m a little confused at the moment, my partner and I had a break up, Is my partner is telling me she wish she hadn't messed things up with her ex boyfriend meaning she wants to go back to him? or she’s not being fulfilled with what I have to offer? She's trying to go help him while he's going through a rough mental time but is it her responsibility to if they’re no longer together but have a kid together? I don't want to get in the way of there original family but I feel as she needs to focus on her current life with me instead of the one I feel she misses because of her own doing? or is that selfish of me?"
87,"Hi fellow community, just a discussion point to what I am feeling now from at least a month time, have been experiencing lightheadedness, tiredness, restlessness, dreamy, not real. Has anyone experienced same and how to deal with this?appreciate inputs to feel myself confident."
88,"Hello everyone, I'm writing this because I wanted to share a small breakthrough I had recently, hoping it might resonate with someone else who feels a bit 'stuck' like I have. For me, one of the biggest hurdles with my anxiety has always been the 'getting there' part of seeking help. Some days, the thought of getting ready, commuting, and sitting in a waiting room is just as overwhelming as the reason I need to talk to someone in the first place. It felt like a catch-22, and for a long time, I just didn't do anything. I kept telling myself I should be able to just ""push through it,"" but that only made me feel worse when I couldn't. It's a really isolating feeling. A few weeks ago, I was having a particularly rough time and knew I needed to talk to a professional. On a whim, I started looking into telehealth options, thinking maybe that could be a first step. I was a bit skeptical, worried it wouldn't feel as real or helpful as seeing someone in person. I ended up booking a session through a service I found, mainly because it just seemed straightforward and I could do it from my laptop. The idea of just clicking a link from my own safe space felt… manageable, in a way that leaving the house didn't. It wasn't a magic wand, but just having that conversation without the added stress of the journey there was a huge weight off my shoulders. It felt like I'd finally managed to get over a wall that had been blocking me for ages. I guess I just wanted to share this for anyone else who might find the logistics of getting help a major barrier. It’s okay to find a path that works for you, even if it’s from your own living room. It's still a brave step to take. Has anyone else found different ways to access support that fit around their own unique challenges? It would be nice to hear how others are navigating this."
89,"Panic attacks while Highway or Motorway driving....How do I overcome this, I've tried pulling over, shaking my hands, deep breaths, twlling myself its going to be ok...nothing helps"
90,Hi everyone. I'm so glad I found this site.I have been in my current full time job for 1 1/2 years. It has always been stressful. I am now getting migraine & raised blood pressure & anxiety like never before. I don't want to leave this job permanently butI know I need to reduce my hours/days. I'm currently of on mental health leave.I need to speak to my employer about this but im freaking out at what to say or even to begin the conversation. I'd really appreciate any advice at this time.
91,"Hi, I need some one to talk to I always wake up at 3 am and am very alone"
92,"I've been on same medication for over 10 years; had good outcomes generally. Sometimes a curve ball of life can exacerbate my A&D - and I'm in one of those points now. So not the time to stop at the moment. But the Scrooge in me (perhaps) doesn't want to spend the ~$90 per month. I suppose the question here is, how many long term suffers can stop using the meds, and what are the life circumstances that eventually allow for that, if at all?"
93,"Hi everyone,I’m going through one of the most emotionally exhausting phases of my life, and I don’t know how to process everything anymore. I’ve been working at a café where the owner has been underpaying, delaying wages, and manipulating staff for years. I stayed quiet for so long, just hoping things would improve. But after months of working alone, often unpaid, and being made to feel replaceable and disposable, I’m now being accused of theft — for taking money that was rightfully mine after she promised it to me.The anxiety is consuming me. She has told people I stole from her, shown footage to others, and threatened me by saying she knows where I live and my number plate. I don’t feel safe. I’m scared that if I take action, she’ll retaliate. But I also don’t want to stay silent anymore. I feel like I’m carrying a weight no one sees. I’ve been trying to stand up for myself, but the fear, shame, and anxiety are overwhelming.I don’t know if others will believe me. I don’t know if I’ll be protected as an international student. I’ve reached out to Fair Work and legal centres, but the emotional toll is something I can’t explain to them. I keep replaying what I could have done differently, and I feel stuck between wanting justice and needing peace.I’d love to hear from anyone who’s gone through something similar. How do you cope with the fear of retaliation? How do you move forward when your body feels like it’s constantly in fight-or-flight? I feel like I’m drowning and just need to be heard.Thank you for listening."
94,"A year ago, I lost my elderly mother. She was my “one” . It’s been hard. I have endured anxiety for decades, bouncing between trying to stretch my comfort zones and limiting agoraphobia. Now that the Estate has been concluded, I am in a position where I have no option but to start over again. It’s freaking me out somewhat. So in an attempt to control the situation, I decided to start a big declutter. In the dumbest move ever, I thought it would be a good idea to start with the hard stuff first. I’m talking all the sentimental stuff, not only belonging to myself but also both my parents. Triple Swedish Death Cleaning, is never a good idea. ( apologies for the gallows humour). Naturally, I became overwhelmed rather quickly, but had difficulty stopping myself. After a sleepless night, I had a morning meltdown. I have reached out to friends and family asking for help. I just wanted to share on this forum with others who understand how precious it is to seek hope…"
95,"For years, I have been feeling empty when I am by myself. I hate this feeling. I often try to have people around me by spending money on them, taking them out for dinners. While I am generous, I don’t want to use this behavior to cover my empty feeling. I want to feel cheered up without needing to be around people. I want to feel motivated to do things for myself. I want to live for myself, not just because I have to live and do my best for my young daughter. I am unable to leave the house if I don’t have someone with me. For instance, I force myself to go to the grocery store for groceries. I see psychologist every fortnight but I go back to the empty feeling as I walk out the counseling sessions. How can I stop this madness?"
96,"Finding it difficult to cope these last few months and it's getting harder. I am not diagnosed with anxiety and I keep getting told to get checked for it. I'm having a lot of trouble balancing my life and don't know what to do, I'm potentially failing a unit at University and struggling to keep up with work. I don't know what to do:("
97,"Hi all,I am a registered nurse in my first year of practice. I am currently in ED and have been in this position for about a month and recently spent 6 months working in rehabilitation which I enjoyed . I am really struggling with the pressure and stress of working in ED and have noticed it is significantly affecting my mental health, I have been crying on the days that I am off work and having negative thoughts. I feel like a failure and really want to quit, I am only in this position until March 2026 but I feel like I cannot make it until then due to the way I feel now. I also struggle with the rotating rosters and have bad experiences with night shift such as vomiting and nausea. I am unsure what next steps to take but I have been applying to other job roles. Should I quit now?"
98,"Asbestos exposure anxiety - need perspective Hi,. I’ve been living in an old navy shack at a caravan park and decided to fix it up. I painted over some exposed cladding (possible asbestos) wearing full protection - respirator and suit. Later repainted and also did the soffit boards, which had some exposed fibrous material. I wore a respirator but it may not have fit properly. The next day I had blood in my spit, dry cough, sore throat, and white bumps in my throat. A week later I was hospitalized with mild linear atelectasis. I’ve moved out but I’m convinced I’m dying from asbestos exposure. The thing that confuses me is I work in a very dusty recycling plant with organic dust and crushed glass, and I never get throat infections there even without a mask. But painting a soffit board caused all this inflammation? I’m terrified and feeling hopeless. Has anyone dealt with similar health anxiety after potential asbestos exposure? I know I need to stop googling and posting about this, but I can’t shake the fear."
99,"Hi there. My names J. I'm originally from NZ but moved here to Melbourne in 2016.From time to time I suffer manic episodes that need medication to address and resolve.I'm now currently going through my 3rd episode since moving here.The first one, I was living in the City so I sought help at Alfred Hospital and they fed me, medicated me, called my Wife and even walked me to my tram stop home. From there I received the best support I've had to date. They got me through the episode and honestly just did an amazing job. 3 years later (episodes roughly happen every 3 years) I'm now living in the Outer Western Suburbs. A good 40min drive from the city.Second episode hits and I seek help like before. But that's where everything goes wrong. The Nurses/Dr's/HCA's/Lab Techs are just underfunded. Simple as that.When there's not enough staff to manage the workload mistakes happen.I was prescribed a toxic amount of Lithium as a mood stabiliser and ended up staying a night at Sunshine Hospital to get me through it. I've been diagnosed as having a Schizo Effective Disorder. A mix of bipolar and schizophrenia.Manic episodes are essentially me being super into my feelings.When I'm sad I'm super sad, when I'm happy I'm super happy.I'm talkative, I'm social, I'm ready to party essentially. I have poor impulse control with spending. My thoughts race a mile a second. I have short term memory loss. The list goes on But with the right support and medication I can get through the episode without any major hiccups. I say all this, because I feel like there's others out there like me.Whether it's bipolar or depression or psychosis or whatever As long as you have the right support, you'll get through. I'm now towards the tail end of my 3rd episode. Still living in the Western Suburbs, so still have to go through this system. And would you believe it, it's worse. A lot worse. Dr's who can even list the side effects of the medication they're prescribing. Staff turnover must be insane, because in 3 weeks I've never met the same person twice.It's always ""oh hi I'm ****, it's my first day"" or ""o I'm just covering for ***"" I signed up for the whole MyHealth record thing so I assumed my previous notes were in the system...I assumed wrong.They apparently have no record of my previous care or are unable to obtain it. So we start from scratch and hope for the best. I'm rambling now. I apologise. The point of this discussion is to hear from other people about their journey through whatever Mental Health Support System they are zoned for. Because I believe the differences in quality are ridiculous."
100,"Having a really hard time with work at the moment. The anxiety and stress is taking a toll on my body to where I’m vomiting and having bad stomach issues from it. I feel like it’s consuming my life. I’ve neglected friendships and relationships, i don’t want to leave the house anymore. My workplace is a very tense environment to put it politely, it’s small family owned business with less than 10 people working there. My bosses are a married couple who argue and yell quiet often in front of or over my desk. I have a co worker who is also speaks down to me often and uses a nasty tone. I’ve also been told people are calling me the r word at work some reason they felt the need to tell me. I’m currently applying for other jobs but the toll of this job just seem like it’s consuming me and my life. I could really use any advice or anything really. I feel stupid for even complaining about this stuff cause i feel like im blowing it out of proportion and its not bad at all"
101,"Hi there, I had a panic attack in the car yesterday on my way to see a friend. It prompted me to quickly question if I can cope with work. I am an academic and this is the third time I have tried to return to work (I've tried a few different employers and taking what might be regarded as a sideways move). I have had some reasonable adjustments. I have had a number of ongoing mental health issues that have interfered with my ability to work for more than 10 or 11 years now. I was completely off work due to mental health reasons for about 5 years. I have tried (and am on) numerous medications. I'm currently on the Disability Support Pension and I'm trying to go back to work. But this most recent episode has cast serious doubt on my ability to cope. I'm very accomplished. But, among other things, I have had very severe anxiety which manifests itself in a range of ways. I'm seriously re-considering if I can cope with work again. I'm thinking I will see my GP on Monday. Welcome any advice or direction."
102,"Hello, I've been struggling for a long time with anxiety at work. I've had social anxiety all my life and I've had periods where it improves but a lot of the time I just feel constantly anxious. For my current job I pretty much work from home everyday. I've been at this job for about 4 years. Working from home has been helpful with managing anxiety but I also feel like it has made my social anxiety worse. I hate virtual meetings and I always feel on display when I talk in them so a lot of the time I just dont talk. My team is constantly trying to get us to do team building catch ups and ice breakers and things and I just feel like I've had enough. Its exhausting me mentally and I feel like I cant escape it. It sounds so stupid because I dont even go into the office and barely have to deal with people, but I just prefer doing my work without constant chatter on teams and constant meetings to catch up on this and that and play forced games and talk about myself and stuff like that. I feel like wfh has made me more anti social. But theres no point going to the office because pretty much no one goes. I want to get a new job so bad. Not only because of this but because im so sick of my job. It has been repetitive for 4 years and im at a point where im just having no growth at all. But I keep getting rejected for my applications because the employment market is tough right now. I also dont know if a new job is going to fix how im feeling. I feel like my team is starting to get sick of me being in the background and theyre starting to dislike me. I wish I knew how to improve my situation or just leave im just not enjoying it anymore and I'm so tired of it."
103,"So I had undiagnosed drug induced psychosis. Pretty horrific episodes and memories from when I was 18 to 19.Now being nearly 2 years clean and staying away from everyone I knew in that lifestyle. I still feel like I am mentally there. This is where the anxiety starts. As soon as I leave the house I am super aware I am outside I am in the world and believe I am some main character of some sort that everyone is looking at, and that everyone knows who I am and who I use to be. I don’t know if it’s still there from when I was a teen and I thought I was the coolest and most tough kid in the world or what. I don’t get it, I don’t get why I always feel and believe like I am a “criminal” of some sorts, and I think people in that world are “noticing me”. Saying this kind of makes me realise it could be me trying to overcompensate for how I actually am. But also unsure if it’s got anything to do with psychosis.The anxiety has taken a toll I am at the stage where I’m angry with feeling this way all the time but also too tired to be angry and too upset I think. I’m just pretty tired with feeling like this. Anxiety has always been with me since I was young.Even driving, I genuinely believe every car driving past is looking at me, and if I go to the shops, same thing, which after asking chat gpt, which described it as being in a flight fight freeze response, which I think I am in the freeze as soon as I leave the house. I just stare off straight, but am looking at everything I can except I’m still looking straight.I don’t know what to do about this as am pretty sure counselling is not for me, and medication is something I definitely would not try."
104,"I am currently suffering from severe ocd mainly relating to asbestos. I currently fear that asbestos is everywhere, especially following the mulch contamination in NSW. Ironically I was recently triggered by seeing what I thought was asbestos on the ground on my way to an appointment with a psychologist regarding this issue and my extreme. I am ashamed to say that when I returned home this triggered me to strip off all of my clothing as well as my shoes in the garage and double bag them and throw them in the bin. I also removed the car mat but forgot to throw it out as well. Because of my anxiety I have developed a fear of washing my families clothes and can often was the same load over and over again. My mother recently came to my place and offered to take the washing and do it for me. Because she walked out of the house via the garage and near the car mat and some laundry of the laundry was spilling over the laundry basket, my immediate thought was that the mat has now contaminated all the clothes and my daughters sheets. My mum told me not to worry that she would put disinfectant in the was, but I am convinced that washing them once will not be enough. I am so scared and paralysed with fear. Im so ashamed and feel so responsible for everyone’s safety. What do I do??"
105,"Heyy, I'm new here. Thank you for having me. Honestly, everyone is so brave sharing. Anxiety is the worst sometimes. Extremely debilitating. I have been dealing with GAD and Social Anxiety for a very long time. I try to reframe it as a visiting friend.. Sometimes helpful, other times awful as hell. I just wanted to get off my chest that today has been a very up and down day I've been a walking panic attack, but I'm calming down slowly. I hope everyone's day has been kind to them. I've been dealing with ongoing financial stress and hardship. It really erodes at your sense of safety in the world, but i'm chipping away at it day by day. Talking about it is so hard as it brings up a lot of shame.Not sure what I need... probably the vent is enough, but I just hope everyone is well, I'm sorry about anything you're going through and you are strong (Even when you're falling apart)"
106,"Lately i have experienced sexual harrassment at workplace. It's been under investigation for a month now. I am still working with the offender and everytime i see him and be around him, it makes me sick and my nerves are trembling inside. I am being offered to work in a different location until the investigation is finalized. However, i was thinking, why i am the one to be re located, why not the offender. They said they haven't informed the offender that i have made a complain about him. This made me feel like they are protecting him and not me. They are not sure what to tell him if they ask him to move to a different center. This is giving me so much stress and anxiety. I couldn't focus on my job, sometimes i freeze and couldn't remember what i was doing. Is there anybody here who can shed light and share their experience with me. Am i over thinking or over reacting, coming from someone who's experience sexual harrassment in the past. My entire body aches just by thought of going to work, seeing this person freely walking around in front me, no remorse whatsoever. As if he's not done anything to offend and humiliate his colleague. Such an unfair world."
107,"Hi there, I've been struggling alot with my mental health. I've currently been off work for 4 weeks from weaning off one anti-anxiety medication to another. I've now just was successful to go back to work for one day this week. Which I was so happy and excited about. But the following days the panic attacks that ive been experiencing have come back again. I am currently seeing a therapist and we are trying breathing techniques but these panic attacks have coming from work that i used to have anxiety for. Now im at a job I really like and im still facing the same anxiety. Its extremely difficult for me and I feel incredibly lost. These panic attacks start in the morning before work and last untill I call out sick for the day. Im terrified of losing my job as every job has a limit and ive been fired before because of these panic episodes. I've been on this new medication for 2 weeks now and I really hoped it was going to be my saving grace. I've been generally happier and able to move around more which is why i started putting in the steps to go back to work. But now im scared that everything is going to repeat itself again and im going to be back at square one. There is alot of pressure for me to work as both my husband and I are paying the bills. Because ive had this time off he has been covering my half and he has informed me that we wont be able to afford doing so if this keeps happening. Which is understandable as I should be working. But when im in this state of panic I dont think of anything other than the fear its creating. Once its over the amount of guilt that I feel is overwhelming to the point where it makes me incredibly depressed. I dont know what to do anymore I feel lost."
108,I have been living with anxiety for as long as i can remember. It comes and goes. I sometimes wonder if i should accept that it is just part of me. I am anxious about family at the moment. What are some thoughts others have on dealing with anxiety and why is it that it keeps occuring? Thanks
109,"Hello folks, After finishing my Bachelor’s degree, I landed what I thought was my dream job. I moved three hours away to regional Victoria, excited to begin my career in the field I’d always wanted. But the reality was different. I worked 40 hours a week, pushed myself to exhaustion, and quickly burnt out. My boss told me my work wasn’t good enough. When I broke down in tears, he told me to “grow up” because “this is the real world.” At just 22, with no real mentoring, I was expected to know everything straight out of uni. I gave the job everything I had, taking every piece of criticism to heart, until I eventually burned myself out completely. Despite that, I was constantly told my efforts weren’t enough, and my boss made it clear that termination was always hanging over me. A few weeks before I was let go, I was in a car accident. After a microsleep behind the wheel, I hit a reflector, overcorrected, and rolled my car. I was trapped upside down for an hour and a half until the SES cut me out. When my workplace found out, not a single person sent a card, flowers, or even asked if I was okay. Only one colleague checked in—and that was because they were surprised I wasn’t at work that day, even after I’d told them I needed a week off to recover. I felt invisible. Feeling like I failed. I moved three hours away, in regional Victoria for this job. And now I am back on unemployment benefits, feeling my Autistic burnout. And I'm so physically, mentally and emotionally exhausted."
110,"Hey all, new to the Beyond Blue forums but i thought it would be good to check in and share my current situation. Everything was going smoothly for a number of years at work and in life and then a new management team came along and they want all out all change in the organisation and they've started the process with lack of warning or communication. Its hard to process and think about, having a steady job, paying off the mortgage and looking after elder family members and then suddenly your workplace wants to go through drastic change. Honestly, not sure what to do and its creating anxiety for me as it may mean looking for other roles and/or moving elsewhere."
111,"Hi have struggled with anxiety my whole life. In the last 12 months I lost both my parents. I have been working night shift to get away from the stresses of my job as a disability support worker in A supported Independent Living House. I am now about to go back to day shift, a lot of the regular staff are on holidays. My anxiety levels are through the roof, in particular about a dental appointment I have to take one of my clients to. I am considering taking leave so I dont have to do it. My client can become very loud and non compliant at appointments. I am so ashamed of the way I feel as I have done this job for 30 years."
112,"I live in a shared household and the other two people have gone away for 2 weeks. This is the first time I have ever been alone at home and I am really anxious about it. I’m worried about a whole number of things that could happen- logically I know the chances of any of my fears occurring is minimal; however, I can’t seem to get past these. I would love some ideas or suggestions that could help me with this anxiety as I don’t want to send the next two weeks like I have been today."
113,"hello ive been struggling with emetophobia since i think i was 12-13, but didnt realise it was emetophobia till maybe 2-3 years ago. Though my current age is not too far. i think my emetophobia has gotten quite worse. i dont like being near someone who says they feel sick or are about to v***t. when i know someone has v***ted i try to stay away from them for some time. the first time i remember being sick i ate too much kiwis and was sick all on the carpet. but i also remember when others are sick in front of me too. my aunt had some bad food and was sick in her jacket. we were in public but that situation is very vivid to me. and i think about it alot. i couldnt be near her for like 2-3 days. but when i do think about these situations its like i imagine myself in their shoes being the sick one. and for times when i am sick i tend to run to my mother and i have to have her close. i also tend to panic alot when i feel it. i usually have to get my mother to get a bucket for me to be sick in ( i for some reason refuse to move ) and have to stay with her for the night. (depending on time). though i don’t remember a time when i was sick without her there comforting me. fast forward to now, my cousin and i just started being ill. and just about 30-40 mins ago she was sick. i ran to my mothers room and cried. she told me i was being dramatic ( a usual line ). and this is where i am now. i am quite worried about my future of when i live alone ( or shes no longer with me ) i dont want to have to panic alone. i should mention i am a person who tends to keep to themself. i think about opening up but then i bail out. ( this sometimes happens with family too). ( but this isnt my main topic ). i guess the reason i made this post is to ask for help on how to get my mother to understand my fear. and to tell her i want to go to therapy. but am worried about what she would say and costs. (recently my cat was attacked and she had to pay quite a bit). - please dont mind grammar and spelling mistakes. my cousin is still having bouts of being sick and im still a bit freaked out. (and am drying my tears from remembering some stuff) any help will be useful. thank you for reading and listening to my issues"
114,"With movement of my neck I get anxious as is cracks most of the time. I also notice that behind my left nostril, and eye plus over the eyebrow and temple I get anxious irritating pain that burns and gives me headaches. Has anyone else experienced this?"
115,"I dont know where i went wrong or what happened,I decided that I had enough of the discrimination and racism i face everyday just to go out and work or study, i was tired of locking my self indoors,but they didn't have a strong mental health support it was there just for a name nothing was confidential. You can't speak up cause u didn't have proof you cant complain because you wore something that attracted them No I was just travelling home from work and trying to make a living. I just wanted some peace. I moved to Australia life gave me a bigger slap took away everything from me i didn't give up . I worked my way through it i was getting better than it through a. Stone at me again . Why is life so unfair those u dont even put any effort are in better places . Past 2 years i have been struggling so much with mental health issues, i finally gained enough courage to speak out .I honestly dont know anything I feel so confused I just want to sleep but my partner said I have started talking in my sleep ."
116,"I don't know where to start with this. I don't like life I've struggled my whole life. I think life is nothing but pain pain and more pain. I was never good at anything in school, I cant hold down a job. I could go on but I wont. Life is too hard and I've been given nothing to adapt. I have a borderline IQ so I struggle with everything. I've given up stuff it all!"
117,"I have just started a new job this week and was only able to attend 2.5 days before I became too anxious and panicked to attend. The job is slightly similar to what I was doing, but at a higher level and full time instead of part time. My previous job will likely be ceasing (and getting replaced with a completely new and smaller system) in about 6 months, so I felt pressured to get a new job before time ran out. I'm nearly 30 and felt there was an expectation that I should be working full time and so accepted my current position despite not being comfortable with leaving part time. While the people seem nice, it has not been well structured and is lacking support. I was told multiple times that there is no other option but to be thrown into the deep end and I feel overwhelmed. I know I would be capable of doing most of the tasks if I had more organised training and support, but am already so worn out from working nearly double my previous hours. I haven't been this panicked or anxious since before I first started medication and seeing psychologists about 5 years ago when I was suffering from agoraphobia. I saw my GP today who has given me a week off so I can see my Psychiatrist and find a new Psychologist (my last one's practice closed) to get a mental health care plan started. I fear I am incapable of living a normal life and am so disappointed in myself to see all the progress I have made over the past 5 years vanish in just a few days. I feel like I could grow to like the work I'm doing now, if only in a better environment, but feel trapped by my decision and that I shouldn't give up so soon. It has already taken such a mental and physical toll on me just to get through those 2.5 days."
118,Hello..I am struggling alot right now. I have been diagnosed with trigeminal neuralgia since seeing a dentist for a tooth extraction in July. I am a nz citizen been living and working in Australia for 2 years up to this point. I usually can get a hold of my anxiety and depression but since this debilitating condition I cannot work or drive until I get used to the powerful meds. I am under neurologist and GP for this condition.. still waiting results of MRA. Since July my savings is all gone and my mental health has gone from bad to worse.. I have had councillors ring and want $295 for one session.. and I no longer have an income. Nor can I drive... i am scared I will have to go back to nz if I can't get help here. What do I do? Is there help here?
119,"I've suffered from social anxiety most of my life. I've implemented ways to reduce this anxiety such as - the rare times I go out, I have a 'safe' person that I can talk to and I order most of my things I need online.I work full time and study online at uni and socialise well at work but I have trouble making friends in my home life. I've kind of accepted that this is who I am.The issue is: My anxiety has peaked the last few months and it's impacting my relationship with my husband. We're great together. We've been together 9 years, married for nearly 2 with a son.I've started to get a little paranoid. He hasn't done anything wrong at all but I keep thinking he's keeping things from me. The logical side of me knows he would never ever do this - he constantly reassures me he loves me and shows in actions too. He's a great husband. Tonight, I pretty much accused him of cheating. I know he wouldn't. There's zero evidence of him doing that too. He's attentive and loving towards me. My anxiety has peeked lately, and I have just over thought myself into thinking he's chatting up other girls. We had a big conversation, and he thinks it's a trust issue - maybe it is - but I really think it's a mental health issue. I've never had any thoughts of him ever cheating and I've always trusted him in the 9 years we've been together. Before I talked to him about this, I had thoughts of going through his phone. That was the last straw to me actually bringing the subject up. I wanted to talk to him before it got to the point of me actively invading his privacy. I love my family so much and we are such a great little team. My anxiety and paranoia are impacting my home life, and I really hate it.Does anyone have any advice or anything that has worked for them to help?"
120,I feel so down right now. My wife doesn't understand and often her actions are making me feel worse. Instead of being their for me and showing some support she goes off and has a drink with her friend.....a questionable friend because my wife has previous purchased smokes for us and groceries.
121,Hi I have had 2 full blown panic attacks at work. My baseline anxiety outside work is manageable but at work I am constantly fighting to keep it together.That despite Pschologist and medication help its been 9 weeks and I still need medication to get through my work day. the anxiety is palpable and slow lifts as home time approaches. I understand my brain associated work with danger due to previous panic attacks. medications have not really helped. anytime I am not engaged in a task at work I feel I am battling intrusive thoughts that I am about to panic. people have assured me it will get better meanwhile I feel it’s has not eased after 9 weeeks.
122,"I'm in my 50s and have a good job. I've been struck down with anxiety for 5 months now. I'm considering quitting my job and career due to the anxiety. I'm scared to do that but it's becoming harder each day to face work. I changed role but it hasn't helped much with reducing the anxiety. I feel like I have failed if I stopped working. I'm ok financially but still supporting one of my kids through uni. I want to have a break but feel if I do, my whole life will crumble. I need to hear from others on how they coped with anxiety."
123,"Hi, i have had problems with over thinking everything. If the phone rings i immediately think there is something wrong. Something i have done wrong and there is a problem. So i dont answer. This makes it worse because i worry about what it was about. This is with work, or even friends. Just freeze."
124,"Hi, I have had stutter and consequently severe speech anxiety from a young age. I am now 30 and am managing to work for a few days a week but I am very socially isolated and find it difficult to be in any form of social or group setting. Can you please provide some suggestions about how I can connect up with people in similar situations. Thank you"
125,Hi I haven’t done this before but l really like the idea and reading other people’s experiences is actually a positive as l realise l am not alone with coping with overthinking and catastrophising. It gets so hard the worry and uncertainty as l am looking for a job-went for 2 jobs and did not get them! Am an older worker and my confidence feels a big shot now! Some days it’s okay and then some nights it’s just awful as the anxiety grips me and l feel so fearful. I meditate and get through. But it’s not an easy time.
126,"Hello, I am a first year teacher and already feel burnt out and overwhelmed by teaching. I am at a pretty rough school and have some tough classes, and more often than not I am feeling anxious and panicked when I leave a lesson. I am constantly in a place where I know what I need to do in theory but it just doesn’t work when I try it. I am left feeling like I am not good enough for the job and often go home freaking out about what had happened that day, what that kid said to me, how my lesson didn’t go to plan. I know that I am just starting out and am still learning the ropes, but it is hard to not feel discouraged. I just want to be good at my job and I don’t think I am. I wonder if I am alone in this feeling and am not sure how to process this going forward. Is it just me? Thanks for listening."
127,"So I've struggled with anxiety since I was really really little. This year I've had some extra pressure put on me at school, and I've slowing been burning out and falling apart. The pressure to perform combined with general anxiety stops me from talking to people, celebrating birthdays, putting my hand up in class, doing oral presentations, lots of different things. I recently had a COMPLETE mental breakdown in front of an entire class, and am now mortified. Soon I'll be going to see a GP about it to try and see what can help, and I was wondering if anyone had any intermediary solutions or ways I could go about the conversation with a GP and the initial consultation with a psychologist? Thanks!"
128,"Is it just me or is agoraphobia the most nightmare of a condition to ever have im so depressed that at 30 years old i need to be on ndis but i dont know what choice I have i have been living with this for years since year 8 that's well and truly over 10 years and its just gotten worse and worse to the point im pretty much homebound and the only two things I can do is go to gym ans even sometimes I want to run from there and food shopping but in a free standing building and need a trolley . Im just feeling so frustrated im past crying ive had intrusive thoughts for the first time in my life of just wanting to end it I am so done with this life . I dont even feel like im living but just existing. Im so burnt out from it all that I domt even habe the energy to cry over this as im writing this which I usually would . Imnover waiting for ndis its been years i habe a social worker on board trying to escalate . But this ndis is such a joke and they have made it so much harder for the people that need to access it . I feel scared constantly in life and physically stuck and like I cannot do things . Its ruining friendships relationships my fsmily dont understanding. I just want to hop in a ball and cry im so done . Ive struggled to make friends up here in brisbane qld as it is . But this condition is just horrible . And tired of people making me feel like im been an emotional dumping ground snd like a burden when they just have noooo idea how much of a night mare this is , it is horrible"
129,"I have PTSD from natural disasters, I’ve been through many and survived, albeit had to start again from nothing. Currently, I feel like all my efforts get no reward, I’ve been trying to recover from the 2022 Northern Rivers floods and the subsequent evacuation in 2025, noting it just hasn’t really stopped raining for long.I had applied for my house to be raised, I waited a year to find out they hadn’t got back to me because they lost my paperwork. I appealed got a review, and got anpproval for house to raised. All of which is a lot of time and effort and not easy.Did I mention no one helped me, I’m a senior, there’s been a lot of heavy, even Council stopped the one trailer free to tip, I discovered after borrowing trailer and lifting heavy things into it, only to have to bring them home. For work to be done I’ve had to demolish carports and aviaries, because they had birds I had make new aviaries down the back shady yard and keep birds warm in very cold and wet winter. I did save to pay people to weld aviary BUT that was like watching Laurel and Hardy and that aviary is still in pieces.It has taken a long time to meet all the documentation requirements and building approvals and been a lot of work and I feel like it’s been false hope. I’ve done so much for nothing, I feel helpless and hopeless, like it’s not worth trying anymore. The Raising House Program contacted me this week and said they will only cover costs of existing building areas, which means I have a back deck raised but they won’t cover stairs, or railings. what this means is if there’s a fire and I go to back deck, I have to jump off 2 metres, I can’t al this moving things caused me to have a hip replacement, and a knee replacement. Also, they’ll only cover stairs from front door to ground and not the walkway to side door, which means to get to electricity metre box I’d have to use a ladder. Everyone knows you often find out the power is out when the lights go off, at night, and here it is usually raining or cold.I’ve waited so long got help, I’ve done so much work for nothing, I’ve been living in a scrap yard, my house is like a cupboard full of boxes of things I can’t access, I’ve had to put up sheds to store stuff that has been ruined by rain. I’ve wasted years trying to recover have no friends, or family, I feel overwhelmed, anxious.The only family I have is my severely disabled brother, I’ve been his guardian for 15 years and engage carers, do shopping, meet medical needs, all his needs,"
130,"Hi,I've been feeling depressed for a while now, I haven't been able to keep a job and most days I'm fighting my mind just to have a functional day it's not that I don't want to enjoy life but I'm overwhelmed but not having money doesn't help, my mum recently passed and a whole other plethora of family issues are constantly on my mind I'm just worried for the future and it seems like anyone I try to tell this to just dismisses it as being rebellious, I don't really know if typing this here will help but I thought I'd try I value my well-being and am trying what I can."
131,"Hey, Im currently on a medication but I will be tapering off this week. I’m so anxious about the panic attacks coming back and that constant anxiety that could not be shaken."
132,"I'm 55 and moved back to my home town to look after my father with dementia, I'm struggling with anxiety which I've had on and off for long time. Started back on some medication and looking to get back into see psychologist. Was involved in activity's but since anxiety has come back struggling to get out and be involved in things. Working hard to get back on track but hard with my mum as I am struggling to communicate with her and give her the conversation she deserves. Having a good day then a not so good day after getting hopes up as I think I'm coming good. I try and do what I can to contribute in the house but feel guilty as mum and dad should be reliant on me now."
133,"I know it sounds completely insane, and I am on some new medication so maybe I am going crazy at the moment; but I am so scared that we are becoming so overpopulated that we are all forced to live in small apartments in the future. The more people, the more houses will be destroyed and replaced with giant sky scrapers...all i wished for in life was to have a house and a garden and peace and quiet and it seems we won't get this at all anymore... I am getting more and more anxious about the future, especially how everyone is encouraging bringing more people into the country, it is driving me insane! Not to mention it will all become too expensive to the point we won't be able to afford a house anymore I just want a home and a big dog, why is something so simple now impossible to have in this day and age?"
134,"So, basically, my whole life I've struggled a lot in social situations and had a lot of trouble making friends. My therapist thinks I have autism, which would explain a lot- especially how I interact with others. As I got older, I learned the 'formulas' of starting friendships and managed to actually make some really good friends. Now, a newer friend has asked me out. I want to focus on managing my depression before even considering a relationship (I've been especially struggling lately). My anxiety is spiking because I don't want to lose a friendship by saying no, but I also don't want to lose a friendship by being rude and not answering for ages. This friend is someone I feel unusually comfortable around (normally I take ages to warm up to people and I mask a lot) so I really don't want to blow it. I feel like a bad person for freaking out. Is this another thing everyone knows how to handle except for me, or am I overthinking again??"
135,"I've been experiencing anxiety and depression since my teens (now 38) and have managed to keep at least a semblance of being functional (keeping job/friends etc) until recently. At the start of the year I lost my dad (complicated relationship) then I recently lost my nan who was a big part of my life until dementia stole her away. During all this I have been dealing with my mum being diagnosed with alzheimers - having to put her into care (I'm her decision maker so literally carrying the guilt of putting her there) and my step dad suffering a medical crisis and requiring multiple surgeries. All the while being assessed for autism (per gp suggestion) Throughout this it feels as if my anxiety just keeps building and building higher with barely any relief- I struggle leaving the house except for work and even then I have massive panic attacks on the way to work, I forget to take my medication as all this anxiety is causing fatigue. I can barely manage self care at all- feels as if I'm losing the self I was under all the stressors and anxiety. I know I should see my gp- but the problem is I feel like I'm being 'weak' and taking up their time over this. I've tried telling my sister a little of what is going on- ie said I'm struggling visiting mum (she's recently become agressive/im called daily with issues as her ower of attorny) because anxiety is so bad and she responded that it's better I go in even if it makes me a 'bit uncomfortable ' as it deescalates her behaviour. But it's not just' a bit uncomfortable' - it's full on fear and panic, shaking,crying spiralling. At one point standing on the train platform contemplating bad options not because I wanted to hurt myself but just wanted a moment of peace/not being anxious. I dont know how to get my sisters to understand this when they've never been this way- they get a little anxious but have never (as far as I'm aware) been to the level I am. They're outgoing, confident people compared to me. I feel as if I keep going on this path it's not going to end well but don't know how to get out of this anxiety hole."
136,"have slipped back into a deep depresion due to feeling so lonely as i live with Cptsd depression and OCD and find it hard to socialise or make new friends yet i find myself yerning for friendship mainly somone to talk to about my problems, yes i see a scy every 6 to 8 weeks but i havent been able to get in and its the longest i have gone without talking to my therapist, i just want to hang out and talk either with ppl that have been going through the same thing or just anyboody who can advise me on how to get through the worse and sttart to make me feel better as a person Reply"
137,"I am just getting over the flu and trying to get back into my daily life & work however I’m feeling like I’m burned out and I am so anxious to get back into my work. I work 1:1 with clients and am a professional at what I do however I keep getting this feeling like I am not good at it and the anxiety from getting back into the work that I have worked so hard for is getting to me.Is this normal and is this just my body telling me I need to take time to recover more because I do love what I do, I want to continue doing it but I keep getting this anxiety."
138,"Hello, This is my first post. I am 55 year old male, happily married with a couple of awesome kids and financially secure. Unfortunately I have suffered from depression and anxiety badly for the last 4 years. My anxiety seems to be getting worse. I am afraid of many things. I am afraid to drive on the highway, am terrified to try and teach my daughter how to drive and an very scared of an upcoming overseas trip. For some reason I am just terrified that something horrible is going to happen to one of my kids and I feel as though I may contribute to this by making a mistake or having a panic attack whilst driving with the family in the car etc. I also used to play lots of sports but am frozen with anxiety these days and really struggle with performing any sporting activities without my anxiety taking over and causing me to freeze. Not sure if anyone can relate to these feelings and or offer any advice?"
139,"I have been struggling with (undiagnosed) anxiety. I have bouts of it. I will be feeling fine and then will do something or have something happen that triggers it and my mind catastrophises it. So for example:- I googled and printed some ben 10 pictures for one of my kids on the work computer during my lunch hour. Not something I normally do, and then i spent the whole afternoon silently freaking out that maybe one of those pictures could have had a virus that I have now downloaded and I will have to explain to work about the pictures. I ended up binning the pictures because they caused me so much anxiety to look at. - if I go past a mobile speed camera, even though I know I was doing under the speed limit, I will start to question myself. Maybe I wasn't under the speed limit and then spend the next two weeks checking the app for a ticket. These types of incidences and triggers seem to be happening more and more. Generally every day I have to check things are locked/ turned off like three or four times. I feel like I am spending so much time fighting myself that taking on life is exhausting. I am a mum of twin boys with behavioural/developmental issues, working full time and paying off a house. I feel like I am responsible for everything and my partner just has no responsibility. I need to tell him to do things to get them done (e.g. housework, drop offs for kids, etc). He isn't on the mortgage as he has child support/student loan debts that i wasn't aware of until after we had kids. He is concentrating on paying those off but it means he can't help paying extra off the house. Sorry for the rant. I have put in Doctor's appointments and chickened out on keeping them. I just need a break from the anxious feelings and don't know how to voice that to a doctor to get help."
140,"I have been having panic attacks more recently and when that happens I overthink loads and have loads of negative thoughts. Like I think i’m not smart enough, I’m not pretty enough, I am useless, nobody’s cares about me. I feel awful and I can do nothing when this happens except try to breathe and wait it out. I would love suggestions about how I can try to relax when this is happening. I am already taking medicine and seeing a therapist and I don’t know what I’m supposed to do, I feel so alone."
141,"Hi all, I have been sick since December. The doctors are not quite sure what it is. I have had every test you can think of. They think I have gastroparesis ( which is my stomach is emptying too slowly) I have nausea, pain in the stomach and loss of appetite. Since then I have become very anxious about anything. Has anyone been through this. Please let me know. Wishing you all a great day. 🥰"
142,I feel like I can talk to anyone about anything I told one of my friends about my stuff that being going on and then someone told me that I wasn’t allowed to talk to anyone and now I feel like I can’t talk to anyone and I don’t want to be here
143,I have had numerous sleepless nights because of restless legs Sometimes I only have 2 hrs sleep i take medications on prescription and over the counter pain killers Have numerous showers Am desperate to find some help Doctors have given me no treatments to follow or drugs for RLS I have been diagnosed with Peripheral Neuropathy Anyone with same problem
144,"Hello.I've always been an anxious/nervous person. I struggle with mental health as well. Recently I started a call centre job, never tried it before. The training was promising but the day we started on phones I had a very painful panic attack. I froze, I had to leave early.I went to a doctor, first time going for anxiety, usually it's for anti depressants. I tried going into work yesterday and today, same result. I even tried to ask the team leader if I could listen in to a coworker's call for the first hour just to work myself up to it but they said no. I don't like disappointing people so when customers naturally got frustrated at me it made things worse (calling me incompetent or demanding a team leader). I apologised and said I was in training. Consecutive calls I kept failing people, my brain just kept freezing. I broke down again and spoke to a team leader to see any other options I could do my job but sadly there wasn't, they said that type of industry might not be right for me, so I made the shameful decision and resigned. I've never felt so frustrated at myself that I couldn't handle it. I live with my friend who I see as family (my real family disowned me a very long time ago) but they are also my landlord. They've said in the past if I quit a job quickly they'd be upset/disappointed in me. I don't think they'd evict me but I don't have savings, I'm hoping centrelink will be able to help in the mean time (I can assure you I'm applying to many jobs, just nothing that's call centre work. I already have a job interview for next week). My issue is that I am absolutely petrified of letting my housemate know I've resigned. Usually I'm always open and transparent to them about everything but this is the one thing I'm too ashamed to admit. So while I job hunt I have to essentially hide outside of my home (they work from home). I don't know how long I'll be able to do so. Sorry, this seems so silly."
145,hi i am a 25 year old woman.i suffer from bad anxiety and depression. get called fat by my mum and when i was young i used of got hit by my mum dad and brother.got kick out of the house so many times made to sleep on the street .i got trick in thinking someone love me at a young teenage years and got trick to sleeping with them .i get called name off my own family near everyday and get told there rather me gone then been here .i try therapy and that seem to help for that day then the pain all come back to me the very next day.
146,"Hey, honestly I don’t even know where to start but my partner and I have been in a long distance relationship for almost 3 months now after having been together for 2 years. he’s moved back home with his family 2 states away so visiting is hard on top of the fact that I’m not welcome at his mums place which is where he is living. We plan to have me move but money is a bit of an issue with that. I just feel incredibly lonely all the time, and am unsure on how to be on my own. Along with all of the overthinking thoughts that go along with this situation ( obviously I trust him wholeheartedly ) we have visits in place and always call at least once a day even on busy days. I just really miss him and feel stuck"
147,"Hi everyone, Thanks for letting me post on this. I have worked for a great organization for the past 19 months. Even though the org is great, unfortunately, my role with the org is completely unique - wearing 5 different hats in a part time role. Within two weeks of starting, there was a traumatic event that I have not recovered from. The role itself is extremely stressful even without having that traumatic event, and because it is so different from others, my peers and bosses are not compassionate. The bosses only see their specific role and KPIs without considering that I need to keep 5 balls in the air at any one time. They frequently schedule mandatory meetings that overlap or happen out of work hours. It seems like the only time the CEO and my main boss calls is when I am off the clock, and these end up taking an hour or so. In June, I had my first ever anxiety attack, and it happened at the job in the corporate office which is interstate. I saw a GP who diagnosed the anxiety attack caused by work, and I told my main supervisor about it and what spurred it on. I also asked for support so that I could succeed. He seemed supportive on the outside, and even agreed to pay some of the hours that I was regularly working. The following month, I attended another meeting in the corporate office and had a second anxiety attack after a consultant said to the group that if we weren't in-stride with our jobs that we were going to have physical and mental health problems and ultimately risk death from work. I had developed both anxiety and physical manifestations as a result, and I almost harmed myself accidentally during the meeting. I escalated the concerns to one of my other bosses about how my role wasn't sustainable, and she said that they had 10 people in the role over the past 12 years and that nobody was successful in the role. I escalated it again to the CEO who said that my wellbeing was the most important and that she accepted by resignation. I DIDN'T RESIGN! My main boss called an hour later and asked for my end date, and I once again said that I didn't resign. I put in a worker's compensation claim with a law firm and have since had a private investigator call me and have a psychiatric exam next week. I also am seeing a psychologist and my GP regularly. I've bee off work for the past month, and am very anxious about whether the claim will be accepted. Is there a loophole that will make this rejected?"
148,I’m willing to attend psychological counseling to address this issue.I’ve been considering counseling to better understand and manage my behaviour.
149,I am scared of anything now could make me sick. My muscles so tend. And i am so anxious
150,Hi am suffering with high anxiety and fear have been for months and am so frustrated I’ve tried everything
151,"Hello, Im sure other people suffer from health anxiety and I do too, and it’s really bad. Considering my age, I’m very young but even the tiniest throb, headache, cough worries me and it’s draining me faster and worse than my own health can. It’s extremely scary and I can’t seem to find people with similar constant Symptoms that come with their anxiety, no matter how much research I do so I’m convinced it’s something bad. Which makes me feel unmotivated to do absolutely anything, I leave things to the very last minute and I can’t even keep up with basic hygiene because I feel like there’s no use, also makes me feel awful. When I do get random boosts of motivation (rarely) or feel like I can calm down, I immediately can’t anymore, I tense up or get even slightly anxious that something bad will happen after that and that’s the only reason I was allowed to be “normal” for a bit, so I leave that and force myself to feel more down and empty, But in general everything feels meaningless at the same time. If anyone feels similar I’d love for a reply!"
152,"Hello Everyone, this is my first post. It's a lovely sunny day here. Over the last year, I have made so many transitions including shifting state. I have also had some health challenges. This has all left me with anxiety and depression. I think one of the main challenges i have is loneliness. My friends and family live at a distance. They have their own lives and do not want to be a burden (even though they have welcomed me to reach out anytime)"
153,"I suffer with extreme health anxiety... And I mean extreme. Last weekend I suffered from searing chest pain, that radiated to my shoulder blade. I thought I was having a heart attack. I went to ED and had loads of tests and they all came back fine. However I was informed I had a heart murmur. Now im 54 years old and never been told that before. My anxiety went through the roof. 8 days later I saw my GP, who listened to my chest and said yes, I had a murmur... He said it was a grade II Systolic Ejection Heart Murmur and I was referred to Cardiology. I made an appointment for an Echocardiogram ASAP, because I am supposed to go on holiday soon. I paid privately to get it abd a stress test done and my mental health is in bits... I literally cant cope. I have googled until I feel sick and now believe I have heart failure and my life is over. A 54 year old man doesn't just suddenly get a murmur unless there is something seriously wrong. I just don't know what to do or who to turn to.. I feel sick and ill everyday. I have palpitations and cant tell if it's the anxiety or murmur. This is a nightmare!"
154,"(Thank you so much for reading this, it really means a lot to me and I don’t have anywhere else to discuss this safely) So this year, I don’t know why but my mom keeps judging me for what I eat, or even my weight. I am naturally a bit chubby, but that’s it. I don’t know why but today her words hit me like a brick. I felt extremely upset. Usually when she points out my weight I feel proud of who I am and grateful for the foods I get to eat. Today I had a dish I hadn’t had in a while, which was rice and chicken and due to it being a dish I like and hadn’t eaten in months, I instantly ate down roughly two small bowls which wasn’t much. I felt hungry at about 10 PM again, so I come down for another since I really missed the dish. Before I even got to eat it, my mom yelled that I’m obese and I eat too much. I am not obese, and I am just a bit chubby naturally, that’s all. I’m happy with my body as it is and appreciate all the actions it helps me do everyday. But today felt different. I felt like I was going to burst into tears because of her comment. She called me obese in front of her and I’m not obese. I don’t get why she likes to point out my weight and say I’m overweight. But today she called me obese and said that it’s my fault. I can’t help it, I’m still a teenager and I’m growing. I tend to get hungry quickly because I’m really busy drawing, playing games on my computer and talking to my friends. I also walked a lot outside today and had to give my lunch to my friend because he felt hungry. So I got more hungry today. If only my mom understood (Which I have told her about what I did today) then she wouldn’t hopefully call me obese and judge my weight. I don’t know how to feel about my body anymore. I’m grateful I’m not rib-thin but I just want to be myself. She keeps telling me that I need an hourglass torso like the other girls, and she tells me that I need to be slim, feminine and beautiful. I don’t like that at all. I’d say I’m quite a tomboy myself but I really don’t want to fit into modern standards or her standards at all. For example she tells me that I should get thinner so I should wear this dress or this skirt. I don’t like skirts and dresses and would rather wear pants, or a suit. What to do really.. I’m really tired of her commenting on my body and on what I eat, along with me not being feminine to fit into modern standards. I just want to be myself really."
155,"I am a 63 years old spinster who has a few mental health problems to say the least. They include anxiety, OCD, paranoia, depression, agoraphobia, social phobia, hyper-sensitivity and suicidal thoughts to begin with. I have been isolated for decades with no friends or contact with my family, which is my fault as I have isolated myself and I don't want to be a burden. They once told me I'm very depressing and negative which is probably true. I find it very difficult to connect with people because I mistrust them and over think everything they say to the point I am left exhausted. I'm on medication and it helps with my OCD but nothing else, and like many others, cannot afford counselling. I retired in 2019 as I had a breakdown at work due to bullying. I have no self confidence, and see myself as repulsive. I only leave my house once a week to food shop and I cover my face with a large hat and wear sunglasses and have headphones on to try and hide. I wish I knew how to enjoy life on my own but have been made to feel such shame and guilt. I'm also being bullied by my neighbours who play cruel jokes on me so I often ring Lifeline when it gets really bad. In Feburary they set off fireworks right outside my house which terrified me as the sparks landed in my front yard and roof also they like to tip my wheelie bins over. I've never bothered any of them but they are a small gang of four roughly the same age as me but unlike me they are very social. I can't remember the last time I felt safe and happy. Sorry but I'm feeling very overwhelmed with life."
156,I don’t know where to start really so I’m here. I have adhd and autism among others and I’ve recently been feeling pretty bad. My anxiety which I thought I was handling well has reared its head in another why to what I was used to so I didn’t see it coming. It’s very sneaky. I know how lonely it feels and I just don’t want anyone else to feel that way.
157,"Hi, it is my first time to open up about my struggles, but I feel I can't take no more. My daughter is experiencing an autistic burn-out for months, and I can't manage it anymore. I can't even manage our everyday life! We are only to of us, no family or friends around us, no one to help. No one to listen, or to trust."
158,"First time here and first time in my life I have felt the way I do at the moment. I am just wondering though what people do when the help options open to them are small and ultimately can't help solve the situation. I am middle aged and always had to care for my mum since I was 16 years of age, she is a perfectly functioning adult but NCD (Narcisist) to the core and has manipulated my life to a point where I have no friends or indeed anyone left in my life. I am 100% isolated and alone and at her mercy. She is a very nasty woman but for some reason I just feel compelled to keep looking out for her. Everyone says set boundaries, but if you have ever dealt with a person like this you know that can be almost impossible. I now have major anxiety and depression going on from both home and work issues where once I mentioned I cared for an elderly person they work turned on me and tried to get me to resign. They are still pushing me to get out which is just adding to the stresses. I have an elderly dog who is my world who is also getting sick and I am constantly (like 24/7) watching him as he is about all I have left. I am just at that point of wanting to walk away from it all and start a new life. But I know I will take guilt with me that I am unsure I could live with and even then I have no idea how I would afford to start again and be safe. So back to the question. Does anyone know who you turn to for help on the basics to just get through another day at a time?"
159,"Hi. I'm 65 and work in retail. I've been doing a non stress job and stupidly, took up an offer to learn an admin role. It's fast paced, the phone rings all day and I have quite a lot of computer work to get through. I'm chasing my tail all day and mentally exhausted. I'm not retaining knowledge, I'm no good with pressure or problem solving. So afraid of making mistakes. Not sleeping, eating and it's all constantly in my head. I cannot quit as I'm replacing another staff member who is having surgery. I feel like I'm in a prison with no escape. I cry a lot and have broken down at times at work. How I yearn for my non stress job. What do others do to cope with this. Thanks"
160,Ive been with my boyfriend now fiancé for 3 and a half years and about a month ago I’ve started getting very high anxiety when ever he touches me from hugs to being intimate. I’ve been very close to panic attacks. I’ve tried explaining that I don’t want to be touched at the moment which seems to have done nothing but upset him and I don't know how to fix this. I don’t know how to fix me.
161,"Hi everyone, I'm having a horrible week, so just thought I would post to see how everyone else is going? I'm having a hard time getting out of the shame spiral this week, but trying to remember this is only temporary. Anyway, hope others are well, happy to chat about anything."
162,"I’ve never written on a forum like this before, but I’m struggling and I have no-one I can talk to about what I am going through. I’m insecure, have low self-esteem, am taking a sabbatical from work (have worked most of my life, I’m in age range 50-55) and have never felt so low. I’m trying to find the answers to all my questions and thoughts, and everything points to journaling and positive affirmations / self-talk. I have no energy and feel lost, stuck and unable to make decisions. I’m trapped in my head and trying to work out what to do. I have been with my partner for many years, and recently, started a new relationship with someone, but I just feel permanently low, like I am people-pleasing but I’m too scared to even ask ‘what do I want?’ I feel like I’m the only person in the world who feels this way, and when I look at others I think how happy they look, why can’t I be happy? Why can’t I…and then the cycle goes on and on and on. I’m afraid of life. OK stopping now as I’m not getting anywhere, but maybe someone out there has some advice or guidance or suggestions on how I survive at this thing called life (sounds a bit dramatic I know, but genuinely struggling). Thank you in advance."
163,"I am wondering if anyone else on here is waking up with feelings of agitation, on the angry and unsettled side of things? I have read it is part of generalised anxiety disorder and that it is a build up of cortisol which peaks in the morning.. How do you cope? Does exercising alleviate the condition? Or daily relaxation sessions? I would like information on this. Thank you."
164,"Hi community. This is my first post and I have experienced anxiety my whole life but fought it always. But in the past few years I had a breakdown due to an extremely stressful situation. Ever since I'm like a egg shell that's cracked all over but still has the egg inside. Fragile. Just a few days ago I had a crazy day where I was completely crippled by anxiety. Dry reaching and vomiting. Crying and restless like crazy. Scared out of my mind and thinking how can I function. I'm a wife and mother of 5 little ones. And I'm expected at work tomorrow. My meltdown culminated in myself and my husband ( who was really worried) working out the cause. We were about to sign a contract I think I knew we couldn't afford. Once this was sorted we decided not to go ahead I immediately felt 100 times better. However 3 days later, I'm still feeling so bad. Nausea, wanting to cancel everything that I'm expected to show up to. Wanting to stay in bed. I'm crippled again but in a quiet way. Not like the extreme episode the other day. This feels sadder. I feel broken and I'm letting everyone down . That egg shell is really crumbly. I hate being so fragile that my family can't do things. I want to be strong."
165,"There are words or thoughts and they keep repeating in my head and I can't make it stop. I have heard about echolalia and even internal echolalia and suspect that I do have that but this is different, I can't make it stop, they won't stop and I don't want the words they're words I don't want and they won't be quiet but I know it's me it's not a voice in my head it sounds like me and it feels like me which makes it worse because it won't stop and I can't make it stop but it is me it has to be me because it's my voice, the one that reads all my thoughts and he can't be someone else he's me. But he won't stop and I just want to know how to make him stop."
166,"I feel no one is supporting me. I have a stalker and it started May 2025. I gave the police a report including his photos but they cannot do anything because I was not physically harm. They don't understand how this affect me mentally and emotionally. It seems they are protecting this guy and not me. The police said, they will talk to my stalker meaning they will know this guy but they couldn't tell me who he was, because I would like to apply an AVO but this police did not apply for an AVO. They are protecting this guy who violated my human rights. I thought, stalking is a crime here but they protecting him not me. They protecting a man who did wrong and not me, the victim. I know what stalking means but these police are protecting this middle-aged man. These policemen are protecting this man who commits crime and they should know that this man has no right to stalk someone or follow someone. The police said, maybe this old man is lonely who just wanted to talk. But it is still not right to follow someone. It happened 7 times in different places, and it is creepy seeing him in any place I go. It is not a coincidence, because he followed me 7 times already. It's a pattern. Same man and same behaviour but all my efforts of recording those incidents were ignored. I am tired already watching my back every time I go out, I am tired already of observing, recording or reporting to the police. I have do much anger in me. I am not interested with any man and never talk to a stranger it's because I am lonely. I don't talk to a stranger especially to a creepy like him. Who do you would like to make friends to this kind of man. Who do you think would like to make friends with a stalker. No one I think, because he is creepy. These police don't really care. All my efforts were ignored and wasted. They said, my stalker did not hurt me. So, they will only act if I am hurt. The police will act if something happened to me. The stalking started May 2025. And I know, he is not the only one. He is still out there and even uses other people to monitor me. I have photos of his stalker's proxies. I am not stupid not to notice those men amd their behaviours but it seems no one believe me. I do not understand these police, why they can't find a solution for this. That's why, we have lots of victims of stalking being unheard including me. I want to fight him until he gets what he deserves but every time I approached people, they don't help maybe because I am an Asian not white. And I am more angry now, and starting to lose hope that this will ever stop and these police are not fair to all people. I thought the police here are very good and helpful but I was wrong. They oath to protect innocent people bu, no, they are protecting the criminals. They choose only who they wanted to help. They will only act if someone hurt or died. Wearing police uniform but they don't respect true justice."
167,sorry if this is alot i just rlly need to get my thoughts down. i've always suffered with anxiety (undiagnosed) but its been manageable however this year its gotten rlly bad. i started uni this year and the course im doing is incredibly competitive. my y12 results made it so i couldn't go to the same uni as my friends who are also doing the same course and i feel like i have no friends in uni. im always so scared to even open up uni modules bc it feels overwhelming how much i have to do. i start thinking about what my future is going to look like and i get overwhelmed bc im scared i wont have a job or anything and i'll have to live paycheck to paycheck. im also rlly scared of my parents dying despite them being relativley healthy as i dont want to be left alone. im js rlly alone and scared and overwhelmed and i know its a problem but i dont want to burden my parents by telling them and i want to change my habits but don't know where to start. i tried to create goals but thinking about my goals had me overthinking and js left me feeling drained. i dont know what to do. sometimes i even contemplate committing because it would take the anxiety and uncertainty away but ive never acted on the thoughts. if theres someone who has gone through something similar or is going through something similar and has advice i would rlly appreciate anything at this point.
168,"So my marriage is in a bad way.I went on a rant a while back, actually yelling out for help because of my crap situation.Did not go well. She hates that so much.So now she sleeps away from me, playing 'oh, we're separated now' games. Breaks my heart after 16-plus years.I have no job and no income.I was illegally sacked, so I'm moving to take them to court now. I'm qualified to do it, but it's exhausting.But I have no income. It's placing a big strain on the house and my marriage.She keeps complaining that we can't go do that, see people out, we have no money, oh, all the coffee is gone, have to cut back on that, maybe eat less too.Pretty painful to live like that.Feel like I should not eat much now or drink coffee.I get a few dollars from a side business I do, not a lot, but I could buy coffee and a loaf of bread and cheese.I'm doing everything to try and get close to her, spark what we had again.I'm being super calm, keeping to myself. Doing things around the house.It's not working.She's still playing pretend we're over games. Avoiding me. Wants nothing of me. Does not support me in my battle to get a job that I'm working on every day like mad.I'm depressed, keep getting pushed away despite my huge amount of experience and qualifications.Emails saying nah, we don't want you daily.Killing me. Applied for over 70 jobs, 7 days a week.Had interviews even and nothing.No support, just complaints about no money and that's all my fault.No idea what to do. I get told I'm doing everything I can, but it fails daily.I'm at the end. I'm worth more dead and she'd be debt-free and happy.I'm just done with the pressure on me, the hate, no support.Love any tips that I may have missed very much.Thanks,"
169,Hi my name is Michelle and I have had Anxiety my whole life. Usually I have been able to control it but lately it is getting worse I have seen a doctor and been given more medication it helps but I don’t want to take my medication every day. They last 3 days I have been great but today I had to take a half again. My face starts to tingle I start shaking loose my appetite and I have no idea why it is starting again
170,"Hi, my name is lily. I have no idea what else to do. My partner is amazing but can't help me in the way I need, and I don't have enough money for a therapist. My anxiety is severe, and it gets to the point where I have so much going on in my head that I break down and have an episode. My anxiety is always pretty bad but recently, due to me going back to work and my partner going back to uni after having a break, it's really peaked. Recently I've had on and off thoughts of not wanting to be here because I can't seem to get my head to be better. If that makes sense. There's always so much going on in my head and it is painful to live this way. I try very hard to keep afloat and do well in jobs/ study etc. But sometimes I feel none of it is for me. I have no idea what to do, I couldn't find any posts on here that could help me and so I thought writing my own might help. I don't know. If anyone can help me, please if it's not too much trouble could you. Thanks."
171,"Hi , I cant focus in group and have a lot over thinking . what would be the reason and solution ?"
172,Hi. I'm new here. I am extremely anxious when needing to leave the house due to a back injury. My back is healing but I get so anxious when I actually need to leave the house it's really stressful and affecting all aspects of my life. I have a supportive family and work but I am still struggling to want to leave the house. I feel safer at home. I'm trying to break the cycle.I wondered if anyone else has been through something similar and can share to 1. help me not feel alone and 2. what they did about it.
173,"I am international student to Tasmania in 2021 and have been working hard to get my permanent residency, which I’m nominated for and expect to receive in January 2026. I’m 30 now and working as an auditor, but I’m really unhappy in my job.I’ve been with my company for two years. The first year was okay because auditing was new to me, and I was learning. But in my second year, I have to manage my own clients, which involves calling them and handling their accounts. I really dislike making phone calls (which my senior, manager and partner prefers me to do), and I struggle to understand clients’ backgrounds, which makes completing audits harder because of the language, sometime they just speaking too much information and I dont get it. I also feel stressed managing first-year graduates who question me a lot, and it makes me feel disrespected and less confident. Honestly, I just want to get the job done, but I know I need to engage more with clients to do it well.On top of that, I’m studying for my CA qualification, which my company sponsors. I’ve completed four subjects, but I don’t understand much of what I’ve studied, and I’m not interested in it. I’ve been in accounting since I was 17, but now at 30, I realize it’s not what I enjoy. The problem is, I don’t know what I do enjoy or what else I could do. I feel like I should finish the CA since I’m so close—just one more year—but it’s making me more stressed and unhappy. I’m worried that at 30, I don’t have many chances to start over, and I don’t want to waste the effort I’ve put in.I also feel very alone here. I don’t have close friends in Tasmania to talk to about these deep thoughts, and I feel like no one really understands me. Once I have made some real friend, they left and moved to other state for some reason, which makes me feel even more hard to makes friend as they come and go. I’m torn between quitting my job to find something that makes me happier and sticking it out for the CA and my PR."
174,"Recently, I have left my old friend who would constantly hit me, try to twist my arm (which hurt a lot to the point I was crying) and constantly slapped labels on me and called me inappropriate slurs and they damaged my MacBook which was recently bought in December 2024. They've also been making me feel constantly degraded and upset because I felt compared to their other friends online. I felt like I can't entertain or make them feel happy. I've gifted them vinyls, gave them my food, and this is all I get in return. They keep giving me gifts and tell me to stay. I don't want to, and after a discussion with my media teacher, I finally let go and rejoiced with another friend of mine. She is so much nicer, and she doesn't hurt or call me slurs unlike them. I felt so uncomfortable and bored of listening to my friend talk about one thing. If I didn't agree, they'd call me slurs and hit me, or put paper inside my glasses to the point where I can't see anything for a moment, so I get extremely annoyed and I take off my glasses. To them, hurting me and damaging my new MacBook is extremely funny. To me, it isn't. I've had enough. Then I feel worthless compared to their online friends, as they show me how much they care about them. I care, and I feel worthless now. I don't want to care, and I've let go. Now they make me feel extremely guilty to the point where I want to cry so much because of this. I've told my mother and father this and all I get as a response is yelling. I just want to be understood and despite this, I don't know what to do. Today, I saw them crying in front of me, which made me feel insanely bad. But do I want to go back to this? I surely don't. My wrists and my body hurts so much from all this and they keep saying ""Oh you act like I abuse you everyday. Shut up already!"" in front of everyone to see inside school. I want this to stop and I feel so heartbroken and empty now. At least I have my old friend. What can I do?"
175,"Hi Everyone,I'm not quite sure how to put this in words so will just type and she what comes out.I feel so much anxiety about my teenager and the choices she will make in her life. I have to allow her to make some mistakes and learn and grow but the anxiety this gives me is quite literally strangling me.How do i stop over analysing everything a thousand times over in my brain.Its crippling me."
176,"Hello, I struggle with feeling very home sick when travelling even with my parents/family. I know it's best for my anxiety to push through and keep traveling or going holidays but it's so hard. What are some strategies to assist please? Thanks,"
177,"Good morning.I had severe depression resulting from bypass surgery in 2015.I spent some time in a i will call it a rehab ward for mental health conditions. I never fully recovered and am still on medication today.Recently work has had a change in management positions that are on the verge of bullying.In the first 18 months of this job management supported a 9 day fortnight for me which was great for my mental health and lifestyle. Recently there has been a change in management with staff here being promoted and have now taken away my rest day and try to force me to start early and work longer when it suites them.The way they talk I feel like I am not doing my job properly and being pushed into the now non social managements wants.I go home from work and drink and stress constant headaches I don't go anywhere even if invited.I don't do the things I used to I don't answer phone even if it's family at time my sleep is all over the place constantly down and stressed that i am being pushed out of my job.Where will I get another job at 62 years old.I have constant headaches and at times just start crying I am worried I will be back to the ward situation again the way I am going.Same thing family ask if I'm ok the answer is always, I am fine.Beyond blue were my saviour back then and I even did a Fund raiser for them which friends supported raising nearly 10k.I do not want to go back to that state where had failed attempt on my life.It was a very dark time and am falling back into it with self-isolation, no friends because I don't go anywhere sit at home in the dark usually with curtains drawn hoping no one turns up or rings.This comes from our new management that went from supporting the healthy living 9 day fortnight to now the same ones taking it away.They have no idea how that day would help me to build up for the next week.They know of my conditions and will not allow me to continue on a fair work agreement that was not long ago recommended we do.I have had days off where I just couldn't face to go out the door let alone into work."
178,"My husband was made redundant 2 weeks ago and finished up on Friday. For 2 weeks I’ve been suffering from anxiety worrying he wont get another job(he’s 62yo) and I’ve lost 5kgs. He was offered a casual position on Friday, 8hr days 5 days a week, which is great, but I can’t shake my anxiety. I think it’s because it’s casual and they can turn around anytime and say the jobs over and then we’re back to square one. I feel guilty for feeling this way. How do I get rid of the knot in my belly and the constant negative thoughts running through my head?"
179,"And it was entirely my own fault. I tried crossing two lanes of traffic on a street that I've done it a million times before. It was really busy and a guy opened up a gap for me. I was so focussed on missing an accident in those later lanes that i forgot for an instant to double check the closest ones which seemed completely clear. Noone was hurt, and there was only really minor damage to the cars. I just didn't see him. The insurance has accepted all claims but I'm still so wrecked with guilt over the situation. I'm so ashamed that I can't bring myself to tell anyone. I'm so scared to get back in the car because I'm paranoid that I'll miss something somehow. And I'm so scared that this is going to become one of those things that just stays with me for years and years to come. I have had major issues with guilt / shame anxiety in the past. It's partially the lack of personal concequence that's really messing with me. Everything ended so neatly and almost too well. I am thankful for this but at the same time I feel as though I should have been fined, punished somehow. On the one hand I feel as though I deserve to have this anxiety, but I don't know how to stop feeling this way, and I really don't think I can handle dwelling on this kind of shame again for as long as I did last time."
180,"I am suffering from a traumatic brain injury and came home from rehab to find the house next door being demolished and rebuilt. The people did not go through local council but rather the state government. No communication occurred followed by months of terrible noise, dust and no contact from the owners. The house got bigger, a fence was built and still no commmunication or manners. it has been really difficult having been treated with such disrespect. I want to make a fuss, shout....do something. It used to be. lovely neighbourhood but now the rich ar emvong in and building these huge monstrosities. If the hospitla had known what wa sin store I would never have been allowed home. I had to move my 94 year old mother out as she could not cope. It is a mess. I am depressed and angry and want to do something about this but dont know what I can do."
181,"Dear AllJust need a connection to feel the support.thanks for taking the time to read.After many years of marriage with an untreated bipolar and alcohol misuse partner , now I was living alone without much drama in my life. Kids grown up and felt alone.Was looking for a partner who can be supportive and companion.now I am going to start a new chapter.we have been talking on phone for 5 months and now decided to stay at each other’s houses for a month and see. I like him after dating apps for 6 years with no luck.no my alarm bells are ringing all the time and I am annoying him. I think I am not used to drama with a man for 10 years so brain is in state of freaking out mode. I like his calm mind , kind , good connection, attracted to him, we can talk for hours without getting bored. He is financially ok and emotionally ok. We both are looking towards a togetherness and lifelong relationship.I want it to work as I have seen the pool soo longI worry about small things and big things like his snoring making me sleepless, 8 years age gap between us so looking after his health but he is fine now, I am fun loving and he is not much but happy to try, stingy , he had grown up with narcissistic mum , he is not a giver to others but cared for his dying wife and buried her, no friends or family for him, 57 years old and I am 49 years. He can’t help but talk about his late wife which I don’t mind but triggered me yesterday. We had a good chat. Overall ok but I don’t why I am nervous about getting into something. I know I can get a bit sharp if stressed . I totally want to as I didn’t enjoy living alone as I like to talk a lot. Otherwise I have friends family and full life. I think I worry about stirring my peace with a man who can be adding to minor annoyances and some times too stingy and taking more which might put me off etc. I understand 2 people living together has its plus and minus. There is lot of positives but I am put off by his tight fist but I am myself guilty of that so trying to be generous. Prayers, walks and journal is what I am doing. Maybe therapy is way forward. Feeling of it’s all coming soon and the past traumatic experience 10 years back is clouding me. Thanks for listening guys. Sorry to be a moaner but I felt soo good last time when I shared my thoughts and to read such lovely messages which was such a boost"
182,"Hey, so I haven't been myself for nearly a week now and it's getting to me. I was diagnosed with anxiety and depression (even though I don't necessarily feel depressed) a few days ago and I just feel overwhelmed. I want to feel better and I'm just afraid of going to work for some reason even though I know I'll be fine, just wanting to stay home because I feel more comfortable there. Just not been a good week and I just want to feel better, I miss my old town so much but I can't go back, I hope tomorrow is better I really do"
183,"Hi there, just reaching out to anyone who might be going through or has gone through a really persistent rough patch where your anxiety feels uncontrollable again. My anxiety fluctuates every few years, however I haven't had as tough of a time combatting it as I have this past year. Pretty much this time last year my anxiety hit a peak where everything became hard again (socialising, work, uni, house things, life organisation etc.), and I still haven't been able to conquer this, 1 year later. I've changed psychiatrists in hopes to get better care, however the med changes have not helped at all. I think I've gone through about 7 med changes in the span of 6 months, and I'm starting to feel like my anxiety has become treatment resistent. I'm incredibly agoraphobic, I struggle to go out by myself (without my partner) to do things that I need, like fill prescriptions or get haircuts etc. I rarely hang out with people outside of work or uni, and it has become harder to socialise this past month as my ARFID has peaked as well, so anything involving food I'll bail out of. I guess I'm just feeling really stuck in my anxiety, because it has come this time around with a bunch of new symtpoms and ways of interfering with my life that it hasnt done before. I'm struggling to see a light at the end of the tunnel, and I'm severly burnt out from worrying and being worked up all the time."
184,"Hi all, I thought I'd post something here as my anxiety is pretty bad at the moment. I live in Australia but am visiting my home country from tomorrow onwards for a bit less than a week to see family and friends. Leading up to these visits my social anxiety always gets really bad, as it feels like everyone wants time with me, has expectations of me and wants to schedule something, whereas I also have to balance that with my own needs of seeing them as well as having worry time to recharge in between, and having a partner who finds social interactions very draining. My calendar is now basically fully booked for the next few days and I keep ruminating that people will be disappointed with the time they get with us, or that my partner will feel overwhelmed with it all. I don't even know where I sit in all this as I've always gone with the flow and am still learning to hear my own voice. Any tips for how to calm down and navigate this situation would be welcome."
185,"Recently my anxiety has 'flared'. As soon as I wake of a morning I feel sick and dry reach. At times, during overthinking mostly, I have a pain on the right side of my chest. I am currently doing acupuncture weekly for relaxation and processing trauma, I try to walk daily, I eat fairly well. What are some strategies I can do whilst caring for my children, being in a crowd etc to help with immediate relief from overthinking and what perhaps is more of a panick attack."
186,Has anyone has success with HBOT Therapy for Peripheral Neuropathy?
187,"Hi all, I’ve had emetophobia since I was 8 (I’m in my 50s) and it morphed into anxiety and OCD. I am petrified of me *v and others. I have tried what feels like most therapy but will try parts work and potentially virtual exposure therapy. If these don’t cause a shift then I’ll just have to accept it as continuing to be part of life. I have a long-term partner, it’s hard on us both me having this. Has anyone tried parts work or virtual exposure therapy for this? I’m really struggling and feel like a burden. Thank you"
188,I'm 4 months in to my apprenticeship and em struggling all day just to get to the end I'm struggling with tasks that I have done for years with no issues I em constantly worried that I'm going to forget something blow a engine up leave a sump plug loose and end up loosing my job the workplace is great the other people working here are great I'm doing great at Tafe the employer is happy with me but I'm not coping with the fear of constant failure it took years to get this job I probs won't have another chance if it doesn't work out I was told for years I'd never get one or that I would not make it and it is constantly in the back of my mind that I'm not good enough and I'm going to be sacked
189,I am currently an international student. I already feel desperate for my future and I don't know how to deal with my life.
190,"Just need help processing things, been diagnosed with complex PTSD and am on work cover and been assessed having a 24% impairment.Had been seeing a psychologist who was helping, but now workcover have become slack as I have been on workcover for two years.The worst part is what I nicknamed: ‘uncertainty Anxiety’.You have this so called thing they label anxiety, but you don’t know why or what your anxious of or what your cause of anxiety is.Everything is a wave of craziness mixed with nightmares, lack of sleep etc etc etc."
191,I’ve recently sold my mortgage free home that I’ve lived in for 30 years to move to the city. My adult daughter lives with me and suffers from social anxiety. She has no friends or social network where we live so this is one of the major reasons for our move. We live in a country region and there is really no support here once you are over 18. Now I’m going to have a mortgage and a new job. I’m worried once repayments etc are made I’m not actually going to have much money left to be able to enjoy living in the city anyway. I’m having panic attack after panic attack. It’s debilitating. I’ve got so much to do still as far as packing and organising everything to do with the move whilst dealing with brokers and real estate agents. I’m second guessing all of my decisions and really just want to curl up into a ball and stop it all from happening. Normally when I’m feeling like this I can avoid or change the thing that is making me anxious but in this instance it’s too late to do that which means I have to actually face it which petrifies me. I’m not sure how I’m going to get through this. It’s really hard to explain to people if they’ve never suffered with debilitating anxiety. My head is just full of negative talk. I’ve be been to the GP but there’s really only so much they can do.
192,"I have always suffered from anxiety but the last week has gotten bad, with panic attacks serve enough to goto ED multiple times. I have been put on antidepressants for anxiety which I find only works for 1-2 hours. Does anyone have any tips for when my chest and mind is going crazy?"
193,I suffer from anxiety in general but have found it’s been triggered a lot this year. Over the past year I’ve had some hard-hitting awkward moments that I keep replaying in my head every night. This has caused me to have on and off insomnia for over 6 months and made me dread going to bed. The first incident was a manager falsely accusing me of a GDPR breach on my final day of work (I’d handed my notice in 6 weeks prior) then sending me home on the spot with no formal meetings or warnings - this was 3 days before I left the country to move overseas so it really left a bad taste in my mouth about returning to my home country. I had worked so hard on that job but only ever received toxicity and small passive aggressive blows from upper management. I followed up on the incident afterwards and it was cleared that it wasn’t actually a GDPR breach but I was never given an apology and no formal follow up was done by HR. In fact HR just palmed off the incident back to the same managers that I had the problem with.After this when I moved away I caught up with a new friend and we had a disagreement over my partner - she didn’t agree with me having a partner who drinks every weekend and yelled at me over the phone telling me to never contact her again. A total change of personality from the person I thought she was. I have no desire to rekindle the friendship as the way she spoke to me was really rude and my partners lifestyle has nothing to do with her but I keep replaying her shouting at me in my head. A more recent incident happened tonight where I told the agency I work for I can’t do a shift I’ve signed up to next week (gave her 8 days notice) and she’s basically bullied me into doing the shift knowing that it means I’ll have to pay $50 for a taxi home because it’s in the middle of nowhere. I feel like my confidence just keeps getting ripped apart and I’d like to know how to disconnect from these type of incidents as I know on the grand scheme of things they are meaningless and inevitable. Any advice would be great!
194,"I wanted to share my experience, because I am struggling with anxiety. It keeps me up at night and I am unable to sleep. I am worried about my new job, and even though I have many years experience I still lay awake at night thinking about all the things that could go wrong and then this will make me look like an imposter, fraud and incompetent. Logically I know this isn't the case, but the anxiety has a strong grip on me that I end up avoiding the situation. Deep down I know this makes things work, it's like I am stuck in a cycle that I can't seem to break out of. It makes me feel guilty and depressed."
195,"Hello everyone, I have had anxiety for the past 15 years and I managed it as best as I could. I was diagnosed with GAD and PTSD and I am only 38 years old, but the GAD has been around forever. My main problem is physical symptoms of anxiety. I have acid reflux, sometimes I vomit acid. Blood work came back with fatty liver, high cholesterol. I've also had high heart rate and high BP. I 'self medicated' with non-alcoholic beer (around 100 beers a month), high fatty foods and lots of sugar. I have this embedded fear of dying young, but in the same time I do next to nothing to improve my wellbeing. What concerns me the most is that from time to time (recently they have begun to appear more frequently), I get these vomiting and coughing spouts. I usually vomit acid, which may be from the stomach. Today I vomited twice. I am afraid of revisiting the doctor and I don't quite know where it is coming from. Can someone please share their diet and acid reflux+anxiety stories? Any useful information will help so that I may start doing something to improve myself. My only vices are my bad diet, non-alcoholic beer and I play video games a lot. As I type now I have this fear that an anxiety attack might resurface and I will be awake at night or have interrupted sleep. Thank you!Jordan"
196,"I think I’ve always been a paranoid person. From as far back as I can remember I’ve had a variety of fears, ranging from things like the dark to nightmares I had that scared me for days, but instead of fading with time like it typically did with other kids, I feel feel like my paranoia has gotten exponentially worse over the years.I think it all started to go downhill back in 2015, I remember being home alone with a family friend as my parents were out at a parent teacher interview with my brother. I was watching a YouTube video ranking the worst boyfriends and girlfriends, and I remember the announcer saying “theres very few things that will get you into Hell.” I don’t know why, but for some reason, after he said that I felt the urge to look up what will get you into Hell, and I found a list on some religious website that said things like saying the lords name in vain which, as a recent teenager, I did quite a bit. Over the next few weeks I kept feeling the need to apologise to God for every little thing I did wrong, from swearing to getting angry, to the thoughts in my head, pretty soon I kept having intrusive thoughts, saying that I hated God, that I wanted family member to rot in Hell, that I wanted people and animals to die. I didn’t mean any of it, but I kept apologising in my mind because I thought that if I didn’t something bad would happen, or God would think that I really meant it.Then, in 2016, I started worrying about conspiracy theories. At first it was creationism, and then this theory that dinosaurs never existed. This one got to me because I love dinosaurs. I could’ve just ignored it and went about my day, but I didn’t. I obsessed over everything these people would say, I found myself to listen to every single last one of their arguments, thinking I would be a closed minded idiot if I didn’t, thinking that every time they would come at me with irrefutable proof of their theories, but they never did.But then, at the end of 2019 and well into 2020, I forced myself to get into politics. I had dabbled in things during the “SJW” era, but this time was different. Over the last five years I’ve subjected myself to some of the most horrible ******** I’ve ever heard, first it was about women, then people of colour, then LGBT people, then liberals and conservatives in general. I think what really got to me about these debates is that they actually used scientific sources, but because I wasn’t well versed in politics or psychology, I felt like I had to believe them because I couldn’t rebut much of what they said. Even then, there were also a variety of contradictory sources, so most of the time I didn’t know what to believe.I just don’t know what to do anymore. I can’t keep on living like this, but I force myself to. I’ve never been in a relationship, I’ve struggled through much of school, struggled through uni, struggled through finding a job, I’m not anywhere near where I wanted to be in life by now, and I think it’s at least partially due to these useless worries. I feel guilty on the occasion that I choose not to engage in politics or conspiracies after having seen a certain article or book or whatever, and part of me is telling myself that I’m a coward who doesn’t want to face the real world by coming here, but a bigger part of me is just sad, sad that I’ve wasted so much of my life, sad that I spend hours worrying about things that probably don’t matter, sad that I barely get joy out of things I used to love, sad that I hardly have the energy to do anything.I just really want some help, some advice, anything to stop me feeling the way that I do."
197,it’s difficult when what makes you stressed and anxious seems to be the opposite to what causes this for your partner if you can’t do the conversation it seems as though your not interested or you dont care
198,"i have suffered from anxiety for years mind always spinning , triggers waiting in queues , standing still talking to other people , sitting on toilet ... sitting , driving both ok tried 2x psychologists in last 12 months a little help but no cure read numerous books recommended but to no avail would like to find a small group in my area where people can meet once in a while and maybe assist each other , this is really taking its toll on me"
199,"and I don't know why.I went from making 6 figures pre covid to working during covid, burnt out very badly, quit in a wave of utter panicked terrible decision making (I thought it was logical and ok at the time) reset, reboot, get back in the field, get another job... not as much but this was the plan. Bam, I leave because ""the boss asked too many questions"". I got fired from two more jobs for being weird, sending weird emails, suspecting weird things. I know the job, I did it for a long time pre covid. I cannot take any interaction without thinking its against me, even the 'possibility' and anticipation of someones interaction with me being negative creates the most insane brain breaking flight response I have taken to driving down the highway erratically making loud money guttural hoots of utter anguish..... The worst part though, is when my wife finds out I left ANOTHER job, and my only reaction can possibly be flee in shrieking terror and fantasize about going bush in a daze for 12 hours, snap back to reality, go back and look at her face when she sees if ill actually return this time, have a talk and go on with our lives knowing we will be back here in 8 months, or 2 weeks etc etc...."
200,I need a little help. On a generalised anxiety test perscribed by my docter i ticked almost every box but one does that mean i have generalised anxiety or not? idk. I definitly think i do as i have often panic attacks and worry about literally everything but i just want to confirm.
201,"Hey everyone, For context, I am a Uni student who relies on her parents financially. Almost 2 years ago my parents brought a house and thus we have a mortgage. My father works in a sector that is very competitive nowadays and hasn’t been able to get work since September. Obviously this is affecting both my parents mental health due to stress. my issue is that I am also struggling significantly. I have always had anxiety and depression but since August last year I have not articulated this to anyone. in August my little sister had a bad self harm episode which really affected me but since my parents where focusing on her I didn’t tell them so they wouldn’t need to worry. Now with my dad unemployed I am doing the same thing they think I’m fine but I’m not. i am also the de facto therapist letting my parents both talk about their worries with me but I really just want someone to comfort me and tell me I will be ok. I am exhausted taking on everyone else’s mental load. due to the dynamics of my family I simply can’t reveal how much I am struggling so I was wondering what people would suggest I do/ has anyone been in this situation I can’t afford a therapist at the moment so that’s off the cards. I love my studies at uni and am heavily involved in campus life and my worst fear is I will need to start working and study online as my parents won’t be able to support me anymore, this would destroy me as Uni is my relief from all this and is a fear that keeps running through my head."
202,Hi everyone I wanted to introduce myself. I have lived with anxiety for a really long time and I have been going really well until today and it has hit me with a vengeance surrounding going back to work after a week off. I have the flight mode kick in where I just want to quit and hide but the realisation that I can’t do that makes me feel worse. I have never been on a forum before and am looking forward to connecting.
203,"Greetings All, I was diagnosed with Lupus in November 2024 after having symptoms since 2018. I took trips to the ER by ambulance usually once a quarter when I would have 'flare ups' but was always discharged to my GP with ""ya look fit"" and ""it's anxiety"". I visited every '__ologist' you can think of before an endocrinologist caught some ana and anca's on a blood test. Now 7 years on my symptoms come and go. Sometimes once a month, sometimes twice. I have been to the ED twice in 2 weeks, because my heart rate goes up and down like crazy, and when I stand up my blood pressure goes thru the roof. I hit bp 164/127 in the ED yesterday when standing, but my ECG was ok, so they just discharged me (after performing all test in the ED waiting room. I even had an IV and blood test from the waiting room despite arriving by ambulance. The nurse did postural blood pressure test from the waiting room chairs. It felt off going to the hospital by ambulance, only to be treated in the waiting room. My main ? Does anyone else with Lupus feel like the hospital could care less? I was so happy and relieved when I finally figured out what was wrong, but now it's like I'm back at the start again. Any responses would be appreciated. J"
204,Hi my names angel I have alot of anxiety and the reason I'm bringing this up because it has affected my life mentally and physically I have asked for help I have talked to teachers in my school we have a well being and j have a well being pass but most of my teachers tell me to stay in the classroom what do I do
205,"So i’ve come to the realisation that i could have undiagnosed adult adhd.Why? well, i have been struggling with attention at work for a long time, was quite the hyperactive kid, i have over a dozen projects at home that i get 80% complete then give up, my office is a cluttered mess, my shed is even worse. Racing thoughts most of the day, anxiety, depression. Loads of hobbies that get started, and never finished. After being told by family that i’m chaotic and most likely have adhd, i started taking steps to help correct it. I went to a doctor to get a referral, but the doctor didn't take me seriously and said i just lack discipline…i have questioned the credibility of the doctor, because of comments on another subject, but i digress. Its going to be a costly process. What advice can anyone give to someone starting the journey?i don't want this to be another thing on the list of unfinished things. thanks Not_Batman"
206,"Hello, I am currently studying Master of Social Work. I am in my first semester and I have a role play assessment in the following week. I am very scared and anxious because it is a very nerve wracking experience. I will have to participate in the role play where I would be the social worker and I have to engage with a professional actor. There would be 2 examiners assessing me and I have to perform in front of the whole class. I am afraid what if I get stuck or blank in between, I do not know what to ask next and I start asking irrelevant questions due to nervousness or if I get fumbled. I really want to practice with someone before my assignment."
207,"Hi i am a 82y old Vietnam Vet with PTSD and other disabilities which necissitate wheelchair use. . Currently, i am visiting Alice Springs for two weeks and i know i am not in a position to defend either my wife or myself should the need arise. This brings on a feeling of panic when moving about town which in turn creates abdominal reactions sometimes resulting in spontaneous diarrhea. This terribly embarrassing. I am currenly taking medication for my PTSD. I know i should be able to control the situation, however i am now reluctant to go out. It also concerns my wife as she is my carer. I'm not sure if this is the right forum to talk about this, its creating concerns for me. Thank you"
208,"hi, im 19 years old with social anxiety disorder. I struggle to communicate and make friends, especially since moving to Australia for college. My classmates comes from all different ages and countries make conversations challenging, and I find it hard to maintain small talk, while other people can talk to each other quite well. My only close friend during my 2 years in Australia is my classmate, my age, and it's easier to talk with her. But over time, I feel like we are becoming disconnected and not as close anymore, because she's making more friends in class and i felt being left out because i cannot make any friends even tho i tried. Imagine its been 2 years with the same classmates and i didn't talk to anyone but her. I'm feeling overwhelmed and whenever i go to class i just want to run home because i was about to cry... it feels like I'm so weird or I'm invisible... (Sorry my English is not that good)."
209,"I have been dealing with anxiety and panic disorder for 30+ years. CBT has helped me to navigate my way. Yet, last September, I lost my beautiful Mother. She was my lighthouse. The one who would steer me away from the rocky shores. Without her guidance, I am flailing, my grief a riptide. Can any fellow seafarers out there send me a beacon….?"
210,Hi all I have crippling anxiety and depression and I cant control it. Is there anyone who can help me with some strategys to help me?
211,"Good morning, I’m a 59 year old male in the FIFO mining industry, last swing I was ridiculed and bullied for asking for a simple safety item. I’ve had a week off on planned holidays but am about to return to work this morning. I’m starting to feel anxious and hesitant about going, I feel that I need to return to work but the closer it gets the more anxious I’m feeling?"
212,"Lately, my Cavoodle Soju has been showing signs of anxiety, especially after we moved to a new house. He gets restless and clingy, and I can tell he’s not fully comfortable yet. Then I tried giving him an anxiety supplement, and making sure we go on regular walks to help release his stress. Some days are better than others, but I’m learning that even small routines really help him feel safer."
213,"Hi all, I’m new here. I really feel like I need support. I started a new job 5 months ago working in a role I have no experience in with just one other in the organisation (CEO) I am struggling with intense feelings of worthlessness, inability, and self-doubt ever since I started. My boss doesn’t explain things to me, passively-aggressively makes me feel like he is spending too much time on explaining things to me, and expects me to know what I am doing. I can’t resign without finding another job (have been looking and applying desperately but nothing has eventuated) I just feel so alone, sick in my stomach most of the time, heart palpitations and headaches. I don’t know for how muck longer I can feel this way as 5 months is a long time. To top it off, I have an impending business trip next week with him and I feel so uncomfortable, I just don’t want to go. Please help. What do people do when they are stuck in a toxic job without any other options? I need a job to pay the mortgage and put food on the table"
214,"Everything around me is going silent, my breath is quicker, my heart is beating fast I can feel the tears coming on, I can’t focus,I can’t distract myself, what is wrong with me"
215,"I am quite anxious about selling my car that I have owned for 19 years. I have no choice but to sell the car for scrap metal as the cost of repairing the car is too high for me to maintain any longer. I am planning on using my brother’s car and he has agreed to me using his car. When I am driving his car, it feels strange being in a different car than the vehicle I was used to. Just wondering if anyone has had similar feelings or am I just overreacting?"
216,Hi So a few days ago me and my partner got a new puppy and since the moment we took our puppy home iv been having waves of have we made the right decision. I'm dealing with some health problems of my own as well as really bad anxiety which sometimes I spend all day in bed and do want to do anything. The first night we had our puppy it was hard but she slept through the night. The next day I thought she was sick because she wasn't eating or drinking and then my anxiety kicked in worrying that I'd taken a sick puppy home. So I texted the breeder saying I'd changed my mind and could she take the puppy back and she said yes. Then I went and took the puppy to visit my family and they got the puppy to eat and turned out i over reacted she was fine. So i told the breeder we were keeping the puppy. I wasn't ok i was in a huge anxiety mess. But my family convinced me that I should keep her. We have a 7 year old dog who resource guards and my partner gets anxiety about a fight happening because something happened a few years ago with a dog we had but paced away. Anyway after I came home from seeing my parents I felt so much better about having a puppy. But that night I ended up not feeling well and the next day all I wanted to do was stay in bed. I managed to get up to feed the puppy and take both dogs to the toilet but then I went back to bed. And I feel like a terrible dog owner because I haven't trained the puppy at all. Because that feels to difficult. Im not even feeding my self during the day because it feels to hard. The puppy sleeps in a travel fabric crate in between me and my partner. The puppy has a grate in our spare bathroom that has a baby gate on but anytime the puppy isn't with us she will cry and whine and she won't stop no matter if you give her time or if you tell her no even if she can see you she just wants to be constantly on you like Velcro. Anyway since we have had this puppy which has only been a few days and the puppy is 8 weeks 9 this week I haven't started training her I know I should but its the last thing I want to do. And getting a dog trainer isn't an option. And I can't take the puppy to puppy classes because of my anxiety. My partner works long hours and does day and night shift so he can't help much. My family have there own stuff going and and can't help. And I haven't told my partners family about this puppy but they wouldn't be able to help. Then yesterday I changed my mind again after I'd already changed it twice the first full day we had her. And now iv told the breeder can they find her a new home. I feel bad because all day she's in her crate next to me other then when I take her to the toilet and feed her. Then when my partner gets home he takes her out and she runs around. In the mornings when I take her to the toilet and after I feed her she does run around with my other dog playing till i go back to bed. I can't let her run around the house when i'm in bed because as I said before my older dog resource guards toys and food. So even if the puppy has its own toy my other dog will take it off the puppy and if the puppy tries to get it back my older dog will growl and snarl and show teeth. Please no one say that I should of worked on this before I got another dog because I know that it's an issue but my older dog has done it since they were a puppy. They are food obsessed and ball obsessed. Iv tried to train them to not resource guard but I didn't have any luck. My main feeling is am I making the right decision but letting our puppy go to another home? Am I a terrible dog owner because i'm struggling to train her and get up each day? Our puppy is a lovely dog but very clingy and is very dependent unlike our other dog who likes attention but is also happy to just be on there own. Every time I look at our puppy's face I feel sadness and regret about getting them and also saying can the breeder take the puppy back. But when the puppy and my older dog play its so sweet and I love to see it and my puppy is come up to me for pats and is sleeping on me and I just don't want to really regret anything but I just feel like i'm going to give it a terrible life if I keep the puppy. I don't know how long this feeling is going to last of me wanting to stay in bed everyday. I can't keep changing my mind.
217,"I am really struggling with anxiety, particularly around work. I am on a mental health plan and I have cut down my workload. One of the hardest things is the ‘Sunday Scaries’. Dreading going to work on Monday and the worry of what will happen. Have any of you suffered with this and have any strategies that work for you?"
218,"I've struggled with anxiety around speaking in front of others for most of my life. Recently, this anxiety has been getting worse, especially at work. I often hold back from speaking up or sharing my thoughts and questions, even when I know it's important. This has started to affect how I feel about my job—I find myself feeling frustrated, disconnected, and constantly doubting myself.While English not being my first language might contribute to this, I know the issue runs deeper. I’ve always had a fear of public speaking and expressing myself in group settings. Now, I’m feeling stuck and unsure how to overcome this fear and build more confidence in communicating with others."
219,"So, has anyone else got severe arachnophobia that it causes nighttime anxiety? i used to have really really severe arachnophobia when I was a child. And it stemmed from traumatic instances regarding spiders. Like one time I was going to the tip and we were emptying out our trailer, and I picked up a box and on this box was a redback (very similar to the American black widow) and I was terrified for weeks afterwards. and then there were other instances where I would wake up and there would be massive spiders on my walls, and they kind of scarred me for life just a note for context I live in Australia, one of the most heavily spider populated countries and most of our spiders are deadly or dangerous. we do have some cute ones like the jumping spider but most of them are not very friendly, again on that same note, they normally will not attack unless scared or provoked, you could be standing right next to a funnel web (it can kill you in 15 minutes) and it won’t bite you. but anyway it’s gotten really really bad over the last couple of weeks. I’ve gone back to checking my bedsheets and my shoes and doublecheck and triple checking. Even waking up in the middle of the night thinking that I’m being bitten by spidersI’m just checking to see if anyone else is in the same boat?"
220,"Hi, I've always had anxiety but in the last 2 years have also developed health anxiety and am constantly worried I have something wrong. Today though has been exceptionally horrible with concern that my teeth will fall out. Now i do need some fillings and some redness in my gums due to illness during pregnancy but if i try to wobble my teeth with my finger, I can't see any movement in my teeth. However, anytime I move my mouth it feels like the tooth is about to fall out. I think the sensation when I move my mouth is more anxiety than an actual movement of a loose tooth. I've been trying really hard all day to stop focusing on it but I can't. I have a dentist appointment next week but until then how does anyone recommend moving past this worry? I don't even want to eat or drink due to this worry."
221,hey this is my first time using beyond blue and tbh i didn't even realise they had a full forum community and well i guess i ended up posting on here. so i've decided i don't care anymore about school. if i come through the office tmr and i get axed well that's done. i got a psychologist way recently thinking she might help me more but she's on leave. so excuse or letter for that is gone and i can't be bothered to communicate to her. it's quite too late for that now. so i'm just gonna go and see how it goes.
222,"Hi everyone, my health anxiety issues started a couple of months ago. Not sure what triggered it, I’ve always been an anxious person but this is a whole new level. Suddenly, whenever something was slightly off or I felt little things here and there with my body… I’d freak out. Previously, it was never anything too serious so eventually it would blow over. In the moment I’d freak and then be fine. But I went to the doctor recently as I’ve been experiencing stomach issues and the doctor said it could be something more… I’ve been absolutely freaked since!!! This is the worse case so far, I feel like it’s actively causing my stomach issues to worsen and I’m so scared I’m going to destroy my body from the nerves. I am so scared, I don’t want this to affect my work! I also don’t want to seek help from family as they are the cause of my anxiety issues. I’m all alone and I’m so scared… I wish I had someone to tell me it’s going to be okay. I wish I could manage these emotions better! Any advice and help would be appreciated… this health anxiety has got me so exhausted and scared."
223,I have been suffering from Anxiety for a very long time and there are days where I feel down and stressed
224,"i have severe anxiety so much so that it is affecting my ability to walk,when i have to hurry my legs go to pieces"
225,"life been getting me down lately, I was going very good with my Anxiety with exercising and kick boxing finely losing weight after putting in on from the Anxiety Meds and getting my anxiety under control for the first time in years and then I got told I can get an eye operation to replace my lens for early cataract instead of waiting 5 to 10 years before it gets worst, so I don't need glasses no more for distance. which at the time I was told I be all good after 10 days, after the operation was told I need 4 weeks with no lifting, and it can take up to a year for my brain to get use to my new lens gone from seeing everything with glasses now i need to put glassed on every time I need to read someone everything just out of place and the halos at night I'm only 43 and don't want to life with this for the rest of my life , it's been a very long 5 weeks so far and I'm slowly going down the rabbit hole which I have been always able to get myself out of but this time it's so hard, I made the worst decision of my life. I just can't thinking about trying to chance the pass to go back to normal. it just over and over in my head. I hate chance so I don't why I made this decision I always do this because I'm so worried about people judging me about my glasses and always hated them since I started to wear them 10 years ago."
226,"I’m feeling lonely, bored and retired and also finding it very hard to make ends meet and i am having panic attacks, not sleeping well at all, full of anxiety and i am having thoughts of wanting to go away from this world. Any advice?"
227,"I've been having severe anxiety after my breakup. No matter how hard I try to make myself understand that the right person will never give up on me, I feel that I've lost my only chance at love and the thought of her not being part of my future or loving me makes me anxious to a point I feel so stressed. I'm trying my best to move forward with most of the day. There are still days where something reminds me of her and it makes me pause."
228,"Hi everyone I need some advice. For 3 years I have been suffering with anxiety cause by my neighbours kids. Abit of a back story - They are living in a rental house. The kids yell and scream shrieking all day they are in the backyard unsupervised most of the time. They come onto our property they throw rocks at our house and our dog. They swear at us over the fence if we are in our backyard. They have recently come into our carport and smeared mud all over our glass doors when we weren't home. I have contacted the real estate multiple times about this issue and they have said they are doing what they can. We have never done anything to these kids apart from asking them to be quiet and stay off our property. For me everything is good when there is no noise but as soon as i hear one of them talking or playing now it makes me feel sick wondering if anything is going to happen . I find myself going to the windows and watching them to make sure they are not doing anything or on our property. It has gotten to the stage that even just hearing them makes me jump like a bang has gone off and i even think I can hear them when they aren't actually making any noise at all. I think i can hear them even when its the middle of the night. Every single day I am always on edge and anxious to the point where i feel physically ill, worried, heart racing, headaches. I have mentioned it to my husband who is away a lot for work and doesn't see/hear it a lot so he doesn't think it is that bad. I am at my wits end with this and don't know what to do any advice would be greatfully appreciated. This is the only issue that makes me feel this way i have no other problems with any other things like this in my life."
229,"Having lived with this mental illness from age of 12yo. Now at 45yo with professional help and medication, living much better live (Intrusive thoughts) Religion Disease's & Illnesses Violence Inappropriate Sexual"
230,"Hi everyone! I am fairly new to the Beyond Blue forums. Recently, like in the last few weeks I have been experiencing intrusive and harmful thoughts, which often centre on me losing control and harming someone, losing my loved ones because of a car crash etc, or believing in superstitions. These intrusive thoughts have become so obsessive that they've caused me a lot of anxiety and created fears that I would physically commit these actions. I have practiced meditations and exercises which have calmed me down for a short period before these thoughts appear back again. Anyone advice would definitely help!"
231,"Not sure where to start but here goes. Retired 6 years ago, I'm married to a wonderful man who gets me and understands when I'm feeling unwell. I'm extremely lonely, my energy levels are low and spend most days at home. I'm currently seeing medical professionals for other unrelated medical issues to my Anxiety. I often feel isolated, lonely and vulnerable. In 2019/2020 I was attending weekly appointments with a mental health professional due to a workplace incident which is why I Retired. People say I'm a good person with a kind nature, caring, thoughtful and supportive."
232,"I’m in my mid 20’s and I only just started having hurtful intrusive thoughts towards my partner (the only person I love and care about). I’ve been dealing with anxiety my whole life though it was manageable but just a few weeks ago these intrusive thoughts involving knifes or sharp objects started coming and it pisses me off and makes me feel guilty and anxious that I’m a bad person because it’s something I go against completely. They’re triggered all day everyday mainly when I hear sirens, see a movie, violent documentary, or even seeing my partner. Can anyone tell me why this is happening."
233,"We have to move out of our current rental to a much smaller house but myself and my brother are always in arguments with them over little things,my mum is always telling us that we have to find our own place nearly daily,I'm 21 currently unemployed,have no licence,no money or anyone to help me out.im always anxious & depressed which has started to cause chest pains & thoughts of committing,I really don't want to become homeless the only way out I see is death which I think about all the time for years"
234,"I have had chronic anxiety since 2016, but I have always managed to keep it at bay with medication/exercise. in August 2023 things started changing. Anxiety was consistent. I do have a lot of life stressors inc family, work, moving. Periods slightly started changing but nothing too serious. I had been to the dr and he told me it could be perimenopause. I dismissed it thinking I was too young. I did eventually start medication for 4 weeks and it made everything worse. So I stopped and went to another Dr. August I changed my medication as it wasn’t getting any better. Slowly started feeling better. However September came and things started going south again. Periods have started changing shorter, sharper, pain in my right hip, and every 2/3 weeks chronic anxiety attack that can last up to 1 week. Waking up in panic almost each morning. I have to take medication when needed to stop the panic. Does anyone have anything similar? It’s getting really tough and not feeling like living anymore. My 3 kids are the only think keeping me going."
235,"Hi all, I am trying to get this down although even moving fingers on the key board feels like an effort. I am just constantly so tired. More than tired. I am physically and mentally exhausted. I have been suffering stress and anxiety for most of this year and since a couple of months I feel I have just reached my limit. I wake up, I am so tired it is hard to get up from the bed. I eat breakfast and go out for a walk and do not feel any better. I try to work and cannot concentrate, feel like falling a sleep. I would like to exercise but even the thought of it makes me tired. I try to stay active and eat healthy but it is not helping. I try to sleep but keep waking up in the middle of the night, have difficulties falling a sleep. I have rapid heart rate and shallow breathing. I try to do mindfulness and calm myself down but it helps only sometimes, other times it just makes me more restless and irritated. I have been suffering from a pretty bad burnout + panic disorder. But have eased my work to 40% of the normal. I take free evenings/weekends. I try to be gentle and understanding for myself. But I am just so TIRED of being TIRED all the time. Anyone experiencing anything similar? What to do? I feel like every time the need for rest is more and it can be weeks that I struggle to get up from the bed and just survive. Sometimes feels like it would be easier to give up, but I want to get better. Just do not know how? Any help?"
236,"I am 62 and have recognized that my anxiety over these menopause years has escalated and I find myself only able to maintain certain friends mostly who I have known for a long time. I have recently had to retire and its now more than ever that I need to make new friends. I'm so caution not to invade their family time. I have no children or companion. I need ideas of how I can safely make new friends. Recently some of my older friends have moved away due to my inability to socialise normally. I need some tips, please."
237,"This is basically my dream job, but it requires to learn a new software and I am so afraid of not being able to learn it fast enough... I just want to relax and be positive but all I think of is this event is coming up and I can't relax the weeks I have off now before I start...I could use some encouragement or some words of advice to calm down maybe?"
238,I'm having trouble getting to sleep and also waking up in a fright feeling like I'm not breathing properly causing panic/anxiety. I've had medication from my doctor but I don't like taking them as I get constipated and also don't think it has helped the root cause...
239,People think washing is ocd. Pretty much destroyed my life.
240,"Struggling to understand my anxiety. Probably had mild social anxiety for 30 years but it mostly surrounds relationships (I have an anxious attachment style). Anxiety dramatically escalated after a horrible narcissistic marriage which ended 8 years ago. Since then had 2 fairly short relationships with a borderline personality disorder and a severe avoidant attachment style - not surprising neither of those worked out. Have been seeing someone for 6 months. Very calm, kind, gentle soul. We are both so happy with each other and want this to last long term.My anxiety has been triggered by little things not working out as planned.I overreact, even when I know - logically - that it's no big deal and these things happen. My mind and body spirals into panic and I find it hard to hide my reaction or override the physical reaction happening. It is causing problems in our relationship - my partner feels like I'm being selfish/misunderstanding/overreactive etc. (and rightly so). The honeymoon phase seems to be wearing off and I know I'm the cause of this demise.In turn, this is causing me greater anxiety, because I know my irrational reactions are causing a rift in our beautiful relationship. I don't know how to stop it and I'm panicking...I've been really open with my partner about it, and he's really understanding. But I want to get it under control as my anxiety around our relationship potentially failing is worse than ever."
241,"Hi there, I am a 27 year old male who just started an electrician apprenticeship in Brisbane. When I was hired I was told I would be on a 3 month probation period before I was fully accepted to do my apprenticeship. It takes about 4 years to complete and so far I have done 8 weeks now. I have been working hard and trying to be as helpful as I can to the tradesman I work under. Yesterday I stopped into my boss's office to ask him how I was doing and if I needed to improve anything. He told me I was incompetent and that this job is not for me. I felt hurt and disheartened. I dropped out of FIFO work to do a 10 week course in TAFE. I applied to so many apprentice jobs and none got back to me. I then got hired by a company that does electrician and aircon. I worked in the aircon side for about 3 months before chasing up the electrical boss and urging him to give me a chance which is how I've ended up here. I overhead workmates talking that they are firing people at the moment because work is quiet. I plan to work twice as hard for the remainder 3 weeks I have. But cannot help but feel hopeless and defeated. It is my dream career to become an electrician but hearing these words from my boss who is a master electrician has made me feel like it is not possible. What should I do? Thank you."
242,"Hi everyone, I hope you are having a peaceful day I noticed this anxiety section of the forum says we can also talk about OCD. I heard about intrusive, aggressive or taboo thoughts associated with OCD only maybe a year or two ago after reading about it on some article. I never knew it was something to do with OCD. I remember reading one person explain that they found a lot of peace when they accepted their thoughts were in fact intrusive and did not define them as a person or what they wanted in life. I wish this was talked about more. Does anyone experience these? I never thought there was a name for it. I would have the most random thought just present itself in my head. (It's not so bad now after learning it is part of OCD, I thought I was a horrible person. I couldn't understand why it was happening.) A thought that might be intrusive or taboo and something that I would never do. Sometimes my mind would say to me - 'what if you did this?' 'or what if you were this?' usually referring to negative connotations. It would make me feel horrific and within myself because I knew I am not someone who would do any of the things that were being asked of me. These thoughts were always against my very soul and being and nothing like who I am as a person. I felt so alone and didn't understand why my brain was doing this. It would upset me so much each time. But finding out other people experienced it too was so comforting. I've never talked to a therapist about it because I was so worried I would be labelled as insane or as someone who would commit crimes or be a danger in society. Thank you so much for reading and listening"
243,Anyone is having anxiety over their home with all possibilities that could go wrong?
244,"Back in November. I was compromised by a virus and had a social media account stolen since then I have felt like I’m being watched, even though I’ve taken every single step and measure to resecure everything but I’m so scared that this person will show up somewhere else, continue to have nightmares Just don’t know how to cope or deal with it every DM ping increase my heart rate…I keep trying to convince myself that I’m back in control but I just don’t know what to trust…i don’t know how to move past this without looking over my shoulder"
245,I know i have posted here before and people are probably sick of me but all the Political stuff is really getting me down. The world feels headed for war and hopeless. I worry about my 16 year old son. What kind of future will have? I feel useless to protect him from what is to come. I don't know what to do or how to cope with what is going on. Everyone says distract yourself but how do you do that when its everywhere and everyone feels down. I think back to my grandmother who in ww2 was in london with my 6 year old dad getting bombed every night and i think of her resilience and i wish i had just a tiny bit of that courage and resilience that she had.
246,"Because I have been tormented by my narcissistic mother for a long time, I have developed severe depression and anxiety. My psychologist has advised me to stay away from my mother. She has no income or job and has been living in our house. She has been controlling our lives, even demanding that we take her with us when my husband and I go on vacation with our children. She often threatens me, saying, ""If you don't make me happy, none of you will be happy!"" My husband and I can't take it anymore and want her to move out of our house, but she demands that we pay her rent because she raised me, and I owe her this in return! However, my husband and I have a mortgage to pay and two children to support, so we simply can't afford to pay her rent. I feel so helpless and have thought about suicide many times. Is there any way I can make my mother move out of my house? Are there any organizations that can help me?"
247,"I'm in high school, and I usually get good grades, but recently I've been struggling with my assignments, especially since I have five going on at a time. Its gotten to the point where I've had to hand in my assignments incomplete or lacking detail. I'm worried that when my report card comes out, Ill get lots of Ds. I'm trying my hardest, but I've been getting overwhelmed and that often leads to me procrastinating and leaving things till the last minute, and I think to myself that I'm not smart or good enough. I was wondering if there's any thing I can do to help me feel less overwhelmed and get rid of the negative self talk?"
248,"Hi everyone,I'm writing this post because I really need to vent. I'm so frustrated, angry and disappointed.Since November/December 2024 (last year) I've been looking into studying Certificate II in Animal Care (TAFE) and during the month of December i went crazy sending out my resume and customized cover letters to potential work placement locations in my local area to start studying potentially in January 2025 (two months ago). And even after a positive interaction just having a chat to a Practise Manager at a local vet hospital/clinic I feel I've failed in gaining a spot. He told me to email him in early-mid January to follow-up when he would have a potential opening as the current students would be finishing their placement/study. And so obviously i looked into other study options that could potentially including a work placement. So I investigated the RSPCA who hold a training education course to gain work placement and physical classroom/ online virtual teaching classes. I thought it would be perfect and so I applied for any opening for future groups this year. The March 2025 dates fell through and so they changed it to May 2025 (two months from now). This week I got an email for the study coordinator team informing that applications are open. So I completed the form and read all the information. Big issue - the Smart Skills Australian Government study cost subsidy is currently basically $0 for RSPCA right now. So as I am currently on Centrelink payment - JobSeeker I cant even fork out $3000 to pay for the upfront costs to complete this course. Its perfect and would be fast tracked 10 weeks intensive so full on study dedicating 4 days a week to do work placement days and otherwise studying online and completing assignments etc. I was SO excited and beyond words read to study and do this course but I cant afford this cost and feel so frustrated and disappointed. So that's two strikes on my road to attempting to gain a career working with animals. I'm finding this whole process frustrating, beyond exhausting and I feel nothing is going my way. I am connected to an Disability Employment Services organization and fortnightly appointments with a job coach to meet Centrelink requirements and look for study/work. I just feel like screaming honestly and I feel I've lost my direction. I don't know what to do, think or apply for anymore. Does anyone have any advice because I feel so lost right now and burnt out above all. I'm mentally exhausted after 5 months."
249,"I have had anxiety for a long time. I am constantly worried that I am going to or have made a mistake that will ruin my life in one way or another. For example, I have trouble driving because I keep telling myself that I will hit a car and for some reason my insurance will be invalid and then I will be paying off a debt for my whole life and my life will be ruined. I’m feeling alone and helpless as I don’t know anyone who experiences the same thing. It impacts my life everyday and I am scared to do anything. I feel an unreasonable amount of guilt at all times and constantly am worried about getting told off or someone not liking me, even though I am an adult and shouldn’t care that much. I would love someone to let me know I am not alone. And if anyone has any tips on how to get over catastrophising and experiencing extreme guilt."
250,"My mother in law has been having some digestive issues of late. One year ago she was diagnosed with diverticulitis. She was treated for this and improved. Over the last few months she has had almost daily issues with diarrhoea. The doctor prescribed a medication a few weeks ago which helped with the diarrhoea but she now vomits almost daily. The doctor has not found a physiological cause for this. She has lost about 20kg in the last year (now about 45kg). We are wondering if the nausea may be due to anxiety. She has no hobbies (she doesn't seem to want any) and spends her days alone at home. We suspect that she may now have a fear of eating food due recent experiences. Are there suggestions on how we can confirm or rule out anxiety as being the cause? Has anyone come across similar problems? Although we are still investigating possible physical problems, assuming it could be psychological, how do address this with her when she likely to not accept the possibility of psychological affects? Thank you."
