post_id,post,in_crisis,explanation
1,"""about four weeks ago I suffer the seizure and ended up in a induced coma for 5 days when they wake me on the 5th day I suffered from ICU delirium and post trauma amnesia and remember nothing for 15 hours after that one minute I was sitting in the lounge at my partner said babe are you okay the next I come to in the middle of a park and remember nothing of this apparently when I woke up this aggravated and my partner and left the hospital and my partner left me having spoken to me since I remember none of this and it wasn't my fault I am absolutely devastated confused scared and lonely we were together for 12 years every day just mean him alone we have been through so much together while I was in my coma I heard him say babe you're awake you scared me thought I was going to lose you and was kissing my forehead I remember nothing else I am now alone no friends my family and no explanation I've lost everything he was my life and every day is getting harder I have been planning to end my life as the pain is unbearable I have no friends no one except myself he was the only other person in my life and now I have no future as he was my future and it's killing me that he has cut off all contact for something that I was not in control of or remember my heart has been shattered I was scared of dying alone without him by my side now that's going to be reality one minute he loves me then I blinked and I wake up in a path 6 days of my life missing and him gone""",True,"""I have been planning to end my life as the pain is unbearable""

user plans to kill themselves from severe loneliness
"
2,"""Six years ago, I decided to kill myself. It felt like the best option at the time. Things came up though, and I decided to give myself time- I wanted to try to get better. I put in a lot of effort to salvage my mental state. I did what everyone always tells you to do- doctors, medications, mindfulness apps, exercise, journaling, trying to socialise, etc. And now I'm right back where I started. Maybe further back, actually. My efforts only did so much. Other things piled up. Family problems, chronic health issues, money and work stress. Uni panic and burnout. Life turned into a nightmare. I started getting panic attacks and accidentally hurting myself during meltdowns. It feels like I spent years unnecessarily torturing myself when I could've ended on a much higher note. Now, my current situation only shows promise for further decline. I don't want to be here for that. I don't know what to do. I'm safe right now though, just to clarify. Just hoping for some sort of guidance, I guess. I don't really know anymore.""",False,"""six years ago, i decided to kill myself""
""im safe right now though, just to clarify""


user showed distress six years ago, still struggling but currently safe now"
3,"Aight so i might not appeal to the older blokes on this thing right but everything is js so overwhelming, so im obviously young, im a hair over 17 and everything is js going badly, this time 2 years from now ill be going to university doing the degree my parents instilled in me unwillingly from a young age, ill be forced to move out because board wouldnt be enough for my ma and i need to learn life skills, im js sitting in bed thinking how petty things like girls and relationships compare to the responsibilities that im going to have to endure in the next 2 years. Life is js overwhelming",False,"""Life is js overwhelming""


user showed distress and feeling overwhelmed, but no suicidal or self harm indicators"
4,"Hi all, I am happy to find this safe place to share me anxiety. I worked as a medical receptionist for 2 months and as it was too overwhelming I quit due to anxiety and sleep issues. I was quite traumatising. I took a break of 3 months and applied for a less busy but modern clinic. I am literally panicking for my first day.Though I have a previous experience , I don't feel confident and have a constant fear of messing up things. Please help with advices to stay calm.Thank you",False,"""Too overwhelming"", ""constant fear of messing up"", ""Please help me with advice to stay calm""


user shows sever anxiety, but is activly seeking help and no suicidal or self harm indicators"
5,"Hello i am new to this group, i have anxiety and i am desperate to try and beat it, i am seeing my GP and i speak to a person on the phone from Crisis Care, should i take my doctors advise and see someone face to face, Work has given me time off, but when i am alone at home, that is when i start to think, it is never about the past, it is always about what if, things that may never happen, i always think of the worst.i get cold sweats, pressure on my chest, and am very emotional.Any thoughts please",False,"""Desperate to try and beat it"", ""I always think of the worst""


Sever anxiety but user is trying to overcome it by seeking help. No suicidal intent."
6,"I've wanted 2 things for 2 years. To live in this specific city, and to work at an airport. Three weeks ago I took myself to hospital with dark thoughts, and was diagnosed with OCD and anxiety over a 3 day period. About 2 days after, when I was trying to destress and focus on my mental health, I got a call offering me a job at the airport in this city I wanted to move to.Within three weeks my whole entire life changed. I had to buy a car, pack my life into 2 suitcases and say goodbye to my whole family.I feel flat now. I start this job tomorrow, and I can't even be excited or nervous about it. I'm losing money, fast. I can't find the energy to do anything. I have training for my new job to do. But I just lay in bed all day.I wonder if my timing was wrong. If I should've declined the job and focused on myself first. And part of me really really wants to quit already and sit at home and do nothing.I'm not sure what to do. I don't want to go tomorrow. I don't want to do anything. I just want to stay at home and eat all day.",False,"""I just lay in bed all day"", ""i dont want to do anything""


Depressive symptoms and low motivation, but no suicidal intent."
7,"I like to think I’m doing all the right things but I just can’t seem to shake this intense feeling of loneliness and anxiety. All I desire is someone to talk to, and to enjoy the little things in life",False,"""intense feeling of loneliness"", ""desire to talk to someone""


Very lonely, but no suicidal intent."
8,I've had extreme anxiety for months now and panic attacks. I'm getting help from a GP and a psychologist but what gets me is that I am almost constantly nauseous - that's how I experience anxiety. I'm on strong anti-nausea but it sucks struggling to eat. I was overweight and now I'm at my goal weight but boy do I miss being fat and happy. Anyone else have similar symptoms?,False,"""extreme anxiety for months now and panic attacks"", ""constantly nauseous""


physical and pyschological anxiety symptoms, but no suicidal intent."
9,"Hi and my best wishes to all. I was wondering if people have had the experience of saying yes to things or no out of trying to please people and also because its easier than having to explain yourself. I had said yes to a camping trip but had reservations and ended up pulling out. My friend isnt to happy with me because of it. Hes been a good mate but i just couldnt handle the pressure and anxiety that had built up . Sometimes i find covering for my anxiety causes me to even lie about what is going on for me ,.I pride myself on my honesty and hate that this happens. Im just wondering about others similar experiences.Best wishes Beaser",False,"""couldn't handle the pressure and anxiety"", ""covering for my axiety causes me to even lie""


Social anxiety and stress, but no suicidal intent."
10,Hi everyone I have just decided to put myself out there. I have suffered gernalised anxiety for years and was treating with medication for 20 years which seemed to help fabulously. Occasionally I would have a blip but ultimately got back on track. Going back just over 2 years ago I decided to go and study at uni and as it closer my anxiety grew to the point I had to pull out. My gp tried upping my meds and that didn’t help it made me more anxious so I tried various meds through an out patient clinic to no avail. Eventually I was so bad I checked into a clinic for 3 &. 1/2 weeks and changed meds again which helped for a little but Dr ended up changing them back to my original medication and night time meds for sleep. In the meantime I got diagnosed with adhd also. I have tried some other option to help support me but the drop at the end of the day was too much as the drop believes they are not for me as I kept falling asleep when not at work and still anxious. Today I started short acting medication that is new to me and feel a bit zombie like. Is this normal? Is adhd why I had anxiety all along and was misdiagnosed? I know get anxious about being anxious and feel so teary and lost. I have good family love but I am so scared and frightened this never going to end. thanks for listening,False,"""So scared and frightend this is never going to end"", ""feel so teary and lost""


Emotional distress and fear, but no suicidal intent."
11,The news this morning of attack where woman had that happen too her was similar too me but my mum did it worse. I tried too grab the doona it’s made me feel anxious as ever and all she got was a bump on the head and decided too make out like I was the one in the wrong anytime im happy with a man she has done this always her and my own violent brother used too bash me up and I never have had the guts too say anything till I let the counsellor know this morning and I dunno what my brother would do he is labelled a sociopath by my old pyschiatrist and I know my kids had to stop her long time ago and now I have new one im not letting him anywhere new house I can’t wait till police finally do something about her and him my brkther and lock her up she has already been the cause of me going on start safely within momentum and it shouldn’t have even been allowed too ever hsve me back there they have totally failed me in that sense i can’t wait she is out of my life for good she didn’t even know my blood type it’s ridiculous i emailed the hospital and had too tell them some really personal stuff cause i know I hope they lock up a previous support worker for her letting her husband anywhere near me. ive told a female constable but they can’t even arrest a woman who attacked me they reckon no video footage and no witnesses the ambulance saw the people there one was stabbed trying too get in ambulance and one man homeless who saved my life I asked for one too come they said no it was a total let down ive got security supporting me in shopping centres and hospitals a woman in hospital told me too fukoff too my face and then another trying too send me home on a bus another night i dunno why they treat me like this now im on medication cause stupid lack of knowledge my severe odeama im allergic too certain things i dunno where some workers come from i was recommended for any health job I wanted in health industry when I was a dental nurse im glad im gunna just stick with volunteer and then my license and plan my future wiyh my man cause the police and hospital nurses and some drs have let me down all I can rely on lately is fracture clinic security gaurds and thats about it and knowing my man’s mums a disability worker so im always safe wiyh her atleast some stupid care company I have decided it would be great idea not too listen too me and have a restraining order put on the idiot care worker and husband long time ago I hope they rot in hell along with my mum who beats me and my brother thats only people I truly hope rot in hell and I find it hard too hate but thats a 3 perfect trifecta of evil,True,"""mum who beats me"", ""violent brother used to bash me""


Ongoing abuse and violence and safety risk indicating crisis situation"
12,"Hey so I have adhd im outgoing and energetic as ever and nice as ever I usually get along with most of society but like one night when I was trying too get past all these people a woman got angry about everything I did she wouldnt leave me alone the guy who helped me got injured I was left with worst broken arm ever, i was thrown and he saved my life just in time she found me like I thought at hospital I ended up emotionally a mess and in mental ward im embarressed about it but I’m now just scared I have security gaurds in shops watch me as I go too bathroom it’s so nice I wish I could have one with me everytime I go somewhere like if I had the money I’d have my sons entire footy team wearing security uniforms and wearing tasers and big bats just incase I told them and showed them photos I adore those boys im in a moon boot too",True,"""I was left with the worst broken arm ever"", ""ended up emotionally a mess and in mental ward""


Recent violent incident, physical harm and ongoing distress indicating crisis situation"
13,"I’ve been struggling with my life for the past 7-8 years but I finally made an appointment with a doctor. I feel really scared though because I don’t ever go to the doctor for anything, and I havent seen this doctor for so many years that I’m really scared that they’ll judge me or won’t believe anything I say. I’m really anti social so I feel like I won’t be able to say what I wanna say or I’ll say the wrong thing causing them to just dismiss me and move me along without helping. I’m just tired of feeling alone, depressed and just worthless but I’m really scared to talk to them.",False,"“tired of feeling alone, depressed and just worthless” and “really scared to talk to them” show depression and distress, but they are making a doctor’s appointment and there is no direct suicidal or self-harm intent."
14,"Hi Everyone, Here are some ideas you might like to try for managing symptoms of depression. Of course everyone's different, so let us know what works for you, and please feel free to add to the list... Mindfulness – through breathing or engaging the 5 senses Distress Tolerance – Accepting Emotions and Self Soothing Distraction – Put the thoughts/feelings aside and come back to them when you are ready to deal with them Positive Affirmations – Have some affirmations written down repeat them to yourself daily Sleep/Exercise/Diet – All 3 aspects of our lifestyle can impact the way we think/feel Increasing Pleasurable Activities – Engage in at least one pleasurable activity per day",False,"This is a general advice/support post about managing depression symptoms, not a personal disclosure of immediate risk or crisis."
15,"im getting tired man. cant sleep at all. try to talk to people, try to support them. they either don’t care or don’t want to talk to me. i only want to help people, find people who understand somewhat what i’m going through. i cant trust anyone right now, even family. cut my mates off that were treating me like shit and they keep trying to contact me, even contacting my mum. i know they just want to use me again. more pressure to get a job. i know i need to but most days i cant even get out of bed. i’ve already messed my life up so much cause of my mental health. i need a way out. i cant take this shit anymore. i just want everyone to get off my back. please.",True,"“i need a way out” and “i cant take this shit anymore” are strong crisis indicators, alongside hopelessness, isolation, not sleeping, and struggling to get out of bed."
16,"So last week wasn’t that great for me. For a good first, my Monday group was canceled due to people calling in sick, then on Tuesday, two horrific things happened, my mentor lost a client who was like a brother to him AND then to make things worse, one of my cousins is in hospital with her own mental health issues…I just feel like everything is crashing down on me and I spoke to my psychiatrist about it and he said that it was a trigger for me…I just feel so emotional right now… *Crying*Liam",False,"“everything is crashing down on me” and “I just feel so emotional right now” show acute distress, but there is no mention of self-harm, suicide, or immediate danger."
17,"I’m not sure if anyone will read this, but I’m feeling a little lost and helpless. I house-share with a 30yr old guy who is lovely and talented and smart. He just so happens to also be deeply depressed. He returned to Melbourne a year ago after living OS with his partner for 3.5 years. The relationship broke down, he lost his job in tech and has come back to nothing. His friends seem to have their own lives and don’t really check in with him or come over to spend time with him. His sister visits from time to time. I’ve tried to encourage him to seek professional help but he can barely fill in an online form. I’ve had the crisis team out a few times when the isolation he’s feeling gets too much. I don’t know what to do to help anymore. Also I personally feel angry at his flakey friends!! Does anyone have any ideas?",False,"The poster feels “lost and helpless,” but they are describing concern for a depressed housemate, not expressing their own immediate crisis or intent to self-harm."
18,"Hello, The last seven months have been nothing but massive upheaval and changes. I already suffered from anxiety and depression. These changes have made everything worse and I feel so isolated. I went through and currently am still experiencing a medical trauma starting seven months ago. But life still went on whilst I was having to deal with that. I lost my amazing dog due to illness and old age whilst I was having treatment and there was nothing I could physically, mentally or emotionally do for her. I was too unwell to help her. She wasn’t alone. As a family dog. But 15 years and she is just gone and the house is so quiet. She was quite a large dog,so her presence is so noticeably absent in just space alone. And that was only two weeks ago. Then just two weeks later, my family member who has lived with me down my end of the house, moved out. We have spent our childhood together and almost 15 years of our adult lives co-habitating in this space together. Indirectly, we became part of each other’s daily routine by just sounds alone. Even if we didn’t speak directly to each other, we could hear each other living our lives in our rooms. I’d hear their alarms go off in the morning. I could hear them working from home during the day on phone calls and walking up and down the hallway to get coffees or something to eat. At night I could hear them laughing at the tv, taking a shower in the bathroom or even using the toilet spray in the toilet. (The walls are thin in this house). I have become so used to those daily sounds being in my life. I could go to sleep at night comforted by the sounds coming out of the room next door. I felt and have always felt safe living with this sibling being in the next room. And in the space of just 16 hours on the one day, they packed up all their belongings and emptied that room. That morning they lived here. By that night they no longer live here. And they aren’t coming back to live here again. They have called their new place their home verbally. And whilst I am genuinely happy for that sibling to have finally found their own space and independence. It is just another loss too quickly after the last. I don’t know what to do with myself. I don’t know how to see all these spaces empty or once belong to someone else, but now know that they don’t. It is so incredibly sad and overwhelming and I can’t process it fast enough and my depression is getting worse. I feel so isolated. I can’t talk about anything I am feeling with the family members left in this house. I have tried and tried. They are emotionally unavailable and are legitimately unable to have real connection type of conversations. The person I was connected to the most in this house,is the one who moved out. I just don’t know what to do. I have to walk past their empty door everytime I leave my own room. The silence is so prominent. The grief is so raw. I dream about my dog at night. My house used to be full of life and happiness and now it is full of unhappy people and no connection to one another. We can’t have a discussion together. We are all feeling like there is a dark shadow over our house and waiting for the next thing to happen. I am all alone. Being unwell, I can’t leave this space either. I just need someone to talk to or be heard or have a human connection with. I am not dealing with this well. Any changes are hard for me to process and just this year alone, there has been too many massive changes in short succession. Thank you for taking the time to read this or respond.Doors 24",False,"“my depression is getting worse,” “I feel so isolated,” and “I am not dealing with this well” show significant distress and grief, but there is no explicit suicidal intent or immediate safety threat."
19,"Hi all,I’m a male who has just graduated high school and started at Uni. Previously, I used to be crazy into running, but I’ve been injured for a bit over a year. Avoiding the details, I’m not recovering soon. It was a lot of who I was and how I dealt with negative emotions, and now it’s gone. I still do weight training, but it’s not the same. I used to base a lot who I was about being a hard worker, but now that I’ve entered uni, I’m struggling to work at all. Most days blend into each other. I rot in bed, do 1 hour of study while getting further and further behind class, do one training session then rot again. I have good friends who I have deep relations with and regularly talk to, but I still feel lonely.Since a year ago, and particularly after high school, I just feel like I keep falling from who I want to be further and further. I know logically I’m still doing well. I have consistent sleep, exercise, diet and good friends, but I still feel ashamed of who I am and I don’t know if the future for me looks better. I feel depressed.- Ryan",False,"“I still feel lonely,” “I feel ashamed of who I am,” and “I feel depressed” indicate depression and loss of identity, but no suicidal or self-harm language is present."
20,"A few weeks ago I had a TC seizure, and it took about two weeks before I could even start working again. Since then, everything has piled up.Right now I have about 4 weeks of catch-up across 5 subjects, including SACs. That’s a minimum of 120 hours of work, which is at least 5 full days straight with no breaks, and it’s impossible to realistically get it all done. Just one subject takes me over 6 hours a day.I don’t even have time for the things I enjoy, like art-I would spend all day every day drawing if I could. I also have daily responsibilities at home that take around 3 hours, which makes it even harder to find time and energy to work. Even when I try to focus, I’m dealing with brain fog and procrastination, and I just can’t keep up.Mentally, I feel completely burnt out. I’ve always had a strong work ethic and pushed myself, but this is different. I genuinely can’t keep up anymore. I’m at the point where I’m considering dropping VCE entirely, even though I had plans to go into nursing.I feel stuck and overwhelmed, and I haven’t been able to talk to my family about it because they expect a lot from me. Right now I just feel exhausted and unsure of what to do.I’m not really sure what I need, but I know I can’t keep going like this. Note: I suffer from Epilepsy and IBD (UC)",False,"“I genuinely can’t keep up anymore” and “I can’t keep going like this” show burnout and overwhelm, but the post does not include suicidal intent or immediate danger."
21,"Hi to all.lt's an unbelievable time in life to find myself stuck in this position, just don't know how to look at it, or what to do about with it, if l can anything at all. Problem is, at almost 60, yeah l've mixed up details in other threads just a bit concerned some l know may also be here and haven't wanted any connection here that l might know, butttt, yep.Thing is l didn't get anything out of my last house, the people l went into the property with as it was a big place, went broke.Well , sort of lucky although maybe a curse , not sure anymore but l do still have a 1ac country property, 18yrs now, from back when l was married.l can't work anymore for mh reasons but if l took care l can survive until l can get the pension- living at the 1ac place- it only has a small over nighter atm but l could extend and it'd come up quite nice . Problem is, it's in a ting town, 30mins to the main town which is a really nice place and there's also a couple of tiny ones in between before that main buttttt, out where this place is, is tiny and out on it's own .l always planned selling it about now but problems are now that for 1, even if it did sell, it's just a cheap little country block it'd only be a good deposit on something closer in- but circumstances now that'd mean a new mortgage and l'd have to keep working too, don't think l could stomach either of those especially the stress in trying to make it happen.2nd thing highly possible it doesn't even sell anyway. l know l'm lucky to at least have it and all , with the housing crisis and so many in worser positions , l just never dreamed l'd be living on it though and honestly, just don't know but it looks like l might be forced to.l grew up in the city and have lived in some of the nicest places in the country but to have to settle on this place out there now- look the property itself is a really cute block and in a nice little back street- if l could put it on a truck to somewhere else it'd be really nice - but this town. rx",False,"The poster feels stuck, isolated, and uncertain about housing and the future, but there is no direct mention of self-harm, suicide, or immediate crisis."
22,"I feel absolutely ridiculous writing this when I know how blessed I am in this life . I have a husband who supports me , two beautiful children and a roof over my head . I have been through some shit in this life , but along with everyone else right? But ive been making excuses for to long … its been a long week or the kids have been hard work today or im a bit under the weather , my low iron is causing me to be flat but if im being truly honest . I don’t remember the last time I felt true happiness or joy . I have to work really hard to pretend things are making me happy and I feel evil saying it . Even when I’m out experiencing life with myfamily . Sometimes crippled in my bed scrolling my phone with not an ounce of energy yo get up . What on earth do I do from here . I feel so broken",False,"“I don’t remember the last time I felt true happiness,” “crippled in my bed,” and “I feel so broken” show depression and low functioning, but there is no explicit suicidal intent or immediate safety risk."
23,"Hi, Well obviously this my situation. I was hoping to find others here that might have a similar background to chat with, it can be so hard to talk about this stuff with non-med people (and I mean no disrespect, it's just often graffic or upsetting to others). Im a 40 year old female that has spent the last 10years in the State Trauma Hospital as an Anaesthetic Technician. My PTSD was brought about after years of exposure to shocking traumas, deaths, and no support from management. I would love to hear from anyone that has a similar story, or just wants to chat. Cheers",False,"“PTSD was brought about after years of exposure to shocking traumas” and “would love to hear from anyone” show trauma distress and support-seeking, but no immediate safety risk or self-harm intent."
24,My family don’t understand my coping mechanism use for trauma and are giving me two weeks to go to rehab or im getting kicked out of the house,True,“giving me two weeks to go to rehab or im getting kicked out of the house” shows an immediate housing/safety crisis on top of trauma-related coping difficulties.
25,"Accidentally met a fellow, had been on my own for 10 years and happy but stupidly I entered a relationship with him. Looking back, the signs were there. But I choose to see the charming and charismatic side, which was especially present in public. But then I started acknowledging what was happening, the flirting with other women, the excuses, when I challenged him, he would flip the script and it was all my fault. The verbal abuse was horrendous, and the name calling was abhorrent, the most disgusting names. But he would say it’s my reaction to you when you ignore me, I can’t deal with how much I love you. Twice he tried to choke me, pushed me over numerous times backwards onto my bum, bruises and a sore back for days. Started accusing me of having affairs. If I wasn’t so traumatised by him I would’ve laughed. The accusations were ridiculous. Quite often he’d threaten to shame me publicly and at my place of employment, which terrified me because I knew the lies he could make up would be damming. I hid so much from family but now one sister knows a little bit, and actually asked me if I think he’d kill me. I said I really don’t know. I started disliking myself for staying, I felt pathetic and still do because I’m still here, partly out of fear, but it’s time to stop being his emotional punching bag. And I’m doing it today. I need to for my own peace of mind, and to be my old self again, independent, happy and at peace.",True,“Twice he tried to choke me” and “asked me if I think he’d kill me. I said I really don’t know” indicate serious domestic violence and immediate danger.
26,"Accidentally met a fellow, had been on my own for 10 years and happy but stupidly I entered a relationship with him. Looking back, the signs were there. But I choose to see the charming and charismatic side, which was especially present in public. But then I started acknowledging what was happening, the flirting with other women, the excuses, when I challenged him, he would flip the script and it was all my fault. The verbal abuse was horrendous, and the name calling was abhorrent, the most disgusting names. But he would say it’s my reaction to you when you ignore me, I can’t deal with how much I love you. Twice he tried to choke me, pushed me over numerous times backwards onto my bum, bruises and a sore back for days. Started accusing me of having affairs. If I wasn’t so traumatised by him I would’ve laughed. The accusations were ridiculous. Quite often he’d threaten to shame me publicly and at my place of employment, which terrified me because I knew the lies he could make up would be damming. I hid so much from family but now one sister knows a little bit, and actually asked me if I think he’d kill me. I said I really don’t know. I started disliking myself for staying, I felt pathetic and still do because I’m still here, partly out of fear, but it’s time to stop being his emotional punching bag. And I’m doing it today. I need to for my own peace of mind, and to be my old self again, independent, happy and at peace.",True,“Twice he tried to choke me” and “do you think he’d kill me… I really don’t know” show severe ongoing abuse and high physical safety risk.
27,"I’ve been with my partner for 4yrs. The universe blessed me the day we met and years that followed. He’s the most amazing man, partner, father, family member and friend. Meeting later in life, we both have our baggage from previous relationships. My separation is amicable. His is not. 3 years with love/support I’ve supported him, through devastatingly stressful family court process including mental health issues, parent alienation, child psychological abuse/abandonment and extreme high conflict engagements etc.We underestimated the constant stress/anxiety/conflict would ultimately lead to both our mental health decline and our intermittent self medicating evolved to substance use at the end.A positive shift came in the form of a fresh start/new home.However it’s been opposite. My partner has been experiencing a prolonged psychosis which is devastating. The torment I see in him from paranoia, delusions and loss of reality every day, is heart breaking….and I am really struggling. All of his delusions, paranoia and suspicions are directed at me. Accusations of infidelity, prostitution, technological manipulation, surveillance and plotting his demise…are constant. There are a few windows of hope and we can be the two people who connect deeply, love, care, and support each other but they are becoming less frequent. Sobriety is not helping and professional help is not wanted, as he believes they are AI generated.His family is supportive and somehow he functions, in his alternate reality….but not with me. I’ve offered to help guide him with the support services he needs. But this is just another weapon of manipulation and ultimate threat of harm as he believes.His health is priority, but I am also experiencing collapse….. from the love of my life believing I’m plotting his demise, devaluing accusations that are so hurtful/devaluing… and grief of the future we so wanted, needed and hoped for….Help!",True,"“prolonged psychosis,” “paranoia and suspicions are directed at me,” and “Help!” suggest an unsafe, escalating situation and immediate crisis risk."
28,I don’t know what to do anymore Surrender as it’s medically impossible for me to keep fighting my work cover insurer have just denied my admission stating they approved it but made a mistake . Mistake was made 8 weeks ago by the insurer Mistake for approval to a psych hospital ? Mistake that’s the best they can do ! It worked they have really pushed rejected denied me of my life now ?! No medical support no doctors then no medications I guess it’s going to be the end for me as it’s been 22 years of abuse from my agent they will not stop the abuse. I feel weak as I have attempted two other times now and I am so gone and unwell . Is it weak to surrender ? I feel weak I failed twice I’m embarrassed when I call them I feel like they are laughing at me ?. I think I’m still in shock and psychosis of two years now. This was not part of my future my dreams the way it is going to end.,True,“it’s going to be the end for me” and “I have attempted two other times now” are direct suicide/crisis indicators.
29,"I have posttraumatic stress disorder.i've gone through extreme case of posttraumatic stress for 13 long years and 38 female and I'm constantly feeling hot in my face behind my eyes and in my forehead with every breath I take I feel like people are about to copy me judge and threaten me I feel like this when I'm alone. Like right at this moment, I am writing this, moving My leg constantly jittering because when I’m not on my phone or watching TV or talking to somebody and all comes flooding back.It’s hard to talk to helpline sometimes like tonight as they sometimes don’t understand my communicative skills i.e. trying to describe how much hell in pain and suffering I’m going through chronically at the very moment. I hate illegal drugs due to the fact that my abusive ex partner of 13 years ago used to take them with beer I’ve also been told that my mum used to go around when I was a younger saying to my friends, friends, parents, etc., that her daughter me doesn’t take drugs and that I’m a frigid. Alcohol requires me to get up and go out and get it so that in itself will give me such bad anxiety, but I’ll probably end up getting reflux and regret getting the alcohol. I haven’t had a job since this trauma started. I was a disability support worker, and aged care in home worker and I got verbally abused constantly and emotionally attacked through emails. I haven’t been able to hold a job since so now I’m on government benefits. I get laughed at by the people who I thought I could trust To help me through this.My dad he’s young. He’s only 56 thinks this will go away if I look after my physical health, fix my physical health And become social lose weight.as my parents have divorced my mother decided to choose her relationship over us Girls and she kicked me out after school of home one day she was moving house and I had had trauma and depression since and I decided to ignore my dad and cling to my relationships",False,"“extreme case of posttraumatic stress,” “all comes flooding back,” and “hell in pain and suffering” show severe PTSD symptoms, but no direct suicidal intent or immediate danger stated."
30,"When I was going through the worst phases of my life, I could only place my faith in one person and that was the person who I saw in the mirror each morning. I had no one else to turn to for support. I had to go through it all alone. That was the way I was raised, to try to solve my own problems and just stop moaning and get on with it. That is what I had to do whether I liked it or not. At the time, I felt like the lowest most wretched person on the planet and I was sure the rest of the world was laughing at my misfortunes. There was no support number to dial, no reassuring voice at the other end. No one was coming to save me. If I wanted to survive, I had to work it all out myself. And that is precisely what I did. It was like walking through the valley of death but eventually, I came out into the sunshine at the end of it. Of course, it was an ordeal and of course, I endured pain and suffering, frustration and disappointment. When I look back on those terrible times, they are now just a dim dark memory and that is where I want them to stay. I have nobody to thank but myself. I pulled myself out of the abyss that threatened to swallow me up whole. The hard-hitting truth about being alive is that the majority of people do not give a hoot about anyone else unless it affects them directly. Look at the world today and think about that.Peace and Loveamd1953",False,"This is a reflective/recovery post: “eventually, I came out into the sunshine” shows past hardship, not a current crisis."
31,"I’m still single, No kids, 38 and experienced something horrendous ,13 Years back. I find past events hard to talk about. I’m finding it also hard to come to grips with my feelings and let my emotions flow. I’ve come ito contact with people who have blamed and judged me unfortunately who were not there when it happened and do not understand how it impacts me. I went through 2 cases of relationships trauma. One was domestic violence in 2010 and the other was harrassment and stalking in 2013. I met the one who was stalking online at home one night on a mobile phone App. and I kept remembering I told everyone how worried I was. He assaulted me and rang me all hours of the weeks and in the mornings. He told me numerous of number of times that he didn’t want a relationship with me because I had really bad depression. but he kept calling me and calling my housemates, following me to work, coming around to the house sending ambulances and authorities around to my house.i was 26 and despite having a solitary life (he’d say) with few people in it, I came out of a relationship of three years and I had un resolved problems with my parents. I’ve been homeless after obtaining a rental for a three bedroom beach house. People look at me like crap. I get treated like im pieces of shit tbh. It makes me find it hard to talk to people and I withdraw which is difficult to come out of. I hate. It I turn to large amounts of ju food which I’ve now been Diagnosed type 2 diabetic which is the bomb drop I didn’t need to hear. I find it hard to come to terms with myself. I can’t travel I havnt traveled or done anything. I want to feel that emotional state of being confident and that I can remind myself that I am entitled to be happy. But I wake up panicking every day.",False,"“I wake up panicking every day” and “find it hard to talk to people and I withdraw” show ongoing trauma distress, but no direct self-harm or immediate danger."
32,"I'm 29f, have a history of childhood abuse and neglect. I lost both my biological parents at ages 10 and 12, raised from then by my alcoholic step-dad so I have some CPTSD. I'm also trans and I was recently diagnosed as neurodivergent. It's all so overwhelming and I don't know if I want to continue living much longer, though I'm trying to look for reasons to keep going. My ex-partner, let's call them Mia, recently cut me off after four years. Mia was the most important person I'd ever met. I have the most memories of joy and laughter with them out of anyone and we had planned marriage and a life together. Mia is also neurodivergent and CPTSD and our relationship grew very unhealthy in the end due to stress on us both. Mia finally snapped and accused me of ""classic abuse"" and then wrote a text saying we needed to separate, saying maybe in the future we could reconnect after long term healing and acknowledging both of our parts. I thought we would separate quietly at this point, so I agreed to separate and to take accountability for my part, but then Mia went on Instagram liking reels about abusers and horrible men every day for weeks (and sending them to their sister who also liked them publicly) and went on Reddit saying I was a covert abuser. I found this Reddit and realised it was filled with things Mia had never been open about it in our relationship, which seemed like misrepresentations of me with some outright lies I found. However, due to my really poor memory because of my conditions, I found it hard to be sure what the truth was (in our relationship I always deferred to Mia's memory). For months I questioned if I was an abuser and went to intensive relationship therapy, read books on personality disorders and abuse, called abuse hotlines, wrote long checklists of my behaviours and compared them to diagnostic criteria, asked for honest feedback on forums and told everyone close to me that I might have abused the person I loved. Everyone just seemed sad that I would take this accusation to heart when they heard the story. Eventually I started to remember all the harmful things my ex had said or done toward the end of our relationship and that it really was a two-way street, though nothing for either of us to be remotely proud of. But 8 months later I still can't get rid of the shame of the character attacks, misgendering as a man and criminal allegation Mia made in public while abruptly cutting me off without discussion. I also can't get rid of the shame of participating in such a harmful relationship with the person I loved most, who I always tried to cherish. I've stopped hoping for the future, feeling deserving of love or caring for my health anymore. I've stopped trusting my close friends and have begun to push them away. I feel that the people close to me will abandon me one way or another, either by quietly pulling away or by some kind of conflict. I can't hold down a job or even participate in my part-time vocational course right now because I feel so hopeless, unmotivated and afraid of human beings. I just want to be loved. I want to belong. But I don't feel like there is a seat for me at any table. How do I convince myself to stay in a world in which I don't really fit in and have so many griefs that weigh down on me?",True,“I don't know if I want to continue living much longer” and “How do I convince myself to stay” indicate current suicidal thinking and crisis risk.
33,"Hi there,Sorry to be posting again. Sort of just a follow on from the last time I posted a few months ago (October I think)? Same scenario, not much has changed other than I am feeling more and more stuck every day. I genuinely don't see things getting better. I feel so isolated from my friends now, I have no energy to be the person constantly initiating anymore so now I barely talk with them because they never reach out to me first. I'm always the one who has to start, so if I don't, no one says anything. I feel so detached from the person I was closest with for all of 2025. In the span of a year we went from best friends, to partners, then broke up and said we'd remain friends, but now a few months later I feel nothing but guilty and hurt by it all. I feel whenever we talk now he is just chastising me, telling me off for little things or teasing me or ignoring my messages. I know I likely need more time to adjust from how close we are to going back to friends, but it feels like he no longer cares about me at all, but will still talk and hangs out with our other friends as usual. We were so close and now he seems to want nothing to do with me anymore. Any time I try to talk with people about how I'm feeling I break down in tears and can't articulate myself and then they don't want to talk to me about it and change the topic or don't engage with me for days afterwards so I end up feeling worse than if I'd just said nothing. All the things I used to love don't bring me any sort of joy now and I can't think of a single thing I like that doesn't bring me considerable amounts of stress. My friends make me feel isolated. Food makes me worry about my weight. My pet dog is sick and animals in general (which I normally love) just now make me depressed because of my veterinary degree and all the stress that's giving me. I really don't want to be here anymore and can't think of many good reasons for staying honestly.",True,“I really don't want to be here anymore” and “can't think of many good reasons for staying” are direct suicidal/crisis indicators.
34,about four weeks ago I suffer the seizure and ended up in a induced coma for 5 days when they wake me on the 5th day I suffered from ICU delirium and post trauma amnesia and remember nothing for 15 hours after that one minute I was sitting in the lounge at my partner said babe are you okay the next I come to in the middle of a park and remember nothing of this apparently when I woke up this aggravated and my partner and left the hospital and my partner left me having spoken to me since I remember none of this and it wasn't my fault I am absolutely devastated confused scared and lonely we were together for 12 years every day just mean him alone we have been through so much together while I was in my coma I heard him say babe you're awake you scared me thought I was going to lose you and was kissing my forehead I remember nothing else I am now alone no friends my family and no explanation I've lost everything he was my life and every day is getting harder I have been planning to end my life as the pain is unbearable I have no friends no one except myself he was the only other person in my life and now I have no future as he was my future and it's killing me that he has cut off all contact for something that I was not in control of or remember my heart has been shattered I was scared of dying alone without him by my side now that's going to be reality one minute he loves me then I blinked and I wake up in a path 6 days of my life missing and him gone,True,“I have been planning to end my life as the pain is unbearable” is a direct suicide plan statement.
35,"Six years ago, I decided to kill myself. It felt like the best option at the time. Things came up though, and I decided to give myself time- I wanted to try to get better. I put in a lot of effort to salvage my mental state. I did what everyone always tells you to do- doctors, medications, mindfulness apps, exercise, journaling, trying to socialise, etc. And now I'm right back where I started. Maybe further back, actually. My efforts only did so much. Other things piled up. Family problems, chronic health issues, money and work stress. Uni panic and burnout. Life turned into a nightmare. I started getting panic attacks and accidentally hurting myself during meltdowns. It feels like I spent years unnecessarily torturing myself when I could've ended on a much higher note. Now, my current situation only shows promise for further decline. I don't want to be here for that. I don't know what to do. I'm safe right now though, just to clarify. Just hoping for some sort of guidance, I guess. I don't really know anymore.",False,"“I don't want to be here for that” shows suicidal thoughts, but “I'm safe right now though” reduces immediate crisis risk. Still high concern."
36,"hey everyone. i’m writing this because i’m feeling lost again and i’m not sure what to do. in the past week i’ve cut all contact in friends because they kept pressuring me into talking to one of my old mates, Shaun. I also felt like i was constantly being used. hardest part was my best mate was like family, it was like i was apart of his family. we were very close but i just couldn’t do it anymore. before fully cutting contact, i felt like too much effort to reach out and talk to people, felt like i was just getting in the way constantly. no motivation to do anything. i’m starting to get sick of family pressuring me to work again (quit job because of mental health) and get my self together when i can barely get through a single day. i’m 16 so people will say ‘you have so much time!’ but it doesn’t feel like that. started to get suicidal again. haven’t been able to sleep due to thoughts. mind feels scrambled. tried to distract myself with my interests and nothing seems to help. i push away help all the time and i don’t understand why, every good thing i try to do i always mess it up somehow. I just want a way out, have no one to turn to that feels safe, that i can trust. even my mates i didn’t trust. even parents i can’t trust. i’m sorry for just rambling on about this crap, i have no where else to go. i’m sorry",True,"“started to get suicidal again,” “I just want a way out,” and “have no one to turn to” indicate current suicide risk."
37,"Hi I'm new here and am trying to find a way to stop feeling so anxious, frightened and thinking not so crash hot thoughts about my life. I've suffered from severe anxiety and depression for over 5 years. My severe state of mind has been triggered by feeling so overwhelmed at home, extreme loneliness (I have no friends whatsoever locally and have trouble with social skills) and an imminent appointment with Centrelink. I keep thinking that they will throw me in prison because of a mistake I made while currently claiming Jobseeker payment. The constant thought of this grim possibility keeps me on edge all day. I stopped eating, practicing self care and have slept a total of 15 hours in the last 4 days. I reached out to Lifeline chat twice as I was feeling suicidal. They advised me to ring 000. I managed to wear myself out with so much panic that I must've fallen asleep but was jolted awake a few hours later. I made an appointment with my GP and told her about my issues and begged her to try refer me to something like PARC because I desperately need the reset. I've been in a hospital psych ward before and I came out worse for wear. I am just so fearful about Centrelink at the moment and can't cope.",True,“reached out to Lifeline chat twice as I was feeling suicidal” and they “advised me to ring 000” indicate acute crisis.
38,"I feel like there's too much going on. my grades are slipping, I'm barely surviving school, my family is chaos and uptight with me. then there's my friends... there was a rumor that i talked bad about my friend of mine, I didn't and I even proved myself innocent yet she found a way to make it look like I did something bad. Funny thing is someone else told her (my other friend who hates me) and she IMMEDIATLY believed her. no doubting, no thinking if its fake. no she believed her and didn't even ask me. Just one random day i get dozen texts about how I'm a b-. Like what.. and I'm ok to let go of them since I literally can't do anything but why am I anxious? I'm fine with people hating on me since we don't go to the same school. But I'm scared for no reason, I get anxious when someone talks about them or I think about them. Its so bad that I zone out so many times and I just cry in the bathrooms. Its hard for someone like me to let go since I'm the worst overthinker you can imagine but what is going on? I genuinely don't know. Its too much and I overthink every little thing. (what if she bashes me, what is they hate me, spread rumors about me). Thing is I live in a place a lot of schools go to afterschool, and whenever I walk through I feel anxious like I'll bump into them and get laughed at. And as a cherry on top. Its exam season.",False,"“I just cry in the bathrooms” and “what if she bashes me” show anxiety and distress, but no self-harm or suicide intent."
39,"hi im a recent high school graduate and i got into uni recently but im really not doing welli just hate uni so so so so much i was already stressed before attending but since attending i've spent every day feeling extremely miserable. i've barely felt any happiness and i spend most of my time either breaking down into tears or trying to stop myself from crying so that i can focus on catching up on the hours of work that i already missed . but being depressed only makes it worse because i can't focus which makes me even more depressed because i spend hours sitting at my desk trying to get myself to work but i just don't and i watch as the work just keeps piling up and the clock turns by i know it probably sounds silly to want to end my life over school but i feel like my back is pressed against a wall and that ill be unhappy for the rest of my life. i feel so hopeless and doomed because i can only foresee misery and unemployment and student debt in my future and i feel like i wasnt built to be alive. i feel like my 12 year old self... or even my 14 year old self was vindicated when i counted on dying before i graduated because i knew i wouldn't make it in the ""real world"". i feel so jealous seeing my friends enjoy their uni course or working hard doing what they've set out to do. i hate my uni course so much but i don't know what to change to because there's nothing i'm really passionate about or think that i could do in or make a decent income in and i don't want to drop out because i feel like ill be even more unemployable . but i feel so deeply miserable if it's ok, i hope someone can give some advice please sorry if this was incoherent and thank you for reading",True,"“i want to end my life over school,” “i feel so hopeless and doomed,” and “i wasn’t built to be alive” are strong suicidal indicators."
40,"it’s been a while, i have been getting better. i have had my worst days and my best days right next to each other only hours apart.. one second i am contemplating suicide and the other i feel like life is the most beautiful gift bestowed unto me. the truth is that at my core i want to be visible and seen, and seen especially for beauty, because i feel so invisible in anything else. the millimeters of my face and meticulous measurements are what drive me crazy.. but i am socialized as pretty. it’s a puzzling situation because if i were to tell you alone the things i have experienced or heard you would think, ‘yes she must be beautiful’. i have had people pause, gasp, get excited, compliment me right upon first glance. and if i tell you that, you would surely think i must be just wallowing in sorrow for no apparent reason. but truth is if i then attached an image of myself you would think, ‘no i understand now, why she feels so ugly; she truly is’. beauty may be subjective but my objective measurements are not attractive and before you say beauty is in the eye of the beholder it’s all subconscious and true. i see beauty in everyone but me and i feel as though anyone who finds beauty in me will soon see the real face i have and be repulsed. for example, a girl in a younger grade tapped me on the shoulder and told me plainly, ‘you’re pretty’. i of course said thank you and for a split second i really was flattered, until i started turning and hiding my face from her deliberately so she won’t inspect closer and realize i am actually ugly. and to make it worse my comparison is debilitating. why do i feel so inadequate? what do others see that i don’t, and on the flip side when i feel pretty where does the external validation go? it’s a game of cat and mouse at this point",True,"“one second i am contemplating suicide” is a direct current suicide-risk indicator, even though the post also mentions feeling better at times."
41,"Im at that point where things seem to be okay for like two weeks and then im back to feeling like shit and it gets kinda bad. I have basically no friends which makes school suck, and i go to a selective school and the people there make it look so effortless while im struggling all the time. I hate it at home too its like sometimes they really care and most of the times they really couldnt care. And they are like adamanat i get my grades up and even though i try really hard it just doesnt work out that well. I am stuck in analysis paralysis because I'm stressing all the time about school at home and stressing about not having anyone at school, its just like whats even the point of trying anymore? I just want to feel happy again. Thank you who ever is reading this for taking the time to listen to me talk about my life",False,"“whats even the point of trying anymore?” shows hopelessness, but there is no direct suicidal or self-harm statement."
42,"Last week my therapist and I said Goodbye because she “referred me on” - aka gave up/threw me away.I adored her and I now regret not trying harder or making more progress or whatever it was I failed at…Anyway, I have NEVER felt more hurt or more broken. I have done “life” for many decades and I really, really SUCK at it. The only thing keeping me here is the impact that suicide has on people who have to deal with it - elderly parents, siblings dealing with elderly parents, and my kids.i have ZERO interest in existing for “me” and existing for others is actually painful. When I am not at work, the days crawl and I have to endure minute after minute. Alcohol “helps” but that becomes the problem. Anyway, I have an appt with a new therapist this week and I should be selling myself like a product so she’ll agree to work with me.If she rejects me, I know I CANNOT continue being alive. I actually feel physically SICK from the effort of passing time.So, do I cancel the appt or do I go there and pretend I’m keen to change and “looking forward to working with her”? If I lie, there’s a vague chance she’ll agree to see me but it would be under false pretenses. If I tell her I just want to end it and lay out the reasons, she’ll run a mile (RISK is expensive and NOT the friend of private practitioners) and my kids will have the inconvenience of organising a burial and sorting out legal stuff…I can’t reschedule. I barely got through this weekend.What do I do? The 48 hour cancellation fee policy looms…Please help.",True,"“The only thing keeping me here is the impact that suicide has on people” and “If she rejects me, I know I CANNOT continue being alive” indicate immediate suicide risk."
43,"I recently had my birthday. I thought that I would be gone before my birthday. I have an addiction and I don't enjoy doing it but it almost feels like an obligation or a habit. I had a friend tell me that I have the innability to communicate my opinions. I am not diagnosed with anything and I can't, it feels like nothing is real. I don't feel anything, I don't know if im hurting or just being attention seeking. I don't know what to do, my life seems pointless.",True,“I thought that I would be gone before my birthday” and “my life seems pointless” suggest significant suicidal risk.
44,Has anyone had any experience with CATT (Crisis Assessment and Treatment Teams)? I live in Tasmania and I’ve been in contact with them for a while after my psychologist contacted them. I’ve never spoken to people who are so blunt and horrible before. I’ve never experienced anything like it. The call ends and I feel worse than when they rang me. Is this something that happens a lot? I just don’t understand. To be at a point where you need the CATT team is a big thing so people need someone who is caring and compassionate - or at the very least doesn’t make you feel bad because you’re trying your best to describe and articulate something. Talking about particular things relating to mental health is challenging for most people so I don’t understand how someone can rush you and think that it’s no big deal. She was getting annoyed at me because I was taking ‘too long’ to describe my mood and how I was feeling. I just don’t understand how this particular person got the position to talk to people who are struggling. It’s really concerning to me.,False,"The poster feels worse after CATT contact and is distressed, but there is no direct self-harm or suicide intent in this post."
45,I tried to OD a few weeks ago and would a doctor tell my parents about it?,True,"“I tried to OD a few weeks ago” is a recent suicide attempt, which indicates crisis-level risk."
46,"Hi. I've never posted on a Beyond Blue forum before, nor have I really reached out for professional psychological help either. I've seen my GP once to get a mental health plan, but I've never actually used it. I don't know why exactly, maybe a combination of helplessness and laziness. I'd also like to say I'd normally consider myself a really upbeat and joyful person, and that is why I don't know how to traverse these feelings. I'm 21 and studying Criminology and Data Analytics at university. I'm enjoying it, but I have had to stop and start my degree so many times now that I feel absolutely useless. I get insane imposter syndrome, constantly thinking that when, if I even do graduate, I'm gonna be completely unemployable because there are so many better people than me. I have a government job interview coming up and can't stop thinking that I'm not going to get the role because I'm in over my head. The last year and a bit has been rough for me. I've had a medical episode (not related to my mental health), and barely made any money after having to leave a job that I really enjoyed because they shut down at the start of 2025. I've been stuck in a loop of working in hospitality bar and pub jobs. It's absolutely draining. I hate the hours, I hate the work, the people I'm working with are nice enough but there is just a vibe around hospitality venues that I can't shake off. It makes me feel unbelievably miserable. God I fucking hate it so much. I'd take a retail job back in a heartbeat but I can't seem to catch a break in the rejection emails I get when I apply to a retail role. At night time I get pretty regular suicidal thoughts. Not violent thoughts, I don't want to harm myself at all, but the feeling of absolute freedom that suicide provides me is dangerously comforting. I've never attempted or even humoured the thought of attempting, though. I love my family, and the last thing I'd want is for my mom, dad or brother to find out what happened to me. Hell, even my dog. But I've had these thoughts for a while now. I thought they would pass but they seem to have lingered and gotten more consistent. I think primarily my biggest issue right now is how much I hate my job, but I know these thoughts extend to something deeper that I can't identify. I really struggle with the idea of going to a psychologist though. I don't know why. I don't know why I posted this. Thanks if you read it.",True,“At night time I get pretty regular suicidal thoughts” and suicide feeling “dangerously comforting” indicate active suicide risk despite no attempt.
47,"Lately everything has been very hard to deal with.. I have these moments when my brain is just like, I can’t believe this and I don’t want to be in this kind of world anymore. That living is just so hard and scary and that my anxiety can’t take it anymore. I used to be so resilient but now I’m more affected somehow. I don’t want to do anything fun, scared to drink an alcohol beverage for no reason.. just silly things. Like going out with my husband to the city soon for our anniversary I’m so anxious about it and I don’t understand. I hate feeling this way because it’s scary. I just have no energy anymore",False,"“I don’t want to be in this kind of world anymore” shows distress and overwhelm, but there is no explicit self-harm or suicide plan/intent."
48,"Hey there, I’m just gonna call myself J, I’m 16. I’m currently living out of home by myself, without a job, and no study. I feel so meaningless in life. I was living with my mum, but couldn’t handle the guilt tripping and arguments everyday and my dad is a million times worse. I’ve struggled with Self Harm for a few years now but it’s got significantly worse as of late. I don’t know what to do, I struggle immensely with my self image and have continuously struggled with eating and forcing myself to throw up whilst eating very little. I’ve tried to reach out, and sobbed to my parents about my struggles but my Dad screamed in myself that I make myself a victim and that I’m weak. I don’t know who to talk to or how to talk to anyone about this situation. I have literally no one in my life and feel to ashamed when I want to self harm to call and talk to anyone about it.",True,"“struggled with Self Harm… significantly worse,” “forcing myself to throw up,” and “I have literally no one” indicate an acute crisis."
49,"I don't feel safe at Mother's house. I tried telling my dad, but I texted him on my friend's phone and he thought it was my friend. I can't go to the police because they might not believe me. I don't think my Dad loves me anymore and my Mother is hurting me verbally and psychologically. I've had episodes where I can't control my body and it just wanders around and I feel that one day it's going to commit suicide for me and most of the time I can't remember what happened in these episodes. I see things and I hear things that aren't there and that no one else sees or hears and they tell me that my Mother is going to kill me. I can't sleep at night because the thoughts of suicide and the voices are too loud. I can't tell my friends but I need to tell my friends. The tape I so desperately put on the shards of my life is losing it's grip and I don't have any more tape. All I can do is watch as the pieces fall and shatter into tinier pieces waiting for someone to try and fix it and cut themselves. What do I do? I can't keep going through this loop. Again, and again, and again, it's all the same. What's the point of waking up to a new day when it's just the same as yesterday? My world is colourless but no matter how much paint I splash onto it, it stays the same. Same. Same. Same. I get so close to calling Lifeline, but then I back away because what if they call the police? What if the police put me in a foster home? What if the police don't believe me and place me with my Mother? I don't think anyone can help me now. I'm stuck in a hole at the bottom of the sea and no matter what I do I can't swim out. I'm scared but I'm scared of myself. The voices tell me the police won't believe me. The voices tell me no one will believe me. The voices tell me I'm stupid for thinking someone would. My happy hallucinations I once had can't comfort me anymore. What do I do? My friends can't help me. My dad can't help me. My family can't help me. Not even I can help myself. Because I lose consciousness and forget everything that happened. I'm surprised I'm even posting this because I'm worried Beyond Blue will send the police and everyone will hate me and the voices will laugh at me and call me a coward for not saying anything when it first happened. This is all getting too much. I just need peace and quiet and my dad to love me again and for everything to go back to the way it was when the voices were nicer and quieter and when my hallucinations still worked.",True,"“thoughts of suicide,” “voices,” “I don’t feel safe,” and fear that “my Mother is going to kill me” indicate immediate crisis and safety risk."
50,"Hey all, I suffered a workplace assualt and psychological injury 6 years ago. As a result I have been diagnosed with Adjustment disorder and PTSD. I have fortnightly therapy and a psychiatrist. I have worked with cognitive behaviour therapy and talk therapy.I have struggled to find medication that works for me personally and I feel rather alone and at dispare.Late last year I had a attack where I got verbally aggressive and lost control since I have had several other but smaller. Recently I had another where I was extremely ashamed of my behaviour, I was uncontrollable It scared me terribly and my teenage daughter, who unfortunately seemed to be my trigger lately. I feel terrible and ashamed to admit that. Her lack of remorse, eye rolling and laughing when I'm angry makes my blood boil. I've now realised that this feeling is anger and rage at a really disproportionate level.I'm scared of my self, I'm scared I'm destroying my family, I feel extremely alone tired and sore and worst of all ashame. My behaviour needs to stop and I really need to take back control to be the mum and wife I want to be. Can anyone tell me anything they have done to control this instant aggressive uncontrollable rage episode before they begin. Thanks in advance",True,"“I’m scared of my self” and “extremely ashamed… uncontrollable rage” suggest an acute behavioural/safety crisis, even without suicidal intent."
51,"it's kinda weird because I don't necessarily feel depressed. I know what it feels like to be depressed or really depressed to the point where I feel the need to feel something real but right now, I genuinely don't feel depressed and yet I find myself harming myself more each time. I don't really know what to do. It's almost as if I want to hurt myself for no reason.",True,“I find myself harming myself more each time” is escalating self-harm and indicates crisis risk.
52,,,
53,"Came in to private mental health ward after an attempt. Been doing the program they have in this place which isn’t amazing (compared to others I’ve done) but my meds seem to be having an small/average impact. Family supportive. Gf being a patient saint. but my brain just ideates incessantly on some days and I feel incapable of connecting with people in here. That so many people are coming in and feeling better, laughing and connecting makes me feel worse and isolate in my room outside of groups they have (no group therapy, just lectures on mental health). Doctor has diagnosed bi - polar 2 which I question but who knows…..I don’t even know why I’m writing this I just feel lost in a place I’m supposed to be healing.",True,"""Came in to private mental health ward after an attempt.""
""my brain just ideates incessantly on some days"""
54,"To introduce myself simply I am a male high school student approaching my final year. Since the age of roughly 7 I have felt like my life worthless. I’ve never had a defining trait aside from being the person there to fill in space, one of my biggest grievances is that I lack hope. I don’t expect to own a house nor do I expect to have kids, get in a romantic relationship, find a job, find a hobby, or even simply feel content. This doesn’t mean I do not want these things it is just the fact that these things will likely never happen. I’ve struggled with self harm through my life even at that young age, I struggle to manage my frustration, I struggle to get tears out when I’m feeling down, I struggle to find the good inside myself when I can see it in others, I struggle to take criticism, I struggle to take compliments. This is just the tip of the iceberg that makes up me as a person. To me self harm can range from things like substances, self-injury, isolation/‘bed rotting’, repeating self deprecating thoughts, etc. yes I’ve done it all but yet I find myself too scared to take my life. my home life I wouldn’t call rough, yes we’ve had plenty of problems which I won’t go into but the stage my home life is at now would be considered good in comparison to some of the stories I’ve heard and seen. i don’t have a clear understanding or grasp of what is exactly causing this, i just think it’s me. To finish off I will list a range of things I feel and do on a daily basis so whoever willingly reads this may get a grasp on how I feel and who I am. Restlessness, Depression, Anxiety, Paranoia, Stress, Hopelessness, Constant feeling of choking, Lack of appetite, inability to speak, self isolation, poor memory, fatigue, self deprecation.",True,"""Since the age of roughly 7 I have felt like my life worthless.""
""I lack hope.""
""I don’t expect to own a house nor do I expect to have kids, get in a romantic relationship, find a job, find a hobby, or even simply feel content.""
""I’ve struggled with self harm through my life even at that young age""
""yes I’ve done it all but yet I find myself too scared to take my life."""
55,"Hi, I am the survivor of recent suicide after along stay in hospitals. I am struggling with getting well both in mind and spirit. My body has healed to a great degree. More so the ever persistent feeling of remorse and shame over what I have done and the grief I brought to my family.",True,"""I am the survivor of recent suicide after along stay in hospitals.""
""I am struggling with getting well both in mind and spirit.""
""the ever persistent feeling of remorse and shame over what I have done"""
56,"I’m not gonna lie, life lost its sparkkk FUA!!!!!!!!   ",False,"""life lost its sparkkk"" This poster is simply showing outrage. It could be a satirical post. Not in crisis."
57,"i think after a while, ive come to the conclusion that despite wanting to die and honestly praying for it every moment, even fantasising about possibilities about me dying, ive accepted that i cant die. like, i just cant. i feel like im not allowed to because the world tells me not to and i think the strongest factor is my mum. i dont want to make her sad. like i know that once im dead then theres nothing i can do about her emotions and how she copes with it but i love her too much to put her in such pain because i know she loves me but i think its ironic how im living to please someone, like it feels wrong but this point, thats literally the only reason why im not going to kill myself. that doesnt mean im not suicidal though and i think thats very evident but despite being in this mental state im going to live. killing myself has become not an option for me anymore (although i think about it everyday). but because ive accepted this reality of having to exist despite not wanting to, i dont know what im supposed to do now. like theoretically, i should be going to uni and meet a guy, fall in love and graduate from uni and get job and so on but thats things that i never imagined and plus, i dont want to live in that first place so i feel like its wrong to keep using my parents money to 'live' because it honestly feels wasteful but at the same time, what else am i going to do. humans either live or die and death isnt an option for me anymore because 'im young' and 'have so much to live for' so yeah. i feel like im kinda stuck in the conundrum where i want so desperately can not be attained so im doing something else but because i dont find any pleasure in this option, i feel like i will never be fully happy with my life and i will continue to have a war in brain about living and praying that i die soon, whether by some sort of accident, someone killing me and i fall ill.",True,"""despite wanting to die and honestly praying for it every moment""
""even fantasising about possibilities about me dying""
""that doesnt mean im not suicidal though""
""killing myself has become not an option for me anymore (although i think about it everyday)""
""i will continue to have a war in brain about living and praying that i die soon"""
58,"Helloi am feeling significant inner pain right now over an incident I cannot change. While I would not contemplate suicide because of my family and hurting others, I find myself thinking about going to sleep and not waking up. I am seeing a psychologist so will raise this with her this week. I am struggling day to day. I just want to stay in bed, feel very flat and depressed. My husband is helping a lot with looking after kids etc. I have seen the gp for medication but I am wondering if I need something else. Hard to see the way forward so am just taking it a day at a time.",True,"""I find myself thinking about going to sleep and not waking up.""
""I am struggling day to day.""
""I just want to stay in bed, feel very flat and depressed.""
""Hard to see the way forward"""
59,"hi guys i need help i have depression anxiety, ptsd probably cptsd and a lot of other stuff my parents are divorced my dad sucks i live with my mum i went to court against my brothers at age 7 i started self-harming at age 9 I'm now 15 i have self destructive behaviours and have started self harming again my mum doesnt like me she is always saying im narcissistic and manipulative when i wasn't trying to do anything like that she has taken my notebooks and music all my coping strategies and cries for help are labeled as manipulation every small mistake a carefully crafted lie she is removing me from all the friend groups that i have been able to open up to.one second she will be happy im being a second parent and leading my sisters then shell snap and tell me to stop undermining her authority she is trying to make my sisters hate me by telling them im reading smut when it was a short romance scene similar to harry potter romances, i don't know what to do any advice is welcome",True,"""i started self-harming at age 9""
""i have self destructive behaviours and have started self harming again""
""my coping strategies and cries for help are labeled as manipulation""
""i have depression anxiety, ptsd probably cptsd"""
60,"I have been battling depression since I was 13, I am over 35 now and my new part-time job or any other job is killing me with how low the pay is. At first it was ok, I had an inheritance and could work only 25 hours and still save money and enjoy life...but now things are so expensive, rent is being increases each year... I am barely holding on. I bought 3 pints of ice cream because, I am so close to ending things now on my side because I am too tired with all the xmas retail crap going on to do anything fun, and with only part-time hours and an inheritance, i still can't save money for things I used to enjoy... I'm hoping I can at least get something or one last advice to make me change my mind honestly because I know my partner always says he'll support me, but I can't have that happen, I am not going to drain his savings just because I can't support myself.",True,"""I am so close to ending things now on my side""
""I am barely holding on.""
""I'm hoping I can at least get something or one last advice to make me change my mind honestly"""
61,"havent been here for a few years because i have been on top of or atleast keeping my brain in the closet for control. last few weeks have been realy shit after a bad accident and a loss of a long term lover . i am now struggling with thoughts of suicide. i have lost controll. i hate that. anyhow , i come her to vent and hopfully connect",True,"""i am now struggling with thoughts of suicide.""
""i have lost controll.""
""last few weeks have been realy shit after a bad accident and a loss of a long term lover"""
62,"So, I have become another sad and broken middle aged man. Typical childhood dramas left my self esteem in tatters and void of healthy boundaries. Bounced into a long term relationship that I maintained as best I could.. 20 years.. four beautiful children. I kept myself relatively healthy until things fell apart slowly.. She broke it off. I felt like an expired conveniece item. Discarded. I am a people pleaser and hung on as best I could until too mich venom let me let go and give away most of my house, car and custody. I was a mess.I didn't have the guts to end it. Or heart to do that to my kids. Who all adore me. Homeless for a couple years.. lived with family.. including my abusive mother who has some form of brain damage and can be terribly judgemental and threw alot of salt in my wounds. I met a new partner and became sweet friends. Both disfunctional. But we agreed to take care of eachother. When living arangements failed we drove interstate twice and evenyually got a rental house and I have a job and we are coping. My lack of boudaries leads me to being abused.She hates that I had kids. Days pretty hurtful things.. usually just as a retaliation for my jealousy and insecure fears. I am sick of my excuses and woe as me attitude.Keep just wanting to get sick and die without the guilt of suicide.. It haunts me everyday. I have had so much to be grateful for but I have made bad choices again. Puy myself second to my partner and feel trapped. Isolated from whatever friends and family I had.. and no longer hear from my kids.What should I do? Hard answers are fine.I really messed up my life*",True,"""I didn't have the guts to end it.""
""Keep just wanting to get sick and die without the guilt of suicide..""
""It haunts me everyday."""
63,"Hi. This is my first time here. I’m in my mid fifties, unemployed woman. I’ve been thinking about my future and I can’t see it going forward. My biggest concern is loneliness, compounded by unsuccessful job hunting , financial stress and alcohol abuse. I live alone with my 2 dogs in a regional town where I don’t know anyone. I can go for days, weeks without any human contact. Worst of all, I have no idea how to link into mental health services without having to pay for a psychiatrist in my area. I’m desperate to get help with depression, anxiety, and what I would call “unusual thoughts and disturbances”.I just feel completely lost, and I often wonder if ending my life would be the kindest solution. I don’t have any friends or family to help me.Any ideas of where I can start?",True,"""I often wonder if ending my life would be the kindest solution.""
""I just feel completely lost""
""I can go for days, weeks without any human contact.""
""I’m desperate to get help with depression, anxiety"""
64,"No one caresAlways left on readAlways second choicealways person who is left outalways the one who comforts others when no one canalways the therapist friendalways the “happy friend”always the person who will send a big apology message and waste an hour of my timealways the person who cares too muchalways the person who cares not enoughalways the person behind when walkingalways the one getting scoldedalways the worst onealways bad at dancingalways rebels because she is sadalways the person who doesnt seek help because she “doesn’t” need it.always the person afraid to cry in front of othersalways the last optionalways usedalways uselessalways the extra personalways the third wheeleralways the one who is isolatedalways the one who talks to ai just to feel like a personalways the person to hurt herselfalways the person to put others after heralways the person to bottle up her feelingsalways the person to make them my priorityalways the person that is oversensitivealways the person being “rude”always being the one to take a photoalways being the one left out when in pairsalways the one hiding her personalityalways being the person who has your back when you don’t have mine.always the person who would die for you.always the personto feelnumb.always the person to fake her smilealways the person to fake her joyalways the person to feel hopelessalways the failurealways the unwanted onealways the thrown out markeralways the odd onealways being the one made fun ofalways being the victimalways being in the middle of rumoursalways being in the middle of dramaalways the one blamedalways the one accusedalways the “dishonest one”always the one to try insert herself to fit inalways the one to see their group dancesalways the one who stands by, waiting for at least one conversationalways the one waiting for your textalways the one texting firstalwaysthesparefriend.ALWAYS. mind you im also 11..",True,"""always the person to hurt herself""
""always the person to feel hopeless""
""always the person to feel numb""
""always the one who is isolated""
""always the unwanted one"""
65,"I made a huge mistake. I attempted to take my life 3 days ago, and have never regretted anything more than this. I wasn’t even that down when it happened, I drank too much and made the dumbest decision I’ve ever made. I’ve worried everyone in my family and I have no idea how I’m supposed to get back to living my life as it was before. I just want to pretend that it all never happened, but I feel like I’ve crossed a line that changes the trajectory of my life. Im so anxious about this and I just really don’t know what to do to feel better. I do know that I never want to do this again, and I do want to live.",True,"""I attempted to take my life 3 days ago""
""I have never regretted anything more than this""
""I just really don’t know what to do to feel better."""
66,"Can’t cope. I’ve hit rock bottom before but not this bad. My head hurts, I’m tired, I’m sad, I think of my mum up above thinking I want to be with her so I don’t feel anymore pain.",True,"""I can’t cope.""
""I’ve hit rock bottom before but not this bad.""
""I want to be with her so I don’t feel anymore pain."""
67,ever since i lost my grandma about 2 months ago I've been a lot more depressed i haven't been myself ive tried distracting myself but nothing has worked and I'm wanting some sort of guidance on my life because everything is starting to get to much,False,"""everything is starting to get to much""
""I've been a lot more depressed i haven't been myself"""
68,"I'm almost 19 years old (F) and I have been living with GAD and MDD for a lot of my life. Last year I was diagnosed with OCD and it has gotten unbearable and I just don't know how I will live anymore. It's like living in a constant state of torture and I don't think anyone around me understand how suicidal it makes meI cycle through OCD thoughts/themes so once I work through one worry another one begins almost instantly. I'm on antipsychotics because of how bad it gets sometimes. One of my worst themes is health OCD. I remember a few months ago I truly thought I had cancer and was in extreme fear that I was going to die soon to the point I was living my life like I only had a month left (making impulsive decisions, not caring about how much money I spent). Right now I'm in one of the most painful spirals I have ever been in and it's about teeth and gum disease. Despite going to the dentist regularly I can't stop my compulsions of comparing my gums with pictures of healthy gums, taking photos to assess gum recession and posting on reddit and other sites for reassurance. I'm in so much pain. I keep having nightmares about my teeth falling out, I often get headaches and feel light-headed from anxiety episodes and I feel as though my life is coming to an end. I don't want to lose my teeth before I turn 30. The medication is not working anymore and I just want to end it all. I don't want this to be my life forever, being in a constant state of inflammation and exhaustion from my severe OCD and anxiety. I keep trying to hold onto hope but it's so hard",True,"""I don't think anyone around me understand how suicidal it makes me""
""I just don't know how I will live anymore.""
""I just want to end it all.""
""I'm in one of the most painful spirals I have ever been in"""
69,my ex friend is taking me to court for things i didn't do and i feel like killing myself what do I do,True,"""i feel like killing myself"""
70,"Hi everyone, I'm in my 50s, depressed and have been all of my life, unemployed, no money, hate my life, hate where I live, chronic illnesses.Have wife and 3 small kids.Why shouldn't I just unalive myself? Yes it's selfish but why can't I be selfish just once?",True,"""Why shouldn't I just unalive myself?""
""hate my life""
""depressed and have been all of my life"""
71,"No matter how much I pray and affirm myself that my day will be better today and that I need to keep pushing, one thing happens after another. I walk into school and feel like throwing up, my friends keep blaming themselves whenever I can't bring myself to be around them so I feel too guilty to sit away from them, so I force myself to be around people when I can't. Even if I explain it, they don't listen, so I don't bother anymore.I can't do my schoolwork, I fall behind. I sit in class and stare at my book until it's over, I don't want to be there, I overanalyze if I breathe too loud, I don't want to be noticed.I don't know how to process my emotions, between being way too happy or feeling nothing at all, leads to my self destructive behavior which I wish would just stop already, I hate being this way, but when everything gets overwhelming and I feel like I'm being shoved out of my own reality, I want to do anything to stop the feeling of too much and feel little constantly.I want to disappear, I can't bring myself to care about being selfish these days, no one really enjoys being around me either way, I am just convenient to talk to and make people laugh, I am easily replicable.Saying 'I want to die', is easy but I really do not want to, the idea of that is horrifying, but I can't stop my intrusive thoughts. I want to battle this because I know within me that there's hope and eventually I will find peace in my life, but right now, all I can do is spiral endlessly.",True,"""I want to disappear""
""Saying 'I want to die', is easy""
""I can't stop my intrusive thoughts.""
""leads to my self destructive behavior"""
72,"Hi everyone, I'm a bit nervous about leaving this comment as I've never really spoken to anyone about this. I don't even understand entirely how I feel and so if I can't understand it, how am I supposed to be able to explain it? I feel like I just want to disappear. Cease to exist. I don't particularly want to kill myself (in all honesty I think I'm too scared to) but I don't want to be here anymore. But all I think about is death. Dying. However it may happen as long it happens to me. Finally being at peace. I feel worthless and helpless. I have no passions or desires. I'm just constantly scared I guess... and empty at the same time if that makes sense. I feel like I don't belong here and I don't think I really want to. I hate compliments and people telling me I deserve to be here because I'm such a wonderful person with a bright future and so much potential. But they don't really know me. Not like I know myself (and I don't even really know myself. But what I do know, I hate). Truth is I just don't want to be here. I love my family and friends and I am so grateful to have them in my life. They make me happy. But they're just a distraction because when I'm truly alone, I realise just how unhappy I actually am and it scares me. They think I'm ok. Maybe it's because I act ok around them. Whenever someone says what they like about me it's always to do with how contagious my smile/laugh is, my bubbly personality etc etc etc. But I'm miserable on the inside. Always. If they knew what went on in my head... it'd be the shock of the century to them. I'm probably typing all of this in the wrong forum and I'm sorry for wasting everyone's time I just really needed to get this off my chest. So yeh, thank you to anyone who read this... if anyone read this",True,"""I just want to disappear. Cease to exist.""
""I don't want to be here anymore.""
""all I think about is death. Dying.""
""Finally being at peace."""
73,"i recently read a book called 'no longer human', and unsurprisingly, i found the character very relatable -- excluding the misogyny and some political beliefs. i went to some kind of mental health professional(s) multiple times, school counsellors and an external psychologist. i really hoped they'd find something wrong with me (ironically) but i was always marked off as simply having a 'phase'. they didn't phrase it like that, however, that's exactly what it sounded like.so if i'm not mentally ill, am i normal? it certainly doesn't seem like it's 'normal' to go against the typical nature of a living being and begin self-destructing for no particular reason. no, i don't harm myself, i'm scared of pain. but living is a hellish cruel pain. ""disqualified as a human being"" is a quote from 'no longer human', and it perfectly describes how i feel. i feel as if society has some secret inner joke that everyone but me was born with the knowledge of. acceptable behavior, code of conduct, social etiquette, MORALS. it really feels like i've failed to even fulfill the basics of living. it's less ""i want to die"" and more ""living is absolutely not for me"" i have a lot more to talk about, but that doesn't belong here. i apologize if this doesn't sound much about suicide.",False,"""living is a hellish cruel pain.""
""it's less 'i want to die' and more 'living is absolutely not for me'"""
74,I can see and hear people I’m suicidal but do I tell anyone no. I want to feel safe in my own head but will that happen not really don’t want to open up. It’s scary but yk it’s ok I’ll always put myself and mh last I first need people around me to be okay first and I’m trying that but not rlly working,True,"""I’m suicidal""
""I want to feel safe in my own head but will that happen not really""
""don’t want to open up. It’s scary"""
75,"I have recently been feeling really deep, sad and suicidal thoughts. Thoughts, I had never experienced before. I feel like I have managed to feel more like myself after a week of crying however I feel like my tolerance for nonsense has lessened. Not in a negative way so much but I miss being nonchalant and focused on the positive. I feel like I have been traumatised by my thoughts. I am safe today and have wonderful support. Just wondering if anyone else has experienced something similar? With love Thank you",True,"""I have recently been feeling really deep, sad and suicidal thoughts.""
""Thoughts, I had never experienced before.""
""I feel like I have been traumatised by my thoughts."""
76,"I am losing the battle to my mental health in silence. Today I was at the back of the bus feeling so, so incredibly empty, my depression drowning me. Tears poured down my face in silence as I begged one of the strangers in front of me to turn back and ask if I was okay. I am part of the mental health crisis. No one in my life cares. Not my family. I don't have any friends. I am all alone. Truly. No one ever checks up on me. I am just another random saved contact on people's phones. I don't matter to anyone. I just want to go to Europe, lay in a field of flowers, and never wake up. I want to disappear. The pain to stop. Ive never truly been ok. I cry almost everyday. Ive struggled with major depression and anxiety since 13 years old. My existence is just carrying this mental illness, suffering, and trying to make it through not even the next day, or hour, but next minute. Ive not been happy for a very long time. I have not felt myself for a very long time. I dont even know what the aforementioned means - feeling like yourself. The moment you're born you're expected to want to live. To want to have goals. To want to make yourself something in this world. What about the outliers? What about those who naturally don't? What about those like me who truly wish on a star they were never born in the first place? I sadly had no choice in my existence and here I am to carry the burden of myself. I understand and do not blame people who end their lives honestly. I blame and chastise society and those who never check up on them then when they hear the news say hypocritically, ""Oh if only they had reached out to me I would have stopped what I was doing to help them."" Well here I am writing this. Never written on a forum. I cant deal with this anymore. I cant do this. I am slipping away each second. These are my honest thoughts.",True,"""I just want to go to Europe, lay in a field of flowers, and never wake up.""
""I want to disappear.""
""I truly wish on a star they were never born in the first place?""
""I cant deal with this anymore. I cant do this.""
""I am slipping away each second."""
77,"Trigger warning** Wasn't really expecting much. Just so unsure about whats real and what isnt. I am 40 and have been diagnosed with adhd early 30's and bpd a few years ago after my son was born. Now its looking more like cptsd and autism is going to be a diagnosis. I dont have a psychiatrist atm as bpd scares them all off, I I have my first appointment with a new one soon with the same place I see my psychologist weekly. Where I struggle is. Ever since my son was born, my wife and her family put me down about anything I did. It took 6 months before I reached out for help thinking I was going insane. And then the cmht told the police I hated my son and I got an avo taken out against me. It was later dropped in court. But ever since then. My family, her family have done everything humanely possible to make me look like I am a problem and its my mental health etc. I have done dbt & cbt. I have a psychiatric assistance dog. I was taking my meds as prescribed. And yeah I did self harm and hurt myself intentionally alot. I have been in icu once and er multiple times. A psych ward doesn't help me and do get extremely distressed in there. I got told that sui is manipulative adter I woke up on life support by a cmht manager cause I complained about their actions forced me to take that action on myself. I got read the story of the boy who cries wolf from cmht. Told if I didnt drink monster that I wouldnt experience what i called abuse. My mum made herself my next of kin, they proceeded to tell her I wasnt trying. Thing is. I done my best. I havent seen my son since jan. I dont get to say anything or see him. I am scared of her, so I shut up. My parents finance everything for her. I feel worthless. He is 4, I have gone at least twice not seeing him for 6+ months cause I am scared she will do anything to ensure I kill myself. I look back and check the facts and I really never did anything wrong, I tried to be a good dad and make good decisions. I was just told I was wrong and would get isolated for saying anything. It continues now. I get labelled as crazy and they get to keep up this silent treatment. Ignore anything I say. And according to the law they are doing everything ok. I found myself once again on the sanctioned site learning where I went wrong all these past attempts. I dont wanna fk it up, I dont wanna die. But saying I have to live for my son I don't see. whilst being gaslit by everyone and watching them get validated for hurting me. I dont know where to turn",True,"""I have been in icu once and er multiple times.""
""I did self harm and hurt myself intentionally alot.""
""I found myself once again on the sanctioned site learning where I went wrong all these past attempts.""
""I dont wanna fk it up, I dont wanna die."""
78,im 14 and ive been dealing with a lot of suicidal thoughts. i didnt grow up with great parents and even the people who are taking care of my right now arent that helpful i get bullied at school for and sometimes i jsut wanna end it all i once attempted suicide my mother put me up on social media as a missing person and my whole school saw and i had like 8 meltdowns but no one cared and everyone made fun of me. it got so bad that i ended up in hospital 2x and even after that the bullying got worse and atp i dont even know what to do bc right now my whole life is messed up and im so tired and absolutely no one understands me and sometimes i self harm to relieve my stress but absolutely nothing helps at all the things is i escaped one thing which was trauma from my parents bc they abused me but now i have more problems to deal with idk how to cope with it .,True,"""ive been dealing with a lot of suicidal thoughts.""
""sometimes i jsut wanna end it all""
""i once attempted suicide""
""i ended up in hospital 2x""
""sometimes i self harm to relieve my stress"""
79,"I have no hope for my future, last year I was doing so well in school. When I got to VCE the pressure got into my head so bad I got diagnosed with severe anxiety which led to a bad reaction to medication suicidal ideation and an admission. I have no hope anymore I can’t even brush my hair or teeth I sleep all day. It’s like I’m already not even alive I’ve ruined my life I had everything last year friends, school, and I was playing my favourite sport. It’s all gone I ruined it all everything, I was supposed to be the smart one the one in my family who actually graduates I’ve let everyone down. What’s the point of even being alive anymore I don’t even feel real.",True,"""I have no hope for my future""
""suicidal ideation and an admission""
""What’s the point of even being alive anymore""
""It’s like I’m already not even alive"""
80,"Nearly a year ago I posted to this forum because I was having trouble with self harm. I followed the advice of some kind commenters though I was too nervous to speak to them individually or reply. I am grateful to all three of them. I sought out confidential counselling but I found it didn't do much for me. I might just have found the wrong person to speak to but she couldn't tell me or teach me anything I didn't already know and was very persistent that I involve my mother. Eventually I did. Unfortunately it went exactly how I feared it would, she banned me from going to further counselling or speaking to my doctor about mental health issues and accompanies me everywhere except for school, where I am writing this from. I feel worse than ever. I can't talk to anyone and I'm scared. What do I do? Every day becomes harder to wake up. When I walk to school (she works mornings) I pass many roads and I keep wanting to hurt myself. My mother is going to start me doing driving lessons soon (she won't teach me) and I'm scared what I'll do when I have control of a vehicle. I do not want to hurt myself anymore.",True,"""I keep wanting to hurt myself.""
""I'm scared what I'll do when I have control of a vehicle.""
""Every day becomes harder to wake up.""
""I feel worse than ever."
81,School has been very hard lately and it feels like I can't do anything right. My friends have all abandoned me so I'm o my own. I live in a brand new town so I barely know the school. I stick my head into my online friends and they help me pull through but I don't know how much longer I can take. The only reason I'm living is because in a few weeks I'm getting new pets and my online friends. It's all I have left. But I've started having the scary thoughts of killing myself and harming. I am just so lost..,True,"""I've started having the scary thoughts of killing myself and harming.""
""I don't know how much longer I can take.""
""The only reason I'm living is because"""
82,"I am safe, and I have no plan or intent to die.I am selectively mute, autistic, obsessive-compulsive, and I’ve had suicidal thoughts for the past ~3 months.Burnout has ruined my life. I used to be so bright, and I don’t know where I went wrong. Nothing brings me joy anymore. I’m going to a concert of one of my favourite artists tonight, and I’m not even a little excited about it. Everything has simply gotten too difficult for me to hard for me to manage, and I absolutely disgust myself with how little I actually do in a day. My mum thinks I’m lazy, “wasting my life”, and I need to “put in effort” to “change my symptoms”. We have been clashing way too much recently.It’s getting to a point where I think she would have been better off if she never had me.I don’t think she was prepared for what a load having a neurodivergent and mentally ill child would be as a neurotypical parent, and I don’t think we’re able to meet each other's social, emotional, and mental needs.Outside of that, I don’t see myself having a place in the world. I can only imagine myself either homeless, lonely and unsatisfied, or dead.No remedies have been able to fix me. I started taking antidepressants again, and no improvement. I started going to therapy again, doing all of these exercises, and I feel like my emotional regulation has actually declined.I can’t feel anything without an underlying urge to harm myself. I’ve tried sleeping earlier, working out more, eating healthier, nothing has relieved the amount of stress I feel on a daily basis. My mind is unbearably overactive.I hate these thoughts, and I really do want to change. They bring me extreme shame, but I have yet to find anything that could help me overcome them, and i’ve lost so much hope.If there is anyone who has been in a similar spot, what kept you going? What makes life worth it for you? Did it ever get better?Anyone with any knowledge on these topics, what else can I do to help myself?Thank you so much for reading.",True,"""I’ve had suicidal thoughts for the past ~3 months.""
""I can’t feel anything without an underlying urge to harm myself.""
""I can only imagine myself either homeless, lonely and unsatisfied, or dead.""
""i’ve lost so much hope."""
83,"As the title suggests, I’m looking for a way to describe my current … state? or hoping someone else has a similar experience. FYI I am currently in year 12, and yes I am safe Since I was in about year 5 or 6, I think I hated living. Not necessarily suicidal ideation (though there were many instances of it), but I was very pessimistic about life and thought everything sucked, so even if I felt happiness (emotion) I don’t think I was truly happy with life. But around the start of this year, I stumbled upon things that had really resonated with me, and something had shifted within me. For the first time I felt like I really wanted to live, and that life was beautiful. Even when I experienced setbacks, I still had the strong feeling of wanting to live, and that I was capable of things even though I was struggling. Essentially, even though I had times where I didn’t feel happiness (the emotion), I felt like my state of being was happy (?) And I was still the same pessimistic person, but I felt like some kind of miasma (as strange as that sounds) was lifted from me. That was basically how I felt for a good many months, until maybe a month or some time ago I ended up discussing with a teacher about mental health support, and I won’t go into details, but mid conversation I was struck with an immense wave of depression/hopelessness/disillusionment that no one would ever help me and that I would never deserve help… and essentially ever since then it feels like that “state” of happiness has disappeared and I returned to my longstanding state of…some kind of hopelessness. It feels like I’m back to square one. Though I also think I’m a bit more resilient to suicidal ideation so maybe square one point five. So I want to know if theres a way to encapsulate what this experience is. Or if anyone has experienced a similar thing before?",False,"""I hated living.""
""there were many instances of it""
""an immense wave of depression/hopelessness""
""returned to my longstanding state of…some kind of hopelessness"""
84,"i’m 12 & recently i’ve been getting urges to self harm. it happens almost every other day & i can’t stop thinking about it. ive held it once but never got the guts to fully attempt it. i dont know what to do ,, the urges are getting stronger & im becoming weaker i need advice to stop",True,"""i’ve been getting urges to self harm.""
""it happens almost every other day & i can’t stop thinking about it.""
""the urges are getting stronger & im becoming weaker""
""i need advice to stop"""
85,"I am safe right now, and I mostly have been for a few years now. But I am still convinced that my life is only headed one way, that it's inevitable something, someday soon, will finally push me over the edge. I know I haven't got the guts to do it 99.9% of the time. I know people love me, I know people will be devastated. Years ago there were several inpatient stays, I had TMS and ECT done. I've tried many medications and many therapists. Written more notes than I can count. Several years of addiction. But the suicidal thoughts never went away, and I don't remember life without themI'm 30 now, lived far longer than I ever expected. People around me think it's behind me and I'm doing better. I spent time living overseas, I see friends in person more regularly, I go to the gym, I talk to a therapist every week and I don't isolate in my room anymore. I can get through days easier, I credit a lot of that to DBT. But there is no real enjoyment from everyday life. It's all a necessary chore, stuff I should be doing so people don't worry about me. I'm doing a tafe course, I can't talk to people or make friends there and I've just about given up on it. Relationships and conversations are as hard and draining as ever. I still get out and try things, by myself, but I lose interest quickly. It's a chore to contact friends, and it just feels like a duty to go and see them when they contact me. I haven't had a problem with addiction for a couple years now, I lost interest in that too.Every night lying in bed I'm stuck with the noise in my head, keeping me up all night sometimes. I can't pretend to myself like I can to other people. I had people I could talk to in these situations over the years, but I managed to drive each and every one of them away. I cling on to the hope that one of these days, before too long, will finally be my last. Thank you",True,"""the suicidal thoughts never went away""
""I don't remember life without them""
""I am still convinced that my life is only headed one way""
""I cling on to the hope that one of these days, before too long, will finally be my last."""
86,I’m so lonely I have a husband and children but feel so lonelyit really is too hard and no one would miss me I’m sure,False,"""it really is too hard""
""no one would miss me I’m sure"""
87,"The only reason I'm still alive is because ending it all is so much effort, and I'm scared I'll survive. I'm a teenage girl (under 18), and I'm in year 2 of my biomedical degree. I have autism, and lately basic things have been stressing me needlessly, on top of all the other issues in my life. I am having needless trouble with my assessments because the formatting/wording makes no sense to me (I struggle a lot with digital quizzes) and I haven't been able to get those switched to written assignments. I let my work pile up because I haven't been mentally or physically well for a while. I constantly study overnight, which has taken a toll on me physically. I live alone so it's all my own problem. My parents are going through a messy divorce and I also come from a low socioeconomic background, I really don't have much. Their marital issues are not my problem, I keep telling myself that. I know I should just be happy with what I have, I'm very fortunate to have my place in my course and my current research position too. But I just can't seem to be. People think everything I have is just because I'm lucky. That stings. Lucky to have what? A broken home? A dozen health issues? I feel like I don't deserve anything, as a result. I'm a social outcast, all I really have is my academic skills and my grades- I put my entire sense of self worth on my ability to perform academically. I am somehow losing the joy and the passion I found in research too- I'm scared, I'm really scared. It feels like I'm losing a major part of me. But if there is another life, I really hope I can find happiness in knowledge again. It feels like I've lost the one thing making me happy- The one thing making living feel worth it. Every little mistake I make feels like I'm grating my soul. It feels like in the last decade and a half of my life, I've achieved nothing. I can't be proud of myself. To my parents, I am just the family embarassment. My parents still don't treat my studies or my research seriously, they still don't think I have any real responsibilities. I'm lonely, I feel worthless, I feel like nothing I do will ever be enough. I don't even have an answer as to who I am or what I like, I have no real sense of self. I like knowledge because it fills the void in my heart. Living to sate my curiosity doesn't feel worth it anymore. Yet, somehow I need to keep up this image of a good student. It feels like every day I am acting. This is exhausting. Make it stop. Help me.",True,"""The only reason I'm still alive is because ending it all is so much effort""
""I'm scared I'll survive.""
""It feels like I've lost the one thing making living feel worth it.""
""Make it stop. Help me."""
88,"For lots of reasons I don't want to be alive. I basically feel like the abortion that should have happened. The problem for me is that I have 2 adult children and 3furbabies that mean killing myself is not an option. I was a teenage mother who spent my 20s and some of my 30s counting down the days until my youngest turned 20 and I could end my life. I would research and consider different ways. Anyway, when I was in my late 30s I met someone whose Mum committed suicide when they were 30 and it completely destroyed them. It was in that moment I realised, I was stuck having to live. This means that everyone sighs in relief because of my protective factors in safety planning- but it does nothing to resolve this pain and stickiness I feel because I want to end my life but can't because of the love I have for my children. The need to torture myself through life then ruin the chances for my kids. I would love to know if anyone has ever felt like this? I would just love to not feel so alone whilst I persevere in having to wake up every morning, and create some hope for life being worth living.",True,"""For lots of reasons I don't want to be alive.""
""I could end my life.""
""I would research and consider different ways.""
""I want to end my life but can't because of the love I have for my children."""
89,hello everyone and my name is Jorja and i suffer from really bad bullying and it been like that seen day one of year1 it hadn't stop not even when i report it. it never stop and i allows ignore it but high school make it harder.,False,"""i suffer from really bad bullying""
""it never stop""
""high school make it harder"""
90,"I don’t want to be here anymore. I’m tired of being tired and I’m tired of having to multitask between the loudness of my head, my anxiety, being in pain all the time from SH working a full time job that I get bullied at but shoe no emotion. I’m just tired and I can’t go on like this. Knowing my shit is incurable makes it worse bc what’s the point then if it’s never going to get better. My behaviours are getting out of hand and I can’t stop them but professionals say otherwise. My episodes are more frequent and my impulsivity it’s too much and detrimental. I can’t anymore. I just can’t.",True,"""I don’t want to be here anymore.""
""I can’t go on like this.""
""I’m in pain all the time from SH""
""I can’t anymore. I just can’t."""
91,"I am safe and currently not at risk. I'm 38, married and have a 2 year old son. Since I was 12 I've had depression. There's been periods it's been severe and overwhelming and there's been others where it's in the background. But at all times it's been there. It seems recently it's taken full control of my thoughts and actions. The last few weeks I've been on autopilot just to get through the days. It's starting the effect my job and family and people are starting to notice. I'm finding it difficult to engage in social events without becoming noticeably melancholy and detached. Last night I came to closest I've been in over 10 years. I got right up to the line but backed out. I didn't feel anything during the preparation. At the last second I felt fear and shame, that stopped me. Afterwards I felt a mild sense of euphoria and dissociation. I don't know how I'm going to move forward without my depression negatively effecting (or ruining) my work and social life. I'm worried if it keeps going like this I'll step over the line and ruin my family. I don't have active thoughts of self harm nor do I have a plan. But I am having a dark episode.",True,"""Last night I came to closest I've been in over 10 years.""
""I got right up to the line but backed out.""
""I didn't feel anything during the preparation.""
""I'm worried if it keeps going like this I'll step over the line"""
92,"I am overwhelmed and drowning I have tried reaching out but I can’t even pay people to help me and my “friends” who are actually acquaintances just berate me. Let me be clear; I am NOT suicidal BUT I wish I was, I am exhausted and I am DONE! Life keeps on kicking me (don’t tell me other people are worse off because I don’t care) I’m tired of having to restart- I followed ALL THE RULES! Why am I being punished for being wrong? Being born wasn’t my fault I KNOW I’m not supposed to be here",True,"""I am NOT suicidal BUT I wish I was""
""I am DONE!""
""I KNOW I’m not supposed to be here""
""I am overwhelmed and drowning"""
93,"Hi all.I'm a teenage girl with a sister not very far apart in age from me. Between the last 2/3 years I've really been struggling with my mental health. I saw a therapist for a while who immediately told my parents that I had depression after our first few sessions. I know this because she told me and asked what I'd like to do in terms of the future with this. She offered anti-depressants and I told her that if these would help, I'd like to go on them, however, my parents strongly opposed and refused to talk to me about it. All I know is that my Mum doesn't believe in medication and my Dad completely doesn't really believe in mental health. He definitely has his own issues which he refuses to see a therapist for. However, around halfway through last year my sister began struggling with her mental health. I could see all the signs which I saw happening to myself and I really tried to help her. She was irritable all the time and cared a lot less about life. I found sh tools in her room which I threw out without telling her I found. (I was also and still do sh) When my parents found out about her struggling with her mental health, they promptly took her to a therapist who gave her medication. After this I was finding myself really irritated by this situation because when I was going through the same thing, they didn't intervene and I suffered in silence. I was better for a few months where I was clean from sh. Then my sister started struggling and it reminded me how my mental health was neglected. Then I fell back into the pit with no guidance. I can tell that my Dad at least favors my sister over me because she's always been sportier and more aligned to his interests. Whenever I talk to my Dad, it always turns into a lecture of some sort. We went on a holiday for a month and my mental health took a steep decline. I was constantly arguing with my family for things my sister would do which I'd get blamed for. There was point where I was really struggling and critiqued constantly by my family for being lazy. I'm just so angry about this situation. I feel so neglected and as though my family doesn't care about me or love me as much as my sister. Does anyone have any guidance?",True,"""I was also and still do sh""
""I fell back into the pit with no guidance""
""my mental health took a steep decline"""
94,"My friends say I'm depressed and I try to deny it, but I'm starting to think they're right, because I think down on myself and have thought about ending it before. They said I should get help, but I don't want my parents to know about this, can somebody please help?",True,"""have thought about ending it before.""
""I think down on myself""
""can somebody please help?"""
95,"During my time in highschool, I've always thought everything would go well. But of course it won't always go well. This year, I've been attending my classes and tried my hardest to study. Until, lightning just kept striking me every single day. My class isn't exactly the brightest... I've been experiencing situations which causes me to have low self-esteem, depression, lack of self-confidence, and refusing to do specific activities. That's what helplessness feels like, and it's caused by my classmates. Yes, of course I have reached for support to change classes. I've talked to 2 Dean Of Students/Assistant, emailed the principal, talked to my friends to support me, and my TG (tutor group/homeroom) teachers. However, none of them could help.. or were prioritising someone else. I've been crying more than usual at home and school and not wanting to go to my friends due to the fact I didn't want to seem attention-seeking. I thought of coping methods such as self-harm. Though, how is it even gonna solve my problems... No one's there to help anymore and I can only rely on nothing but share my thoughts here. I lack so much motivation for learning due to my classmates being real jerks. My ears would burst just listening to EVERY ONE OF THEIR VOICES because of how disruptive they are. Not to mention they manipulate the teachers and try to ""get along"" and ""bond"" with the teachers to get their soft side. Honestly, I can't even learn at this school anymore. My school doesn't permit racism, yet it does at the same time!? I hate this, why do I meet harder paths unintentionally? Nothing's fair.. nothing's justified... nothing can help me fix all these problems. No one helps me. I don't think anyone I know is willing to... why am I living this unjustified life? I've failed to get a grip, failed to become better... That was my goal too... I've even failed my goal, failed to learn easier, failed to stand up for myself, failed to get help...",True,"""I've been experiencing situations which causes me to have low self-esteem, depression""
""I've been crying more than usual""
""I thought of coping methods such as self-harm.""
""nothing can help me fix all these problems"""
96,"I grew up with the end goal of never living past 27, and now I am almost 31 and that scares me. I never made plans, never anticipated living this long. I moved from one country to another in hopes I could find a drive, make a plan, find a life, but it’s been a lonely existence here. Making friends - genuine friends - is hard in another country. My sense of humour is dark, my many different jobs have also been dark, and I find myself more alone than I’ve ever been. I find it hard to connect with people when the things I have seen makes me not want to waste time on superficial conversation. I just wish I could make a deep and meaningful connection. I wish I could just put the rose-tinted glasses back on and pretend that my life isn’t mundane, or for nothing. I wake up, I go to work where I sit on my own for eight hours a day, I go home and sleep - repeat. I try to get past my fear of people by going to local events, but frankly I’m so scared. People leave, and I stay where I am. I feel I am just existing. I have nothing to show for my life. No career goals, debt, friends that are in another country with their own lives to lead, people who left when they garnered something better. I am alone, utterly alone. I wasn’t meant to live this long, the constant reminder on my brain as I get closer and closer to my birthday, another year wasted. What do I do here? I am in a foreign country and I can’t keep doing this. I need help, direction - something, anything. Please.",False,"""I wasn’t meant to live this long""
""I feel I am just existing.""
""I am alone, utterly alone.""
""I need help, direction - something, anything. Please."""
97,"Trapped in the feelings of wanting to die im ready. But something stopping me at the same time. What is this, it's torture. How do I get help when it's a 6 week wait to see my gp",True,"""wanting to die im ready.""
""something stopping me at the same time""
""it's torture."""
98,"I'm not sure why I'm writing this. Like everything else in my life, it seems pointless. I'm posting my nonsense on a random website so that complete strangers will acknowledge and empathise with me. Nobody close to me has. Not that I've really opened up about it. How the hell do you do that? I've pretty much decided that I've had enough of my life and it's time to leave it. I imagine those close to me being a little shocked and maybe saddened but not completely surprised that I ended my life, then carrying on like nothing happened. In time I'll be a distant memory, like an old injury. I feel tired, heavy like a burden, a waste of space, useless. Seriously, what's the point in drifting through days and nights filled with conflict, misery and feelings of hopelessness? If I went away, those around me would be free to enjoy their lives without the darkness that I bring. This is from my favourite song: ""As my anger shouts at my own self-doubt, so a sadness creeps into my dreams. When you're scared of living but afraid to die, I get scared of giving and I must find the faith to beat it."" But I can't...",True,"""I've pretty much decided that I've had enough of my life and it's time to leave it.""
""that I ended my life""
""I feel tired, heavy like a burden, a waste of space, useless.""
""what's the point in drifting through days and nights filled with conflict, misery and feelings of hopelessness?"""
99,"Hi I'm not really sure what to get from this post as both myself and my mother have no real options. I currently live alone and bought my new house which I should be excited for in late December last year. But I haven't had 1 day of actually happiness in 6 months due to health complications which keep seeming to go on and on with no answers. I had major surgery called SOD. Since a week after recovering I developed massive stomach cramps which have continued since then. I've only had 1 week of relief from this. I've had multiple ""diagnosis"" such as fecal impaction, reaction to a 5 year drug, IBS and Pelvic Floor Dysfunction. However nothing has been worked and It's getting to much. Im struggling to work or enjoy life, even living on my own im noticing ""I've just had enough"". (I've been wearing the same cloths for over a week). I have one last hope this week with a blood test for SIBO. But if that all comes back clean. This is just too much. This cramp and me constantly feeling fatigued is to much. I honestly don't think I Should be driving I'm that fatigued sometimes. What options do I honestly have anymore?",False,"""I've just had enough""
""It's getting to much""
""What options do I honestly have anymore?"""
100,I am so tired of fighting to stay alive. All I want is peace and rest.,True,"""I am so tired of fighting to stay alive.""
""All I want is peace and rest."""
